episode_id,test_start,test_end,scenario,factor_a,factor_b,state_a,state_b,observations,dominant_outcome,dominant_probability_pct,baseline_probability_pct,probability_uplift_pct,mean_return_5d,median_return_5d,down_pct,flat_pct,up_pct
1,2025-12-03,2025-12-31,CHOPPY,change_pct,intelligence_score,LOW,LOW,23,DOWN,52.17391304347826,41.07744107744108,11.09647196603718,-0.2638565217391305,-0.6061,52.17391304347826,13.043478260869565,34.78260869565217
1,2025-12-03,2025-12-31,CHOPPY,change_pct,intelligence_score,HIGH,LOW,65,UP,47.69230769230769,43.09764309764309,4.594664594664599,0.3816338461538462,0.3503,38.46153846153847,13.846153846153847,47.69230769230769
1,2025-12-03,2025-12-31,CHOPPY,change_pct,intelligence_score,HIGH,HIGH,54,DOWN,44.44444444444444,41.07744107744108,3.367003367003363,-0.6527870370370371,-0.03695,44.44444444444444,12.962962962962962,42.592592592592595
1,2025-12-03,2025-12-31,FLAT,change_pct,intelligence_score,LOW,LOW,20,FLAT,40.0,19.801980198019802,20.198019801980198,-0.06234500000000006,-0.4296,35.0,40.0,25.0
1,2025-12-03,2025-12-31,LOW_VOL,change_pct,intelligence_score,LOW,LOW,122,UP,60.65573770491803,39.63963963963964,21.016098065278392,0.9116114754098361,0.9801,16.39344262295082,22.950819672131146,60.65573770491803
1,2025-12-03,2025-12-31,LOW_VOL,change_pct,intelligence_score,LOW,HIGH,34,UP,58.82352941176471,39.63963963963964,19.183889772125067,1.1641205882352939,0.6124,23.52941176470588,17.647058823529413,58.82352941176471
1,2025-12-03,2025-12-31,LOW_VOL,change_pct,intelligence_score,HIGH,LOW,116,UP,37.93103448275862,39.63963963963964,-1.7086051568810212,0.017421551724137927,0.004699999999999999,35.3448275862069,26.72413793103448,37.93103448275862
1,2025-12-03,2025-12-31,LOW_VOL,change_pct,intelligence_score,HIGH,HIGH,71,DOWN,42.25352112676056,45.27027027027027,-3.0167491435097062,0.9249338028169014,0.1018,42.25352112676056,15.492957746478872,42.25352112676056
1,2025-12-03,2025-12-31,TREND_DOWN,change_pct,intelligence_score,LOW,LOW,134,UP,52.98507462686567,53.9553752535497,-0.9703006266840286,0.337002985074627,0.5870500000000001,29.850746268656714,17.16417910447761,52.98507462686567
1,2025-12-03,2025-12-31,TREND_DOWN,change_pct,intelligence_score,LOW,HIGH,53,UP,39.62264150943396,53.9553752535497,-14.332733744115734,0.09236226415094337,-0.1084,30.18867924528302,30.18867924528302,39.62264150943396
1,2025-12-03,2025-12-31,TREND_DOWN,change_pct,intelligence_score,HIGH,LOW,60,UP,48.333333333333336,53.9553752535497,-5.622041920216364,0.7154383333333333,0.4084,30.0,21.666666666666668,48.333333333333336
1,2025-12-03,2025-12-31,TREND_DOWN,change_pct,intelligence_score,HIGH,HIGH,47,DOWN,48.93617021276596,30.223123732251523,18.713046480514432,-0.3593510638297873,-0.2724,48.93617021276596,21.27659574468085,29.78723404255319
1,2025-12-03,2025-12-31,TREND_UP,change_pct,intelligence_score,LOW,LOW,53,UP,52.83018867924528,45.864197530864196,6.965991148381084,0.40751320754716996,0.7063,24.528301886792452,22.641509433962266,52.83018867924528
1,2025-12-03,2025-12-31,TREND_UP,change_pct,intelligence_score,LOW,HIGH,30,UP,46.666666666666664,45.864197530864196,0.8024691358024694,0.07049,0.012050000000000002,43.333333333333336,10.0,46.666666666666664
1,2025-12-03,2025-12-31,TREND_UP,change_pct,intelligence_score,HIGH,LOW,36,UP,44.44444444444444,45.864197530864196,-1.419753086419756,0.11990277777777779,0.4778,27.77777777777778,27.77777777777778,44.44444444444444
1,2025-12-03,2025-12-31,TREND_UP,change_pct,intelligence_score,HIGH,HIGH,28,UP,60.71428571428571,45.864197530864196,14.850088183421512,1.6058428571428571,1.0842,25.0,14.285714285714285,60.71428571428571
1,2025-12-03,2025-12-31,CHOPPY,change_pct,relative_strength,LOW,LOW,28,DOWN,53.57142857142857,41.07744107744108,12.49398749398749,-0.3609214285714285,-0.6133,53.57142857142857,17.857142857142858,28.57142857142857
1,2025-12-03,2025-12-31,CHOPPY,change_pct,relative_strength,HIGH,LOW,48,UP,45.83333333333333,43.09764309764309,2.7356902356902357,0.11468333333333332,0.3096,41.66666666666667,12.5,45.83333333333333
1,2025-12-03,2025-12-31,CHOPPY,change_pct,relative_strength,HIGH,HIGH,71,UP,45.07042253521127,43.09764309764309,1.9727794375681729,-0.2246352112676056,0.1087,40.845070422535215,14.084507042253522,45.07042253521127
1,2025-12-03,2025-12-31,FLAT,change_pct,relative_strength,LOW,LOW,21,FLAT,38.095238095238095,19.801980198019802,18.29325789721829,0.4339,-0.2837,28.57142857142857,38.095238095238095,33.33333333333333
1,2025-12-03,2025-12-31,FLAT,change_pct,relative_strength,HIGH,HIGH,24,UP,50.0,53.46534653465347,-3.4653465346534684,0.6945333333333332,0.5366,29.166666666666668,20.833333333333336,50.0
1,2025-12-03,2025-12-31,LOW_VOL,change_pct,relative_strength,LOW,LOW,125,UP,60.8,39.63963963963964,21.160360360360357,1.0276832,0.8582,17.599999999999998,21.6,60.8
1,2025-12-03,2025-12-31,LOW_VOL,change_pct,relative_strength,LOW,HIGH,31,UP,58.06451612903226,39.63963963963964,18.424876489392624,0.7205258064516128,0.9425,19.35483870967742,22.58064516129032,58.06451612903226
1,2025-12-03,2025-12-31,LOW_VOL,change_pct,relative_strength,HIGH,LOW,45,DOWN,46.666666666666664,45.27027027027027,1.3963963963963988,-0.015546666666666643,-0.086,46.666666666666664,20.0,33.33333333333333
1,2025-12-03,2025-12-31,LOW_VOL,change_pct,relative_strength,HIGH,HIGH,142,UP,41.54929577464789,39.63963963963964,1.9096561350082475,0.48162535211267615,0.11829999999999999,35.2112676056338,23.239436619718308,41.54929577464789
1,2025-12-03,2025-12-31,TREND_DOWN,change_pct,relative_strength,LOW,LOW,151,UP,49.00662251655629,53.9553752535497,-4.948752736993406,0.24493311258278147,0.4237,29.80132450331126,21.192052980132452,49.00662251655629
1,2025-12-03,2025-12-31,TREND_DOWN,change_pct,relative_strength,LOW,HIGH,36,UP,50.0,53.9553752535497,-3.9553752535496978,0.36301944444444445,0.3802,30.555555555555557,19.444444444444446,50.0
1,2025-12-03,2025-12-31,TREND_DOWN,change_pct,relative_strength,HIGH,HIGH,105,UP,40.95238095238095,53.9553752535497,-13.002994301168746,0.32623428571428575,0.1997,37.142857142857146,21.904761904761905,40.95238095238095
1,2025-12-03,2025-12-31,TREND_UP,change_pct,relative_strength,LOW,LOW,68,UP,48.529411764705884,45.864197530864196,2.665214233841684,0.5016249999999999,0.4323,32.35294117647059,19.11764705882353,48.529411764705884
1,2025-12-03,2025-12-31,TREND_UP,change_pct,relative_strength,HIGH,HIGH,64,UP,51.5625,45.864197530864196,5.698302469135802,0.7700015624999998,0.54885,26.5625,21.875,51.5625
1,2025-12-03,2025-12-31,CHOPPY,change_pct,trend_score,LOW,LOW,20,DOWN,55.00000000000001,41.07744107744108,13.922558922558926,-0.19857499999999992,-0.6133,55.00000000000001,10.0,35.0
1,2025-12-03,2025-12-31,CHOPPY,change_pct,trend_score,HIGH,LOW,44,DOWN,43.18181818181818,41.07744107744108,2.104377104377103,0.08226818181818182,-0.20105,43.18181818181818,13.636363636363635,43.18181818181818
1,2025-12-03,2025-12-31,CHOPPY,change_pct,trend_score,HIGH,HIGH,75,UP,46.666666666666664,43.09764309764309,3.569023569023572,-0.18752133333333332,0.3503,40.0,13.333333333333334,46.666666666666664
1,2025-12-03,2025-12-31,LOW_VOL,change_pct,trend_score,LOW,LOW,101,UP,65.34653465346535,39.63963963963964,25.706895013825708,1.258551485148515,1.1118,15.841584158415841,18.81188118811881,65.34653465346535
1,2025-12-03,2025-12-31,LOW_VOL,change_pct,trend_score,LOW,HIGH,55,UP,50.90909090909091,39.63963963963964,11.269451269451263,0.43060000000000004,0.5169,21.818181818181817,27.27272727272727,50.90909090909091
1,2025-12-03,2025-12-31,LOW_VOL,change_pct,trend_score,HIGH,LOW,95,DOWN,41.05263157894737,45.27027027027027,-4.2176386913229,-0.19606842105263153,-0.03,41.05263157894737,25.263157894736842,33.68421052631579
1,2025-12-03,2025-12-31,LOW_VOL,change_pct,trend_score,HIGH,HIGH,92,UP,45.65217391304348,39.63963963963964,6.012534273403835,0.9382358695652174,0.23099999999999998,34.78260869565217,19.565217391304348,45.65217391304348
1,2025-12-03,2025-12-31,TREND_DOWN,change_pct,trend_score,LOW,LOW,114,UP,50.0,53.9553752535497,-3.9553752535496978,0.48705614035087713,0.48095,31.57894736842105,18.421052631578945,50.0
1,2025-12-03,2025-12-31,TREND_DOWN,change_pct,trend_score,LOW,HIGH,73,UP,47.94520547945205,53.9553752535497,-6.010169774097646,-0.07494246575342468,0.3109,27.397260273972602,24.65753424657534,47.94520547945205
1,2025-12-03,2025-12-31,TREND_DOWN,change_pct,trend_score,HIGH,LOW,53,UP,41.509433962264154,53.9553752535497,-12.445941291285544,0.3139433962264151,0.1876,37.735849056603776,20.754716981132077,41.509433962264154
1,2025-12-03,2025-12-31,TREND_DOWN,change_pct,trend_score,HIGH,HIGH,54,DOWN,38.88888888888889,30.223123732251523,8.665765156637367,0.17403333333333335,0.14129999999999998,38.88888888888889,22.22222222222222,38.88888888888889
1,2025-12-03,2025-12-31,TREND_UP,change_pct,trend_score,LOW,LOW,35,UP,48.57142857142857,45.864197530864196,2.707231040564373,0.8031057142857143,0.4943,31.428571428571427,20.0,48.57142857142857
1,2025-12-03,2025-12-31,TREND_UP,change_pct,trend_score,LOW,HIGH,48,UP,52.083333333333336,45.864197530864196,6.219135802469139,-0.09157916666666661,0.64195,31.25,16.666666666666664,52.083333333333336
1,2025-12-03,2025-12-31,TREND_UP,change_pct,trend_score,HIGH,LOW,26,UP,50.0,45.864197530864196,4.135802469135802,1.0476730769230769,0.52385,34.61538461538461,15.384615384615385,50.0
1,2025-12-03,2025-12-31,TREND_UP,change_pct,trend_score,HIGH,HIGH,38,UP,52.63157894736842,45.864197530864196,6.76738141650422,0.580015789473684,0.54885,21.052631578947366,26.31578947368421,52.63157894736842
1,2025-12-03,2025-12-31,CHOPPY,change_pct,momentum_score,LOW,LOW,28,DOWN,53.57142857142857,41.07744107744108,12.49398749398749,-0.3609214285714285,-0.6133,53.57142857142857,17.857142857142858,28.57142857142857
1,2025-12-03,2025-12-31,CHOPPY,change_pct,momentum_score,HIGH,LOW,20,UP,55.00000000000001,43.09764309764309,11.902356902356908,0.737125,0.71455,30.0,15.0,55.00000000000001
1,2025-12-03,2025-12-31,CHOPPY,change_pct,momentum_score,HIGH,HIGH,99,DOWN,43.43434343434344,41.07744107744108,2.3569023569023573,-0.25441212121212126,0.1087,43.43434343434344,13.131313131313133,43.43434343434344
1,2025-12-03,2025-12-31,FLAT,change_pct,momentum_score,LOW,LOW,20,DOWN,35.0,26.732673267326735,8.267326732673263,0.01825000000000001,-0.35819999999999996,35.0,35.0,30.0
1,2025-12-03,2025-12-31,FLAT,change_pct,momentum_score,HIGH,HIGH,23,UP,47.82608695652174,53.46534653465347,-5.639259578131728,0.6818826086956522,0.4682,30.434782608695656,21.73913043478261,47.82608695652174
1,2025-12-03,2025-12-31,LOW_VOL,change_pct,momentum_score,LOW,LOW,151,UP,59.60264900662252,39.63963963963964,19.96300936698288,0.9453105960264899,0.8582,17.880794701986755,22.516556291390728,59.60264900662252
1,2025-12-03,2025-12-31,LOW_VOL,change_pct,momentum_score,HIGH,LOW,46,UP,43.47826086956522,39.63963963963964,3.838621229925576,0.4512869565217391,0.37785,17.391304347826086,39.130434782608695,43.47826086956522
1,2025-12-03,2025-12-31,LOW_VOL,change_pct,momentum_score,HIGH,HIGH,141,DOWN,44.680851063829785,45.27027027027027,-0.5894192064404835,0.3328510638297872,-0.0244,44.680851063829785,17.02127659574468,38.297872340425535
1,2025-12-03,2025-12-31,TREND_DOWN,change_pct,momentum_score,LOW,LOW,180,UP,49.44444444444444,53.9553752535497,-4.510930809105251,0.2862811111111112,0.438,30.555555555555557,20.0,49.44444444444444
1,2025-12-03,2025-12-31,TREND_DOWN,change_pct,momentum_score,HIGH,LOW,39,DOWN,41.02564102564102,30.223123732251523,10.802517293389503,0.17048974358974361,0.0829,41.02564102564102,17.94871794871795,41.02564102564102
1,2025-12-03,2025-12-31,TREND_DOWN,change_pct,momentum_score,HIGH,HIGH,68,UP,39.705882352941174,53.9553752535497,-14.249492900608523,0.28511323529411764,0.19365,36.76470588235294,23.52941176470588,39.705882352941174
1,2025-12-03,2025-12-31,TREND_UP,change_pct,momentum_score,LOW,LOW,65,UP,53.84615384615385,45.864197530864196,7.981956315289645,0.8240815384615384,0.8518,27.692307692307693,18.461538461538463,53.84615384615385
1,2025-12-03,2025-12-31,TREND_UP,change_pct,momentum_score,HIGH,HIGH,51,UP,47.05882352941176,45.864197530864196,1.194625998547566,0.5745980392156862,0.4855,27.450980392156865,25.49019607843137,47.05882352941176
1,2025-12-03,2025-12-31,CHOPPY,change_pct,volatility_score,LOW,HIGH,20,DOWN,45.0,41.07744107744108,3.922558922558922,-0.10214000000000001,-0.22945,45.0,25.0,30.0
1,2025-12-03,2025-12-31,CHOPPY,change_pct,volatility_score,HIGH,LOW,44,DOWN,45.45454545454545,41.07744107744108,4.377104377104374,-0.7528545454545454,0.1281,45.45454545454545,9.090909090909092,45.45454545454545
1,2025-12-03,2025-12-31,CHOPPY,change_pct,volatility_score,HIGH,HIGH,75,UP,45.33333333333333,43.09764309764309,2.2356902356902353,0.30241733333333337,0.2807,38.666666666666664,16.0,45.33333333333333
1,2025-12-03,2025-12-31,LOW_VOL,change_pct,volatility_score,LOW,LOW,50,UP,66.0,39.63963963963964,26.360360360360364,0.9930019999999999,0.91045,12.0,22.0,66.0
1,2025-12-03,2025-12-31,LOW_VOL,change_pct,volatility_score,LOW,HIGH,106,UP,57.54716981132076,39.63963963963964,17.907530171681113,0.9542132075471699,0.7284999999999999,20.754716981132077,21.69811320754717,57.54716981132076
1,2025-12-03,2025-12-31,LOW_VOL,change_pct,volatility_score,HIGH,LOW,65,UP,41.53846153846154,39.63963963963964,1.8988218988219008,0.6352353846153845,0.0214,36.92307692307693,21.53846153846154,41.53846153846154
1,2025-12-03,2025-12-31,LOW_VOL,change_pct,volatility_score,HIGH,HIGH,122,DOWN,38.52459016393443,45.27027027027027,-6.745680106335844,0.21640081967213115,0.0535,38.52459016393443,22.950819672131146,38.52459016393443
1,2025-12-03,2025-12-31,TREND_DOWN,change_pct,volatility_score,LOW,LOW,75,DOWN,41.333333333333336,30.223123732251523,11.110209601081811,-0.5436146666666666,-0.1824,41.333333333333336,17.333333333333336,41.333333333333336
1,2025-12-03,2025-12-31,TREND_DOWN,change_pct,volatility_score,LOW,HIGH,112,UP,54.46428571428571,53.9553752535497,0.5089104607360118,0.8109348214285713,0.6369,22.321428571428573,23.214285714285715,54.46428571428571
1,2025-12-03,2025-12-31,TREND_DOWN,change_pct,volatility_score,HIGH,LOW,42,UP,42.857142857142854,53.9553752535497,-11.098232396406843,0.44060000000000005,0.16055,35.714285714285715,21.428571428571427,42.857142857142854
1,2025-12-03,2025-12-31,TREND_DOWN,change_pct,volatility_score,HIGH,HIGH,65,DOWN,40.0,30.223123732251523,9.77687626774848,0.11587076923076928,0.1876,40.0,21.53846153846154,38.46153846153847
1,2025-12-03,2025-12-31,TREND_UP,change_pct,volatility_score,LOW,LOW,22,UP,72.72727272727273,45.864197530864196,26.86307519640853,0.940813636363636,1.73515,22.727272727272727,4.545454545454546,72.72727272727273
1,2025-12-03,2025-12-31,TREND_UP,change_pct,volatility_score,LOW,HIGH,61,UP,42.62295081967213,45.864197530864196,-3.2412467111920695,0.0494262295081967,0.0639,34.42622950819672,22.950819672131146,42.62295081967213
1,2025-12-03,2025-12-31,TREND_UP,change_pct,volatility_score,HIGH,HIGH,45,UP,44.44444444444444,45.864197530864196,-1.419753086419756,0.6741155555555556,0.3718,31.11111111111111,24.444444444444443,44.44444444444444
1,2025-12-03,2025-12-31,CHOPPY,change_pct,liquidity_score,HIGH,LOW,52,UP,48.07692307692308,43.09764309764309,4.9792799792799824,-0.4126557692307692,0.4244,36.53846153846153,15.384615384615385,48.07692307692308
1,2025-12-03,2025-12-31,CHOPPY,change_pct,liquidity_score,HIGH,HIGH,67,DOWN,44.776119402985074,41.07744107744108,3.6986783255439972,0.1643850746268657,-0.0388,44.776119402985074,11.940298507462686,43.28358208955223
1,2025-12-03,2025-12-31,LOW_VOL,change_pct,liquidity_score,LOW,LOW,73,UP,53.42465753424658,39.63963963963964,13.785017894606938,0.6629520547945206,0.6093,19.17808219178082,27.397260273972602,53.42465753424658
1,2025-12-03,2025-12-31,LOW_VOL,change_pct,liquidity_score,LOW,HIGH,83,UP,66.26506024096386,39.63963963963964,26.62542060132422,1.2337493975903613,0.9583,16.867469879518072,16.867469879518072,66.26506024096386
1,2025-12-03,2025-12-31,LOW_VOL,change_pct,liquidity_score,HIGH,LOW,81,DOWN,38.2716049382716,45.27027027027027,-6.998665331998666,0.10457530864197537,-0.0062,38.2716049382716,23.456790123456788,38.2716049382716
1,2025-12-03,2025-12-31,LOW_VOL,change_pct,liquidity_score,HIGH,HIGH,106,UP,40.56603773584906,39.63963963963964,0.9263980962094187,0.5586849056603773,0.1075,37.735849056603776,21.69811320754717,40.56603773584906
1,2025-12-03,2025-12-31,TREND_DOWN,change_pct,liquidity_score,LOW,LOW,82,UP,53.65853658536586,53.9553752535497,-0.29683866818384086,-0.009929268292682987,0.55955,30.48780487804878,15.853658536585366,53.65853658536586
1,2025-12-03,2025-12-31,TREND_DOWN,change_pct,liquidity_score,LOW,HIGH,105,UP,45.714285714285715,53.9553752535497,-8.241089539263985,0.48445523809523805,0.2772,29.523809523809526,24.761904761904763,45.714285714285715
1,2025-12-03,2025-12-31,TREND_DOWN,change_pct,liquidity_score,HIGH,LOW,43,UP,46.51162790697674,53.9553752535497,-7.4437473465729544,0.18061162790697669,0.1997,44.18604651162791,9.30232558139535,46.51162790697674
1,2025-12-03,2025-12-31,TREND_DOWN,change_pct,liquidity_score,HIGH,HIGH,64,UP,35.9375,53.9553752535497,-18.017875253549697,0.28547656250000003,0.15395,34.375,29.6875,35.9375
1,2025-12-03,2025-12-31,TREND_UP,change_pct,liquidity_score,LOW,LOW,43,UP,51.162790697674424,45.864197530864196,5.298593166810223,0.13925348837209317,0.6086,23.25581395348837,25.581395348837212,51.162790697674424
1,2025-12-03,2025-12-31,TREND_UP,change_pct,liquidity_score,LOW,HIGH,40,UP,50.0,45.864197530864196,4.135802469135802,0.44312500000000005,0.67305,40.0,10.0,50.0
1,2025-12-03,2025-12-31,TREND_UP,change_pct,liquidity_score,HIGH,LOW,30,UP,50.0,45.864197530864196,4.135802469135802,0.008489999999999871,0.5193,20.0,30.0,50.0
1,2025-12-03,2025-12-31,TREND_UP,change_pct,liquidity_score,HIGH,HIGH,34,UP,52.94117647058824,45.864197530864196,7.076978939724038,1.4419235294117647,1.6017000000000001,32.35294117647059,14.705882352941178,52.94117647058824
1,2025-12-03,2025-12-31,CHOPPY,intelligence_score,relative_strength,LOW,LOW,53,DOWN,45.28301886792453,41.07744107744108,4.20557779048345,0.12709999999999996,-0.2353,45.28301886792453,11.320754716981133,43.39622641509434
1,2025-12-03,2025-12-31,CHOPPY,intelligence_score,relative_strength,LOW,HIGH,35,UP,45.714285714285715,43.09764309764309,2.616642616642617,0.34289142857142857,0.3503,37.142857142857146,17.142857142857142,45.714285714285715
1,2025-12-03,2025-12-31,CHOPPY,intelligence_score,relative_strength,HIGH,LOW,23,DOWN,47.82608695652174,41.07744107744108,6.748645879080661,-0.4929260869565217,0.2807,47.82608695652174,21.73913043478261,30.434782608695656
1,2025-12-03,2025-12-31,CHOPPY,intelligence_score,relative_strength,HIGH,HIGH,36,DOWN,44.44444444444444,41.07744107744108,3.367003367003363,-0.7763972222222222,-0.1091,44.44444444444444,11.11111111111111,44.44444444444444
1,2025-12-03,2025-12-31,LOW_VOL,intelligence_score,relative_strength,LOW,LOW,128,UP,54.6875,39.63963963963964,15.04786036036036,0.5908046874999999,0.6812,22.65625,22.65625,54.6875
1,2025-12-03,2025-12-31,LOW_VOL,intelligence_score,relative_strength,LOW,HIGH,110,UP,43.63636363636363,39.63963963963964,3.9967239967239943,0.34195,0.18464999999999998,29.09090909090909,27.27272727272727,43.63636363636363
1,2025-12-03,2025-12-31,LOW_VOL,intelligence_score,relative_strength,HIGH,LOW,42,UP,50.0,39.63963963963964,10.36036036036036,1.2413761904761904,0.36324999999999996,33.33333333333333,16.666666666666664,50.0
1,2025-12-03,2025-12-31,LOW_VOL,intelligence_score,relative_strength,HIGH,HIGH,63,UP,46.03174603174603,39.63963963963964,6.392106392106389,0.8430571428571427,0.3661,38.095238095238095,15.873015873015872,46.03174603174603
1,2025-12-03,2025-12-31,TREND_DOWN,intelligence_score,relative_strength,LOW,LOW,110,UP,53.63636363636364,53.9553752535497,-0.3190116171860602,0.3256454545454547,0.6819,30.0,16.363636363636363,53.63636363636364
1,2025-12-03,2025-12-31,TREND_DOWN,intelligence_score,relative_strength,LOW,HIGH,84,UP,48.80952380952381,53.9553752535497,-5.145851444025889,0.6221869047619047,0.4084,29.761904761904763,21.428571428571427,48.80952380952381
1,2025-12-03,2025-12-31,TREND_DOWN,intelligence_score,relative_strength,HIGH,LOW,43,UP,34.883720930232556,53.9553752535497,-19.071654323317137,-0.16404418604651158,-0.1235,32.55813953488372,32.55813953488372,34.883720930232556
1,2025-12-03,2025-12-31,TREND_DOWN,intelligence_score,relative_strength,HIGH,HIGH,57,DOWN,43.859649122807014,30.223123732251523,13.636525390555493,-0.08667368421052637,-0.1063,43.859649122807014,21.052631578947366,35.08771929824561
1,2025-12-03,2025-12-31,TREND_UP,intelligence_score,relative_strength,LOW,LOW,43,UP,51.162790697674424,45.864197530864196,5.298593166810223,0.9431604651162793,0.6753,25.581395348837212,23.25581395348837,51.162790697674424
1,2025-12-03,2025-12-31,TREND_UP,intelligence_score,relative_strength,LOW,HIGH,46,UP,47.82608695652174,45.864197530864196,1.9618894256575425,-0.3182869565217392,0.49215,26.08695652173913,26.08695652173913,47.82608695652174
1,2025-12-03,2025-12-31,TREND_UP,intelligence_score,relative_strength,HIGH,LOW,25,DOWN,44.0,37.77777777777778,6.222222222222223,-0.2578159999999999,-0.0186,44.0,12.0,44.0
1,2025-12-03,2025-12-31,TREND_UP,intelligence_score,relative_strength,HIGH,HIGH,33,UP,60.60606060606061,45.864197530864196,14.74186307519641,1.621930303030303,1.1796,27.27272727272727,12.121212121212121,60.60606060606061
1,2025-12-03,2025-12-31,CHOPPY,intelligence_score,trend_score,LOW,LOW,59,DOWN,44.06779661016949,41.07744107744108,2.9903555327284117,0.09962033898305081,-0.2353,44.06779661016949,13.559322033898304,42.3728813559322
1,2025-12-03,2025-12-31,CHOPPY,intelligence_score,trend_score,LOW,HIGH,29,UP,48.275862068965516,43.09764309764309,5.178218971322424,0.4434448275862069,0.4985,37.93103448275862,13.793103448275861,48.275862068965516
1,2025-12-03,2025-12-31,CHOPPY,intelligence_score,trend_score,HIGH,HIGH,54,DOWN,42.592592592592595,41.07744107744108,1.5151515151515138,-0.6121907407407408,0.1228,42.592592592592595,16.666666666666664,40.74074074074074
1,2025-12-03,2025-12-31,FLAT,intelligence_score,trend_score,LOW,LOW,24,FLAT,37.5,19.801980198019802,17.698019801980198,0.02012916666666668,-0.0375,29.166666666666668,37.5,33.33333333333333
1,2025-12-03,2025-12-31,LOW_VOL,intelligence_score,trend_score,LOW,LOW,183,UP,51.36612021857923,39.63963963963964,11.726480578939597,0.6025136612021857,0.5739,26.775956284153008,21.85792349726776,51.36612021857923
1,2025-12-03,2025-12-31,LOW_VOL,intelligence_score,trend_score,LOW,HIGH,55,UP,43.63636363636363,39.63963963963964,3.9967239967239943,0.054136363636363635,0.2455,21.818181818181817,34.54545454545455,43.63636363636363
1,2025-12-03,2025-12-31,LOW_VOL,intelligence_score,trend_score,HIGH,HIGH,92,UP,50.0,39.63963963963964,10.36036036036036,1.1632956521739133,0.4599,34.78260869565217,15.217391304347828,50.0
1,2025-12-03,2025-12-31,TREND_DOWN,intelligence_score,trend_score,LOW,LOW,150,UP,50.0,53.9553752535497,-3.9553752535496978,0.491028,0.48095,32.0,18.0,50.0
1,2025-12-03,2025-12-31,TREND_DOWN,intelligence_score,trend_score,LOW,HIGH,44,UP,56.81818181818182,53.9553752535497,2.8628065646321255,0.3279659090909091,1.4469500000000002,22.727272727272727,20.454545454545457,56.81818181818182
1,2025-12-03,2025-12-31,TREND_DOWN,intelligence_score,trend_score,HIGH,HIGH,83,DOWN,37.34939759036144,30.223123732251523,7.126273858109922,-0.12654819277108434,0.025,37.34939759036144,25.301204819277107,37.34939759036144
1,2025-12-03,2025-12-31,TREND_UP,intelligence_score,trend_score,LOW,LOW,57,UP,49.122807017543856,45.864197530864196,3.258609486679659,0.9225315789473685,0.4943,31.57894736842105,19.298245614035086,49.122807017543856
1,2025-12-03,2025-12-31,TREND_UP,intelligence_score,trend_score,LOW,HIGH,32,UP,50.0,45.864197530864196,4.135802469135802,-0.833425,0.5870500000000001,15.625,34.375,50.0
1,2025-12-03,2025-12-31,TREND_UP,intelligence_score,trend_score,HIGH,HIGH,54,UP,53.70370370370371,45.864197530864196,7.839506172839511,0.820637037037037,0.58325,33.33333333333333,12.962962962962962,53.70370370370371
1,2025-12-03,2025-12-31,CHOPPY,intelligence_score,momentum_score,LOW,LOW,38,DOWN,44.73684210526316,41.07744107744108,3.6594010278220788,0.001002631578947369,-0.27075000000000005,44.73684210526316,15.789473684210526,39.473684210526315
1,2025-12-03,2025-12-31,CHOPPY,intelligence_score,momentum_score,LOW,HIGH,50,UP,48.0,43.09764309764309,4.902356902356902,0.373988,0.4244,40.0,12.0,48.0
1,2025-12-03,2025-12-31,CHOPPY,intelligence_score,momentum_score,HIGH,HIGH,49,DOWN,46.93877551020408,41.07744107744108,5.861334432763004,-0.8956367346938776,-0.1794,46.93877551020408,14.285714285714285,38.775510204081634
1,2025-12-03,2025-12-31,LOW_VOL,intelligence_score,momentum_score,LOW,LOW,158,UP,55.06329113924051,39.63963963963964,15.42365149960087,0.7235202531645569,0.6911,17.088607594936708,27.848101265822784,55.06329113924051
1,2025-12-03,2025-12-31,LOW_VOL,intelligence_score,momentum_score,LOW,HIGH,80,DOWN,42.5,45.27027027027027,-2.7702702702702697,-0.013483750000000017,-0.01725,42.5,18.75,38.75
1,2025-12-03,2025-12-31,LOW_VOL,intelligence_score,momentum_score,HIGH,LOW,39,UP,58.97435897435898,39.63963963963964,19.334719334719335,1.2611512820512818,0.7293,20.51282051282051,20.51282051282051,58.97435897435898
1,2025-12-03,2025-12-31,LOW_VOL,intelligence_score,momentum_score,HIGH,HIGH,66,DOWN,45.45454545454545,45.27027027027027,0.1842751842751844,0.8494772727272727,-0.01805,45.45454545454545,13.636363636363635,40.909090909090914
1,2025-12-03,2025-12-31,TREND_DOWN,intelligence_score,momentum_score,LOW,LOW,163,UP,50.920245398773,53.9553752535497,-3.035129854776697,0.3282680981595093,0.5245,31.901840490797547,17.177914110429448,50.920245398773
1,2025-12-03,2025-12-31,TREND_DOWN,intelligence_score,momentum_score,LOW,HIGH,31,UP,54.83870967741935,53.9553752535497,0.8833344238696528,1.1153870967741935,0.7027,19.35483870967742,25.806451612903224,54.83870967741935
1,2025-12-03,2025-12-31,TREND_DOWN,intelligence_score,momentum_score,HIGH,LOW,56,UP,39.285714285714285,53.9553752535497,-14.669660967835412,0.0834285714285714,-0.10300000000000001,33.92857142857143,26.785714285714285,39.285714285714285
1,2025-12-03,2025-12-31,TREND_DOWN,intelligence_score,momentum_score,HIGH,HIGH,44,DOWN,45.45454545454545,30.223123732251523,15.23142172229393,-0.37877954545454545,-0.26034999999999997,45.45454545454545,25.0,29.545454545454547
1,2025-12-03,2025-12-31,TREND_UP,intelligence_score,momentum_score,LOW,LOW,52,UP,53.84615384615385,45.864197530864196,7.981956315289645,1.1023826923076927,0.85345,25.0,21.153846153846153,53.84615384615385
1,2025-12-03,2025-12-31,TREND_UP,intelligence_score,momentum_score,LOW,HIGH,37,UP,43.24324324324324,45.864197530864196,-2.620954287620952,-0.8488972972972973,0.4701,27.027027027027028,29.72972972972973,43.24324324324324
1,2025-12-03,2025-12-31,TREND_UP,intelligence_score,momentum_score,HIGH,LOW,26,UP,61.53846153846154,45.864197530864196,15.674264007597344,0.6237307692307693,1.0087000000000002,30.76923076923077,7.6923076923076925,61.53846153846154
1,2025-12-03,2025-12-31,TREND_UP,intelligence_score,momentum_score,HIGH,HIGH,32,UP,46.875,45.864197530864196,1.010802469135802,0.964415625,0.0155,37.5,15.625,46.875
1,2025-12-03,2025-12-31,CHOPPY,intelligence_score,volatility_score,LOW,LOW,29,DOWN,58.620689655172406,41.07744107744108,17.54324857773133,-0.7030655172413794,-0.7088,58.620689655172406,6.896551724137931,34.48275862068966
1,2025-12-03,2025-12-31,CHOPPY,intelligence_score,volatility_score,LOW,HIGH,59,UP,49.152542372881356,43.09764309764309,6.054899275238262,0.6631593220338983,0.4985,33.89830508474576,16.94915254237288,49.152542372881356
1,2025-12-03,2025-12-31,CHOPPY,intelligence_score,volatility_score,HIGH,LOW,23,UP,52.17391304347826,43.09764309764309,9.076269945835163,-0.9043347826086957,1.0458,39.130434782608695,8.695652173913043,52.17391304347826
1,2025-12-03,2025-12-31,CHOPPY,intelligence_score,volatility_score,HIGH,HIGH,36,DOWN,50.0,41.07744107744108,8.92255892255892,-0.5135527777777777,-0.3678,50.0,19.444444444444446,30.555555555555557
1,2025-12-03,2025-12-31,FLAT,intelligence_score,volatility_score,LOW,HIGH,22,FLAT,40.909090909090914,19.801980198019802,21.10711071107111,0.3488454545454545,0.22985,22.727272727272727,40.909090909090914,36.36363636363637
1,2025-12-03,2025-12-31,LOW_VOL,intelligence_score,volatility_score,LOW,LOW,81,UP,45.67901234567901,39.63963963963964,6.039372706039369,0.09540493827160491,0.1406,29.629629629629626,24.691358024691358,45.67901234567901
1,2025-12-03,2025-12-31,LOW_VOL,intelligence_score,volatility_score,LOW,HIGH,157,UP,51.59235668789809,39.63963963963964,11.95271704825845,0.6720363057324841,0.6291,23.56687898089172,24.840764331210192,51.59235668789809
1,2025-12-03,2025-12-31,LOW_VOL,intelligence_score,volatility_score,HIGH,LOW,34,UP,67.64705882352942,39.63963963963964,28.007419183889777,2.447429411764706,1.61965,17.647058823529413,14.705882352941178,67.64705882352942
1,2025-12-03,2025-12-31,LOW_VOL,intelligence_score,volatility_score,HIGH,HIGH,71,DOWN,45.07042253521127,45.27027027027027,-0.199847735059,0.31039154929577456,-0.0417,45.07042253521127,16.901408450704224,38.028169014084504
1,2025-12-03,2025-12-31,TREND_DOWN,intelligence_score,volatility_score,LOW,LOW,78,DOWN,42.30769230769231,30.223123732251523,12.084568575440786,-0.37964487179487183,-0.08715,42.30769230769231,15.384615384615385,42.30769230769231
1,2025-12-03,2025-12-31,TREND_DOWN,intelligence_score,volatility_score,LOW,HIGH,116,UP,57.758620689655174,53.9553752535497,3.8032454361054735,1.0146293103448278,0.69855,21.551724137931032,20.689655172413794,57.758620689655174
1,2025-12-03,2025-12-31,TREND_DOWN,intelligence_score,volatility_score,HIGH,LOW,39,UP,41.02564102564102,53.9553752535497,-12.929734227908673,0.18836923076923076,0.2008,33.33333333333333,25.64102564102564,41.02564102564102
1,2025-12-03,2025-12-31,TREND_DOWN,intelligence_score,volatility_score,HIGH,HIGH,61,DOWN,42.62295081967213,30.223123732251523,12.399827087420606,-0.3170606557377049,-0.1947,42.62295081967213,26.229508196721312,31.147540983606557
1,2025-12-03,2025-12-31,TREND_UP,intelligence_score,volatility_score,LOW,LOW,29,UP,65.51724137931035,45.864197530864196,19.653043848446146,-0.2651448275862068,1.6826,24.137931034482758,10.344827586206897,65.51724137931035
1,2025-12-03,2025-12-31,TREND_UP,intelligence_score,volatility_score,LOW,HIGH,60,UP,41.66666666666667,45.864197530864196,-4.19753086419753,0.5600650000000001,0.33885,26.666666666666668,31.666666666666664,41.66666666666667
1,2025-12-03,2025-12-31,TREND_UP,intelligence_score,volatility_score,HIGH,HIGH,46,UP,45.65217391304348,45.864197530864196,-0.21202361782072243,-0.0055152173913042245,-0.01885,41.30434782608695,13.043478260869565,45.65217391304348
1,2025-12-03,2025-12-31,CHOPPY,intelligence_score,liquidity_score,LOW,LOW,57,UP,42.10526315789473,43.09764309764309,-0.9923799397483613,0.2046701754385965,0.1087,40.35087719298245,17.543859649122805,42.10526315789473
1,2025-12-03,2025-12-31,CHOPPY,intelligence_score,liquidity_score,LOW,HIGH,31,UP,48.38709677419355,43.09764309764309,5.289453676550454,0.2281064516129032,-0.0778,45.16129032258064,6.451612903225806,48.38709677419355
1,2025-12-03,2025-12-31,CHOPPY,intelligence_score,liquidity_score,HIGH,HIGH,50,DOWN,48.0,41.07744107744108,6.922558922558919,-0.04215399999999996,-0.1842,48.0,14.000000000000002,38.0
1,2025-12-03,2025-12-31,LOW_VOL,intelligence_score,liquidity_score,LOW,LOW,136,UP,49.26470588235294,39.63963963963964,9.625066242713304,0.4593507352941177,0.48314999999999997,25.0,25.735294117647058,49.26470588235294
1,2025-12-03,2025-12-31,LOW_VOL,intelligence_score,liquidity_score,LOW,HIGH,102,UP,50.0,39.63963963963964,10.36036036036036,0.4977039215686274,0.495,26.47058823529412,23.52941176470588,50.0
1,2025-12-03,2025-12-31,LOW_VOL,intelligence_score,liquidity_score,HIGH,HIGH,87,UP,54.02298850574713,39.63963963963964,14.383348866107488,1.2742068965517244,0.5948,31.03448275862069,14.942528735632186,54.02298850574713
1,2025-12-03,2025-12-31,TREND_DOWN,intelligence_score,liquidity_score,LOW,LOW,111,UP,54.95495495495496,53.9553752535497,0.9995797014052621,0.3295441441441442,0.6694,31.53153153153153,13.513513513513514,54.95495495495496
1,2025-12-03,2025-12-31,TREND_DOWN,intelligence_score,liquidity_score,LOW,HIGH,83,UP,46.98795180722892,53.9553752535497,-6.9674234463207805,0.6205457831325301,0.3595,27.710843373493976,25.301204819277107,46.98795180722892
1,2025-12-03,2025-12-31,TREND_DOWN,intelligence_score,liquidity_score,HIGH,HIGH,86,UP,37.2093023255814,53.9553752535497,-16.746072927968303,0.20503488372093023,0.02585,34.883720930232556,27.906976744186046,37.2093023255814
1,2025-12-03,2025-12-31,TREND_UP,intelligence_score,liquidity_score,LOW,LOW,64,UP,50.0,45.864197530864196,4.135802469135802,0.09361874999999997,0.5382,20.3125,29.6875,50.0
1,2025-12-03,2025-12-31,TREND_UP,intelligence_score,liquidity_score,LOW,HIGH,25,UP,48.0,45.864197530864196,2.1358024691358004,0.796924,0.4943,40.0,12.0,48.0
1,2025-12-03,2025-12-31,TREND_UP,intelligence_score,liquidity_score,HIGH,HIGH,49,UP,53.06122448979592,45.864197530864196,7.1970269589317235,0.9556591836734696,1.0598,34.69387755102041,12.244897959183673,53.06122448979592
1,2025-12-03,2025-12-31,CHOPPY,relative_strength,trend_score,LOW,LOW,43,DOWN,48.837209302325576,41.07744107744108,7.7597682248845,-0.039967441860465115,-0.3922,48.837209302325576,11.627906976744185,39.53488372093023
1,2025-12-03,2025-12-31,CHOPPY,relative_strength,trend_score,LOW,HIGH,33,DOWN,42.42424242424242,41.07744107744108,1.3468013468013462,-0.08734545454545459,0.3215,42.42424242424242,18.181818181818183,39.39393939393939
1,2025-12-03,2025-12-31,CHOPPY,relative_strength,trend_score,HIGH,LOW,21,DOWN,42.857142857142854,41.07744107744108,1.7797017797017756,0.0650904761904762,-0.0959,42.857142857142854,14.285714285714285,42.857142857142854
1,2025-12-03,2025-12-31,CHOPPY,relative_strength,trend_score,HIGH,HIGH,50,UP,46.0,43.09764309764309,2.9023569023569062,-0.34632000000000007,0.3208,40.0,14.000000000000002,46.0
1,2025-12-03,2025-12-31,LOW_VOL,relative_strength,trend_score,LOW,LOW,109,UP,56.88073394495413,39.63963963963964,17.24109430531449,0.8685119266055047,0.7174,24.770642201834864,18.34862385321101,56.88073394495413
1,2025-12-03,2025-12-31,LOW_VOL,relative_strength,trend_score,LOW,HIGH,61,UP,47.540983606557376,39.63963963963964,7.901343966917734,0.5425081967213116,0.3585,26.229508196721312,26.229508196721312,47.540983606557376
1,2025-12-03,2025-12-31,LOW_VOL,relative_strength,trend_score,HIGH,LOW,87,UP,41.37931034482759,39.63963963963964,1.7396707051879456,0.15884367816091957,0.1406,32.18390804597701,26.436781609195403,41.37931034482759
1,2025-12-03,2025-12-31,LOW_VOL,relative_strength,trend_score,HIGH,HIGH,86,UP,47.674418604651166,39.63963963963964,8.034778965011524,0.8942755813953487,0.3629,32.55813953488372,19.767441860465116,47.674418604651166
1,2025-12-03,2025-12-31,TREND_DOWN,relative_strength,trend_score,LOW,LOW,93,UP,49.46236559139785,53.9553752535497,-4.493009662151848,0.4743419354838709,0.4523,32.25806451612903,18.27956989247312,49.46236559139785
1,2025-12-03,2025-12-31,TREND_DOWN,relative_strength,trend_score,LOW,HIGH,60,UP,46.666666666666664,53.9553752535497,-7.288708586883031,-0.25577833333333333,0.29405000000000003,28.333333333333332,25.0,46.666666666666664
1,2025-12-03,2025-12-31,TREND_DOWN,relative_strength,trend_score,HIGH,LOW,74,UP,44.5945945945946,53.9553752535497,-9.360780658955104,0.3790486486486486,0.2748,35.13513513513514,20.27027027027027,44.5945945945946
1,2025-12-03,2025-12-31,TREND_DOWN,relative_strength,trend_score,HIGH,HIGH,67,UP,41.7910447761194,53.9553752535497,-12.164330477430296,0.28766716417910443,0.1997,35.82089552238806,22.388059701492537,41.7910447761194
1,2025-12-03,2025-12-31,TREND_UP,relative_strength,trend_score,LOW,LOW,33,UP,48.484848484848484,45.864197530864196,2.6206509539842884,0.7431515151515151,0.4943,30.303030303030305,21.21212121212121,48.484848484848484
1,2025-12-03,2025-12-31,TREND_UP,relative_strength,trend_score,LOW,HIGH,35,UP,48.57142857142857,45.864197530864196,2.707231040564373,0.27390000000000003,0.0427,34.285714285714285,17.142857142857142,48.57142857142857
1,2025-12-03,2025-12-31,TREND_UP,relative_strength,trend_score,HIGH,LOW,28,UP,50.0,45.864197530864196,4.135802469135802,1.1008642857142856,0.52385,35.714285714285715,14.285714285714285,50.0
1,2025-12-03,2025-12-31,TREND_UP,relative_strength,trend_score,HIGH,HIGH,51,UP,54.90196078431373,45.864197530864196,9.037763253449532,0.15800588235294108,0.7406,21.568627450980394,23.52941176470588,54.90196078431373
1,2025-12-03,2025-12-31,CHOPPY,relative_strength,momentum_score,LOW,LOW,45,DOWN,42.22222222222222,41.07744107744108,1.144781144781143,0.24513555555555555,-0.0778,42.22222222222222,15.555555555555555,42.22222222222222
1,2025-12-03,2025-12-31,CHOPPY,relative_strength,momentum_score,LOW,HIGH,31,DOWN,51.61290322580645,41.07744107744108,10.53546214836537,-0.5042612903225806,-0.5466,51.61290322580645,12.903225806451612,35.483870967741936
1,2025-12-03,2025-12-31,CHOPPY,relative_strength,momentum_score,HIGH,HIGH,68,UP,47.05882352941176,43.09764309764309,3.9611804317686685,-0.14051029411764707,0.3208,39.705882352941174,13.23529411764706,47.05882352941176
1,2025-12-03,2025-12-31,FLAT,relative_strength,momentum_score,HIGH,HIGH,24,UP,50.0,53.46534653465347,-3.4653465346534684,0.7048791666666667,0.5366,29.166666666666668,20.833333333333336,50.0
1,2025-12-03,2025-12-31,LOW_VOL,relative_strength,momentum_score,LOW,LOW,140,UP,60.0,39.63963963963964,20.360360360360357,0.9741799999999999,0.8655999999999999,18.571428571428573,21.428571428571427,60.0
1,2025-12-03,2025-12-31,LOW_VOL,relative_strength,momentum_score,LOW,HIGH,30,DOWN,56.666666666666664,45.27027027027027,11.396396396396396,-0.28748000000000007,-0.77655,56.666666666666664,20.0,23.333333333333332
1,2025-12-03,2025-12-31,LOW_VOL,relative_strength,momentum_score,HIGH,LOW,57,UP,45.614035087719294,39.63963963963964,5.9743954480796555,0.4757175438596491,0.3692,15.789473684210526,38.59649122807017,45.614035087719294
1,2025-12-03,2025-12-31,LOW_VOL,relative_strength,momentum_score,HIGH,HIGH,116,UP,43.96551724137931,39.63963963963964,4.32587760173967,0.5483724137931033,0.0616,40.51724137931034,15.517241379310345,43.96551724137931
1,2025-12-03,2025-12-31,TREND_DOWN,relative_strength,momentum_score,LOW,LOW,151,UP,49.00662251655629,53.9553752535497,-4.948752736993406,0.2324529801324504,0.4237,30.4635761589404,20.52980132450331,49.00662251655629
1,2025-12-03,2025-12-31,TREND_DOWN,relative_strength,momentum_score,HIGH,LOW,68,UP,45.588235294117645,53.9553752535497,-8.367139959432052,0.3394014705882352,0.2748,36.76470588235294,17.647058823529413,45.588235294117645
1,2025-12-03,2025-12-31,TREND_DOWN,relative_strength,momentum_score,HIGH,HIGH,73,UP,41.0958904109589,53.9553752535497,-12.859484842590795,0.3321095890410959,0.1997,34.24657534246575,24.65753424657534,41.0958904109589
1,2025-12-03,2025-12-31,TREND_UP,relative_strength,momentum_score,LOW,LOW,56,UP,48.214285714285715,45.864197530864196,2.350088183421517,0.6219714285714285,0.4323,32.142857142857146,19.642857142857142,48.214285714285715
1,2025-12-03,2025-12-31,TREND_UP,relative_strength,momentum_score,HIGH,LOW,22,UP,77.27272727272727,45.864197530864196,31.408529741863074,1.7595681818181819,2.1321000000000003,13.636363636363635,9.090909090909092,77.27272727272727
1,2025-12-03,2025-12-31,TREND_UP,relative_strength,momentum_score,HIGH,HIGH,57,UP,43.859649122807014,45.864197530864196,-2.004548408057183,0.003017543859649104,0.3718,31.57894736842105,24.561403508771928,43.859649122807014
1,2025-12-03,2025-12-31,CHOPPY,relative_strength,volatility_score,LOW,LOW,20,DOWN,60.0,41.07744107744108,18.92255892255892,-0.696325,-0.6832499999999999,60.0,10.0,30.0
1,2025-12-03,2025-12-31,CHOPPY,relative_strength,volatility_score,LOW,HIGH,56,UP,42.857142857142854,43.09764309764309,-0.240500240500241,0.16652678571428575,0.2835,41.07142857142857,16.071428571428573,42.857142857142854
1,2025-12-03,2025-12-31,CHOPPY,relative_strength,volatility_score,HIGH,LOW,32,UP,50.0,43.09764309764309,6.902356902356904,-0.851940625,0.52085,43.75,6.25,50.0
1,2025-12-03,2025-12-31,CHOPPY,relative_strength,volatility_score,HIGH,HIGH,39,UP,41.02564102564102,43.09764309764309,-2.0720020720020713,0.29007692307692307,-0.0388,38.46153846153847,20.51282051282051,41.02564102564102
1,2025-12-03,2025-12-31,LOW_VOL,relative_strength,volatility_score,LOW,LOW,59,UP,61.016949152542374,39.63963963963964,21.377309512902738,0.7491576271186441,0.8582,20.33898305084746,18.64406779661017,61.016949152542374
1,2025-12-03,2025-12-31,LOW_VOL,relative_strength,volatility_score,LOW,HIGH,111,UP,49.549549549549546,39.63963963963964,9.909909909909908,0.7527972972972974,0.4019,27.927927927927925,22.52252252252252,49.549549549549546
1,2025-12-03,2025-12-31,LOW_VOL,relative_strength,volatility_score,HIGH,LOW,56,UP,42.857142857142854,39.63963963963964,3.2175032175032148,0.8346446428571428,0.0616,32.142857142857146,25.0,42.857142857142854
1,2025-12-03,2025-12-31,LOW_VOL,relative_strength,volatility_score,HIGH,HIGH,117,UP,45.2991452991453,39.63963963963964,5.659505659505659,0.37595726495726495,0.3661,32.47863247863248,22.22222222222222,45.2991452991453
1,2025-12-03,2025-12-31,TREND_DOWN,relative_strength,volatility_score,LOW,LOW,64,UP,42.1875,53.9553752535497,-11.767875253549697,-0.7467374999999999,-0.0912,40.625,17.1875,42.1875
1,2025-12-03,2025-12-31,TREND_DOWN,relative_strength,volatility_score,LOW,HIGH,89,UP,52.80898876404494,53.9553752535497,-1.1463864895047582,0.8602056179775279,0.6121,23.595505617977526,23.595505617977526,52.80898876404494
1,2025-12-03,2025-12-31,TREND_DOWN,relative_strength,volatility_score,HIGH,LOW,53,UP,41.509433962264154,53.9553752535497,-12.445941291285544,0.4816094339622642,0.1203,37.735849056603776,20.754716981132077,41.509433962264154
1,2025-12-03,2025-12-31,TREND_DOWN,relative_strength,volatility_score,HIGH,HIGH,88,UP,44.31818181818182,53.9553752535497,-9.63719343536788,0.24770454545454543,0.2756,34.090909090909086,21.59090909090909,44.31818181818182
1,2025-12-03,2025-12-31,TREND_UP,relative_strength,volatility_score,LOW,HIGH,49,DOWN,38.775510204081634,37.77777777777778,0.9977324263038545,-0.37084897959183677,-0.0186,38.775510204081634,24.489795918367346,36.734693877551024
1,2025-12-03,2025-12-31,TREND_UP,relative_strength,volatility_score,HIGH,LOW,22,UP,63.63636363636363,45.864197530864196,17.772166105499437,-0.5745136363636366,2.4884500000000003,22.727272727272727,13.636363636363635,63.63636363636363
1,2025-12-03,2025-12-31,TREND_UP,relative_strength,volatility_score,HIGH,HIGH,57,UP,49.122807017543856,45.864197530864196,3.258609486679659,0.9038912280701755,0.4988,28.07017543859649,22.807017543859647,49.122807017543856
1,2025-12-03,2025-12-31,CHOPPY,relative_strength,liquidity_score,LOW,LOW,33,DOWN,45.45454545454545,41.07744107744108,4.377104377104374,-0.15648181818181817,-0.3062,45.45454545454545,18.181818181818183,36.36363636363637
1,2025-12-03,2025-12-31,CHOPPY,relative_strength,liquidity_score,LOW,HIGH,43,DOWN,46.51162790697674,41.07744107744108,5.434186829535665,0.013090697674418594,-0.0778,46.51162790697674,11.627906976744185,41.86046511627907
1,2025-12-03,2025-12-31,CHOPPY,relative_strength,liquidity_score,HIGH,LOW,33,UP,48.484848484848484,43.09764309764309,5.38720538720539,-0.616660606060606,0.4985,33.33333333333333,18.181818181818183,48.484848484848484
1,2025-12-03,2025-12-31,CHOPPY,relative_strength,liquidity_score,HIGH,HIGH,38,DOWN,47.368421052631575,41.07744107744108,6.290979975190497,0.11580789473684212,-0.1842,47.368421052631575,10.526315789473683,42.10526315789473
1,2025-12-03,2025-12-31,LOW_VOL,relative_strength,liquidity_score,LOW,LOW,71,UP,47.88732394366197,39.63963963963964,8.247684304022329,0.3244999999999999,0.3585,25.352112676056336,26.76056338028169,47.88732394366197
1,2025-12-03,2025-12-31,LOW_VOL,relative_strength,liquidity_score,LOW,HIGH,99,UP,57.57575757575758,39.63963963963964,17.93611793611794,1.057790909090909,0.7009,25.252525252525253,17.17171717171717,57.57575757575758
1,2025-12-03,2025-12-31,LOW_VOL,relative_strength,liquidity_score,HIGH,LOW,83,UP,43.373493975903614,39.63963963963964,3.7338543362639753,0.40754939759036146,0.2333,32.53012048192771,24.096385542168676,43.373493975903614
1,2025-12-03,2025-12-31,LOW_VOL,relative_strength,liquidity_score,HIGH,HIGH,90,UP,45.55555555555556,39.63963963963964,5.915915915915915,0.6322277777777777,0.2389,32.22222222222222,22.22222222222222,45.55555555555556
1,2025-12-03,2025-12-31,TREND_DOWN,relative_strength,liquidity_score,LOW,LOW,67,UP,50.74626865671642,53.9553752535497,-3.2091065968332777,-0.1795044776119402,0.5096,31.343283582089555,17.91044776119403,50.74626865671642
1,2025-12-03,2025-12-31,TREND_DOWN,relative_strength,liquidity_score,LOW,HIGH,86,UP,46.51162790697674,53.9553752535497,-7.4437473465729544,0.47434767441860465,0.30465,30.23255813953488,23.25581395348837,46.51162790697674
1,2025-12-03,2025-12-31,TREND_DOWN,relative_strength,liquidity_score,HIGH,LOW,58,UP,51.724137931034484,53.9553752535497,-2.2312373225152116,0.32722241379310346,0.5870500000000001,39.6551724137931,8.620689655172415,51.724137931034484
1,2025-12-03,2025-12-31,TREND_DOWN,relative_strength,liquidity_score,HIGH,HIGH,83,UP,37.34939759036144,53.9553752535497,-16.605977663188256,0.34149879518072285,0.1621,32.53012048192771,30.120481927710845,37.34939759036144
1,2025-12-03,2025-12-31,TREND_UP,relative_strength,liquidity_score,LOW,LOW,31,UP,51.61290322580645,45.864197530864196,5.748705694942252,0.8821645161290322,0.6086,19.35483870967742,29.03225806451613,51.61290322580645
1,2025-12-03,2025-12-31,TREND_UP,relative_strength,liquidity_score,LOW,HIGH,37,UP,45.94594594594595,45.864197530864196,0.08174841508175046,0.18279459459459457,0.3703,43.24324324324324,10.81081081081081,45.94594594594595
1,2025-12-03,2025-12-31,TREND_UP,relative_strength,liquidity_score,HIGH,LOW,42,UP,50.0,45.864197530864196,4.135802469135802,-0.5024880952380952,0.5193,23.809523809523807,26.190476190476193,50.0
1,2025-12-03,2025-12-31,TREND_UP,relative_strength,liquidity_score,HIGH,HIGH,37,UP,56.75675675675676,45.864197530864196,10.892559225892557,1.6212702702702704,1.7756,29.72972972972973,13.513513513513514,56.75675675675676
1,2025-12-03,2025-12-31,CHOPPY,trend_score,momentum_score,LOW,LOW,36,DOWN,47.22222222222222,41.07744107744108,6.144781144781142,-0.058808333333333386,-0.3693,47.22222222222222,13.88888888888889,38.88888888888889
1,2025-12-03,2025-12-31,CHOPPY,trend_score,momentum_score,LOW,HIGH,28,DOWN,46.42857142857143,41.07744107744108,5.351130351130351,0.06305000000000002,-0.24405,46.42857142857143,10.714285714285714,42.857142857142854
1,2025-12-03,2025-12-31,CHOPPY,trend_score,momentum_score,HIGH,HIGH,71,UP,43.66197183098591,43.09764309764309,0.5643287333428171,-0.3796084507042253,0.2913,42.25352112676056,14.084507042253522,43.66197183098591
1,2025-12-03,2025-12-31,LOW_VOL,trend_score,momentum_score,LOW,LOW,137,UP,58.3941605839416,39.63963963963964,18.754520944301962,0.9544627737226276,0.8582,17.51824817518248,24.087591240875913,58.3941605839416
1,2025-12-03,2025-12-31,LOW_VOL,trend_score,momentum_score,LOW,HIGH,59,DOWN,52.54237288135594,45.27027027027027,7.272102611085668,-0.3775288135593221,-0.575,52.54237288135594,16.94915254237288,30.508474576271187
1,2025-12-03,2025-12-31,LOW_VOL,trend_score,momentum_score,HIGH,LOW,60,UP,50.0,39.63963963963964,10.36036036036036,0.5456616666666666,0.45940000000000003,18.333333333333332,31.666666666666664,50.0
1,2025-12-03,2025-12-31,LOW_VOL,trend_score,momentum_score,HIGH,HIGH,87,UP,45.97701149425287,39.63963963963964,6.337371854613233,0.888057471264368,0.1234,37.93103448275862,16.091954022988507,45.97701149425287
1,2025-12-03,2025-12-31,TREND_DOWN,trend_score,momentum_score,LOW,LOW,144,UP,47.22222222222222,53.9553752535497,-6.733153031327477,0.4097208333333333,0.38095,34.72222222222222,18.055555555555554,47.22222222222222
1,2025-12-03,2025-12-31,TREND_DOWN,trend_score,momentum_score,LOW,HIGH,23,UP,47.82608695652174,53.9553752535497,-6.129288297027957,0.5723304347826087,0.488,26.08695652173913,26.08695652173913,47.82608695652174
1,2025-12-03,2025-12-31,TREND_DOWN,trend_score,momentum_score,HIGH,LOW,75,UP,49.333333333333336,53.9553752535497,-4.622041920216363,-0.01093466666666655,0.3518,28.000000000000004,22.666666666666664,49.333333333333336
1,2025-12-03,2025-12-31,TREND_DOWN,trend_score,momentum_score,HIGH,HIGH,52,DOWN,38.46153846153847,30.223123732251523,8.23841472928694,0.09129038461538466,-0.08485000000000001,38.46153846153847,25.0,36.53846153846153
1,2025-12-03,2025-12-31,TREND_UP,trend_score,momentum_score,LOW,LOW,38,UP,52.63157894736842,45.864197530864196,6.76738141650422,1.0047657894736843,0.77905,28.947368421052634,18.421052631578945,52.63157894736842
1,2025-12-03,2025-12-31,TREND_UP,trend_score,momentum_score,LOW,HIGH,23,UP,43.47826086956522,45.864197530864196,-2.385936661298982,0.7463956521739131,0.3718,39.130434782608695,17.391304347826086,43.47826086956522
1,2025-12-03,2025-12-31,TREND_UP,trend_score,momentum_score,HIGH,LOW,40,UP,60.0,45.864197530864196,14.1358024691358,0.883995,1.08825,25.0,15.0,60.0
1,2025-12-03,2025-12-31,TREND_UP,trend_score,momentum_score,HIGH,HIGH,46,UP,45.65217391304348,45.864197530864196,-0.21202361782072243,-0.385108695652174,0.31445,28.26086956521739,26.08695652173913,45.65217391304348
1,2025-12-03,2025-12-31,CHOPPY,trend_score,volatility_score,LOW,LOW,22,DOWN,50.0,41.07744107744108,8.92255892255892,-0.2720909090909092,-0.34195,50.0,4.545454545454546,45.45454545454545
1,2025-12-03,2025-12-31,CHOPPY,trend_score,volatility_score,LOW,HIGH,42,DOWN,45.23809523809524,41.07744107744108,4.160654160654159,0.13414999999999994,-0.3492,45.23809523809524,16.666666666666664,38.095238095238095
1,2025-12-03,2025-12-31,CHOPPY,trend_score,volatility_score,HIGH,LOW,30,DOWN,50.0,41.07744107744108,8.92255892255892,-1.17342,-0.30870000000000003,50.0,10.0,40.0
1,2025-12-03,2025-12-31,CHOPPY,trend_score,volatility_score,HIGH,HIGH,53,UP,45.28301886792453,43.09764309764309,2.185375770281434,0.2830981132075472,0.3503,35.84905660377358,18.867924528301888,45.28301886792453
1,2025-12-03,2025-12-31,LOW_VOL,trend_score,volatility_score,LOW,LOW,78,UP,43.58974358974359,39.63963963963964,3.9501039501039505,0.3820551282051282,0.1356,30.76923076923077,25.64102564102564,43.58974358974359
1,2025-12-03,2025-12-31,LOW_VOL,trend_score,volatility_score,LOW,HIGH,118,UP,54.23728813559322,39.63963963963964,14.59764849595358,0.6668381355932204,0.6714,26.27118644067797,19.491525423728813,54.23728813559322
1,2025-12-03,2025-12-31,LOW_VOL,trend_score,volatility_score,HIGH,LOW,37,UP,70.27027027027027,39.63963963963964,30.630630630630634,1.6524351351351356,1.6954,16.216216216216218,13.513513513513514,70.27027027027027
1,2025-12-03,2025-12-31,LOW_VOL,trend_score,volatility_score,HIGH,HIGH,110,UP,40.0,39.63963963963964,0.36036036036036223,0.44418727272727265,0.0054,34.54545454545455,25.454545454545453,40.0
1,2025-12-03,2025-12-31,TREND_DOWN,trend_score,volatility_score,LOW,LOW,64,DOWN,42.1875,30.223123732251523,11.964376267748477,0.11141718750000007,0.0044,42.1875,15.625,42.1875
1,2025-12-03,2025-12-31,TREND_DOWN,trend_score,volatility_score,LOW,HIGH,103,UP,50.48543689320388,53.9553752535497,-3.4699383603458145,0.6313854368932038,0.5096,28.155339805825243,21.35922330097087,50.48543689320388
1,2025-12-03,2025-12-31,TREND_DOWN,trend_score,volatility_score,HIGH,LOW,53,UP,41.509433962264154,53.9553752535497,-12.445941291285544,-0.5546528301886793,0.0829,35.84905660377358,22.641509433962266,41.509433962264154
1,2025-12-03,2025-12-31,TREND_DOWN,trend_score,volatility_score,HIGH,HIGH,74,UP,45.94594594594595,53.9553752535497,-8.00942930760375,0.4503189189189188,0.26955,29.72972972972973,24.324324324324326,45.94594594594595
1,2025-12-03,2025-12-31,TREND_UP,trend_score,volatility_score,LOW,LOW,23,UP,65.21739130434783,45.864197530864196,19.35319377348363,1.8235608695652175,1.6781,21.73913043478261,13.043478260869565,65.21739130434783
1,2025-12-03,2025-12-31,TREND_UP,trend_score,volatility_score,LOW,HIGH,38,DOWN,39.473684210526315,37.77777777777778,1.6959064327485396,0.3527973684210527,0.2344,39.473684210526315,21.052631578947366,39.473684210526315
1,2025-12-03,2025-12-31,TREND_UP,trend_score,volatility_score,HIGH,HIGH,68,UP,45.588235294117645,45.864197530864196,-0.27596223674655196,0.29329264705882363,0.13674999999999998,29.411764705882355,25.0,45.588235294117645
1,2025-12-03,2025-12-31,CHOPPY,trend_score,liquidity_score,LOW,LOW,29,DOWN,44.827586206896555,41.07744107744108,3.7501451294554733,-0.07620689655172418,-0.3922,44.827586206896555,20.689655172413794,34.48275862068966
1,2025-12-03,2025-12-31,CHOPPY,trend_score,liquidity_score,LOW,HIGH,35,DOWN,48.57142857142857,41.07744107744108,7.4939874939874915,0.053094285714285774,-0.2353,48.57142857142857,5.714285714285714,45.714285714285715
1,2025-12-03,2025-12-31,CHOPPY,trend_score,liquidity_score,HIGH,LOW,37,UP,48.64864864864865,43.09764309764309,5.551005551005556,-0.6298297297297297,0.4985,35.13513513513514,16.216216216216218,48.64864864864865
1,2025-12-03,2025-12-31,CHOPPY,trend_score,liquidity_score,HIGH,HIGH,46,DOWN,45.65217391304348,41.07744107744108,4.574732835602396,0.06750652173913042,-0.1091,45.65217391304348,15.217391304347828,39.130434782608695
1,2025-12-03,2025-12-31,LOW_VOL,trend_score,liquidity_score,LOW,LOW,85,UP,52.94117647058824,39.63963963963964,13.301536830948596,0.7549741176470588,0.6055,25.882352941176475,21.176470588235293,52.94117647058824
1,2025-12-03,2025-12-31,LOW_VOL,trend_score,liquidity_score,LOW,HIGH,111,UP,47.74774774774775,39.63963963963964,8.108108108108109,0.3992288288288288,0.3865,29.72972972972973,22.52252252252252,47.74774774774775
1,2025-12-03,2025-12-31,LOW_VOL,trend_score,liquidity_score,HIGH,LOW,69,UP,36.231884057971016,39.63963963963964,-3.4077555816686256,-0.10589420289855075,-0.0062,33.33333333333333,30.434782608695656,36.231884057971016
1,2025-12-03,2025-12-31,LOW_VOL,trend_score,liquidity_score,HIGH,HIGH,78,UP,57.692307692307686,39.63963963963964,18.052668052668047,1.503941025641026,0.9267000000000001,26.923076923076923,15.384615384615385,57.692307692307686
1,2025-12-03,2025-12-31,TREND_DOWN,trend_score,liquidity_score,LOW,LOW,71,UP,54.929577464788736,53.9553752535497,0.9742022112390392,0.40191690140845066,0.5703,36.61971830985916,8.450704225352112,54.929577464788736
1,2025-12-03,2025-12-31,TREND_DOWN,trend_score,liquidity_score,LOW,HIGH,96,UP,41.66666666666667,53.9553752535497,-12.288708586883029,0.4544510416666667,0.1412,31.25,27.083333333333332,41.66666666666667
1,2025-12-03,2025-12-31,TREND_DOWN,trend_score,liquidity_score,HIGH,LOW,54,UP,46.2962962962963,53.9553752535497,-7.659078957253401,-0.3997037037037038,0.0664,33.33333333333333,20.37037037037037,46.2962962962963
1,2025-12-03,2025-12-31,TREND_DOWN,trend_score,liquidity_score,HIGH,HIGH,73,UP,42.465753424657535,53.9553752535497,-11.489621828892165,0.3494657534246575,0.2772,31.506849315068493,26.027397260273972,42.465753424657535
1,2025-12-03,2025-12-31,TREND_UP,trend_score,liquidity_score,LOW,LOW,35,UP,54.285714285714285,45.864197530864196,8.421516754850083,1.3000942857142859,0.7063,22.857142857142858,22.857142857142858,54.285714285714285
1,2025-12-03,2025-12-31,TREND_UP,trend_score,liquidity_score,LOW,HIGH,26,DOWN,46.15384615384615,37.77777777777778,8.37606837606838,0.37865000000000004,0.0008500000000000174,46.15384615384615,11.538461538461538,42.30769230769231
1,2025-12-03,2025-12-31,TREND_UP,trend_score,liquidity_score,HIGH,LOW,38,UP,47.368421052631575,45.864197530864196,1.5042235217673783,-1.0331763157894738,0.49215,21.052631578947366,31.57894736842105,47.368421052631575
1,2025-12-03,2025-12-31,TREND_UP,trend_score,liquidity_score,HIGH,HIGH,48,UP,56.25,45.864197530864196,10.385802469135802,1.18553125,1.3037,31.25,12.5,56.25
1,2025-12-03,2025-12-31,CHOPPY,momentum_score,volatility_score,LOW,HIGH,34,UP,47.05882352941176,43.09764309764309,3.9611804317686685,0.6023794117647059,0.3476,32.35294117647059,20.588235294117645,47.05882352941176
1,2025-12-03,2025-12-31,CHOPPY,momentum_score,volatility_score,HIGH,LOW,38,UP,50.0,43.09764309764309,6.902356902356904,-0.6669578947368421,0.6171,42.10526315789473,7.894736842105263,50.0
1,2025-12-03,2025-12-31,CHOPPY,momentum_score,volatility_score,HIGH,HIGH,61,DOWN,44.26229508196721,41.07744107744108,3.184854004526133,0.002583606557377027,-0.0959,44.26229508196721,16.39344262295082,39.34426229508197
1,2025-12-03,2025-12-31,LOW_VOL,momentum_score,volatility_score,LOW,LOW,68,UP,58.82352941176471,39.63963963963964,19.183889772125067,0.7571705882352939,0.79375,16.176470588235293,25.0,58.82352941176471
1,2025-12-03,2025-12-31,LOW_VOL,momentum_score,volatility_score,LOW,HIGH,129,UP,54.263565891472865,39.63963963963964,14.623926251833225,0.8683217054263566,0.6615,18.6046511627907,27.131782945736433,54.263565891472865
1,2025-12-03,2025-12-31,LOW_VOL,momentum_score,volatility_score,HIGH,LOW,47,UP,42.5531914893617,39.63963963963964,2.9135518497220625,0.8394212765957447,0.0214,40.42553191489361,17.02127659574468,42.5531914893617
1,2025-12-03,2025-12-31,LOW_VOL,momentum_score,volatility_score,HIGH,HIGH,99,DOWN,45.45454545454545,45.27027027027027,0.1842751842751844,0.1569090909090909,-0.0244,45.45454545454545,16.161616161616163,38.38383838383838
1,2025-12-03,2025-12-31,TREND_DOWN,momentum_score,volatility_score,LOW,LOW,84,UP,41.66666666666667,53.9553752535497,-12.288708586883029,-0.3659321428571428,-0.08715,40.476190476190474,17.857142857142858,41.66666666666667
1,2025-12-03,2025-12-31,TREND_DOWN,momentum_score,volatility_score,LOW,HIGH,135,UP,51.85185185185185,53.9553752535497,-2.103523401697849,0.6586518518518519,0.5703,27.40740740740741,20.74074074074074,51.85185185185185
1,2025-12-03,2025-12-31,TREND_DOWN,momentum_score,volatility_score,HIGH,LOW,33,UP,42.42424242424242,53.9553752535497,-11.531132829307273,0.25673939393939393,0.2008,36.36363636363637,21.21212121212121,42.42424242424242
1,2025-12-03,2025-12-31,TREND_DOWN,momentum_score,volatility_score,HIGH,HIGH,42,UP,38.095238095238095,53.9553752535497,-15.860137158311606,0.2247214285714286,0.15389999999999998,33.33333333333333,28.57142857142857,38.095238095238095
1,2025-12-03,2025-12-31,TREND_UP,momentum_score,volatility_score,LOW,LOW,23,UP,82.6086956521739,45.864197530864196,36.74449812130972,2.7506086956521734,2.5094,8.695652173913043,8.695652173913043,82.6086956521739
1,2025-12-03,2025-12-31,TREND_UP,momentum_score,volatility_score,LOW,HIGH,55,UP,45.45454545454545,45.864197530864196,-0.409652076318745,0.18685272727272734,0.3074,34.54545454545455,20.0,45.45454545454545
1,2025-12-03,2025-12-31,TREND_UP,momentum_score,volatility_score,HIGH,HIGH,51,UP,41.17647058823529,45.864197530864196,-4.687726942628906,0.45241764705882354,0.1301,31.372549019607842,27.450980392156865,41.17647058823529
1,2025-12-03,2025-12-31,CHOPPY,momentum_score,liquidity_score,LOW,LOW,22,DOWN,50.0,41.07744107744108,8.92255892255892,-0.41310454545454545,-0.5429999999999999,50.0,27.27272727272727,22.727272727272727
1,2025-12-03,2025-12-31,CHOPPY,momentum_score,liquidity_score,LOW,HIGH,26,UP,53.84615384615385,43.09764309764309,10.748510748510748,0.5278846153846154,0.71455,38.46153846153847,7.6923076923076925,53.84615384615385
1,2025-12-03,2025-12-31,CHOPPY,momentum_score,liquidity_score,HIGH,LOW,44,UP,52.27272727272727,43.09764309764309,9.175084175084175,-0.3733045454545454,0.5906,34.090909090909086,13.636363636363635,52.27272727272727
1,2025-12-03,2025-12-31,CHOPPY,momentum_score,liquidity_score,HIGH,HIGH,55,DOWN,50.90909090909091,41.07744107744108,9.831649831649825,-0.1592981818181817,-0.5466,50.90909090909091,12.727272727272727,36.36363636363637
1,2025-12-03,2025-12-31,LOW_VOL,momentum_score,liquidity_score,LOW,LOW,83,UP,49.39759036144578,39.63963963963964,9.757950721806141,0.5375710843373493,0.4737,20.481927710843372,30.120481927710845,49.39759036144578
1,2025-12-03,2025-12-31,LOW_VOL,momentum_score,liquidity_score,LOW,HIGH,114,UP,60.526315789473685,39.63963963963964,20.886676149834045,1.0428307017543859,0.8655999999999999,15.789473684210526,23.684210526315788,60.526315789473685
1,2025-12-03,2025-12-31,LOW_VOL,momentum_score,liquidity_score,HIGH,LOW,71,UP,40.845070422535215,39.63963963963964,1.2054307828955724,0.17250281690140848,-0.0062,39.436619718309856,19.718309859154928,40.845070422535215
1,2025-12-03,2025-12-31,LOW_VOL,momentum_score,liquidity_score,HIGH,HIGH,75,DOWN,48.0,45.27027027027027,2.72972972972973,0.5698546666666666,-0.1585,48.0,13.333333333333334,38.666666666666664
1,2025-12-03,2025-12-31,TREND_DOWN,momentum_score,liquidity_score,LOW,LOW,95,UP,51.578947368421055,53.9553752535497,-2.3764278851286402,-0.003797894736842098,0.5245,34.73684210526316,13.684210526315791,51.578947368421055
1,2025-12-03,2025-12-31,TREND_DOWN,momentum_score,liquidity_score,LOW,HIGH,124,UP,45.16129032258064,53.9553752535497,-8.794084930969055,0.47210080645161284,0.2878,30.64516129032258,24.193548387096776,45.16129032258064
1,2025-12-03,2025-12-31,TREND_DOWN,momentum_score,liquidity_score,HIGH,LOW,30,UP,50.0,53.9553752535497,-3.9553752535496978,0.24376333333333336,0.4512,36.666666666666664,13.333333333333334,50.0
1,2025-12-03,2025-12-31,TREND_DOWN,momentum_score,liquidity_score,HIGH,HIGH,45,DOWN,33.33333333333333,30.223123732251523,3.1102096010818094,0.23550666666666664,0.1203,33.33333333333333,33.33333333333333,33.33333333333333
1,2025-12-03,2025-12-31,TREND_UP,momentum_score,liquidity_score,LOW,LOW,39,UP,53.84615384615385,45.864197530864196,7.981956315289645,0.9460384615384617,0.7063,23.076923076923077,23.076923076923077,53.84615384615385
1,2025-12-03,2025-12-31,TREND_UP,momentum_score,liquidity_score,LOW,HIGH,39,UP,58.97435897435898,45.864197530864196,13.110161443494778,0.939625641025641,1.1167,30.76923076923077,10.256410256410255,58.97435897435898
1,2025-12-03,2025-12-31,TREND_UP,momentum_score,liquidity_score,HIGH,LOW,34,UP,47.05882352941176,45.864197530864196,1.194625998547566,-0.9015558823529412,0.49215,20.588235294117645,32.35294117647059,47.05882352941176
1,2025-12-03,2025-12-31,TREND_UP,momentum_score,liquidity_score,HIGH,HIGH,35,DOWN,42.857142857142854,37.77777777777778,5.079365079365078,0.8601428571428571,-0.3497,42.857142857142854,14.285714285714285,42.857142857142854
1,2025-12-03,2025-12-31,CHOPPY,volatility_score,liquidity_score,LOW,LOW,21,DOWN,66.66666666666666,41.07744107744108,25.589225589225585,-2.8835333333333333,-1.9121,66.66666666666666,4.761904761904762,28.57142857142857
1,2025-12-03,2025-12-31,CHOPPY,volatility_score,liquidity_score,LOW,HIGH,31,UP,51.61290322580645,43.09764309764309,8.515260128163355,0.6246967741935484,1.043,38.70967741935484,9.67741935483871,51.61290322580645
1,2025-12-03,2025-12-31,CHOPPY,volatility_score,liquidity_score,HIGH,LOW,45,UP,48.888888888888886,43.09764309764309,5.7912457912457915,0.7786777777777777,0.4985,26.666666666666668,24.444444444444443,48.888888888888886
1,2025-12-03,2025-12-31,CHOPPY,volatility_score,liquidity_score,HIGH,HIGH,50,DOWN,52.0,41.07744107744108,10.922558922558922,-0.28804,-0.54785,52.0,12.0,36.0
1,2025-12-03,2025-12-31,LOW_VOL,volatility_score,liquidity_score,LOW,LOW,42,UP,42.857142857142854,39.63963963963964,3.2175032175032148,-0.4651428571428572,0.028749999999999998,33.33333333333333,23.809523809523807,42.857142857142854
1,2025-12-03,2025-12-31,LOW_VOL,volatility_score,liquidity_score,LOW,HIGH,73,UP,57.534246575342465,39.63963963963964,17.89460693570282,1.5133753424657537,0.8582,21.91780821917808,20.54794520547945,57.534246575342465
1,2025-12-03,2025-12-31,LOW_VOL,volatility_score,liquidity_score,HIGH,LOW,112,UP,46.42857142857143,39.63963963963964,6.78893178893179,0.682161607142857,0.3808,27.67857142857143,25.892857142857146,46.42857142857143
1,2025-12-03,2025-12-31,LOW_VOL,volatility_score,liquidity_score,HIGH,HIGH,116,UP,48.275862068965516,39.63963963963964,8.63622242932588,0.4409086206896551,0.37785,32.758620689655174,18.96551724137931,48.275862068965516
1,2025-12-03,2025-12-31,TREND_DOWN,volatility_score,liquidity_score,LOW,LOW,43,DOWN,55.81395348837209,30.223123732251523,25.59082975612057,-1.5181976744186045,-0.8634,55.81395348837209,11.627906976744185,32.55813953488372
1,2025-12-03,2025-12-31,TREND_DOWN,volatility_score,liquidity_score,LOW,HIGH,74,UP,47.2972972972973,53.9553752535497,-6.6580779562524,0.5813054054054053,0.382,29.72972972972973,22.972972972972975,47.2972972972973
1,2025-12-03,2025-12-31,TREND_DOWN,volatility_score,liquidity_score,HIGH,LOW,82,UP,60.97560975609756,53.9553752535497,7.020234502547861,0.8809097560975608,0.8643000000000001,24.390243902439025,14.634146341463413,60.97560975609756
1,2025-12-03,2025-12-31,TREND_DOWN,volatility_score,liquidity_score,HIGH,HIGH,95,UP,37.89473684210527,53.9553752535497,-16.060638411444433,0.27496526315789477,0.0681,32.631578947368425,29.47368421052631,37.89473684210527
1,2025-12-03,2025-12-31,TREND_UP,volatility_score,liquidity_score,LOW,HIGH,23,UP,73.91304347826086,45.864197530864196,28.048845947396668,2.8457347826086954,3.7838,17.391304347826086,8.695652173913043,73.91304347826086
1,2025-12-03,2025-12-31,TREND_UP,volatility_score,liquidity_score,HIGH,LOW,55,UP,45.45454545454545,45.864197530864196,-0.409652076318745,0.5827581818181818,0.3718,21.818181818181817,32.72727272727273,45.45454545454545
1,2025-12-03,2025-12-31,TREND_UP,volatility_score,liquidity_score,HIGH,HIGH,51,DOWN,45.09803921568628,37.77777777777778,7.320261437908498,0.025460784313725417,-0.3497,45.09803921568628,13.725490196078432,41.17647058823529
2,2026-01-01,2026-01-30,CHOPPY,change_pct,intelligence_score,HIGH,LOW,22,UP,68.18181818181817,42.792792792792795,25.38902538902538,3.4058499999999996,3.239,18.181818181818183,13.636363636363635,68.18181818181817
2,2026-01-01,2026-01-30,FLAT,change_pct,intelligence_score,LOW,LOW,23,DOWN,69.56521739130434,28.000000000000004,41.565217391304344,-1.8445695652173912,-2.3586,69.56521739130434,13.043478260869565,17.391304347826086
2,2026-01-01,2026-01-30,FLAT,change_pct,intelligence_score,LOW,HIGH,20,DOWN,60.0,28.000000000000004,31.999999999999996,-0.6410799999999999,-1.4684,60.0,10.0,30.0
2,2026-01-01,2026-01-30,FLAT,change_pct,intelligence_score,HIGH,LOW,25,DOWN,52.0,28.000000000000004,24.0,-0.531948,-0.7271,52.0,12.0,36.0
2,2026-01-01,2026-01-30,FLAT,change_pct,intelligence_score,HIGH,HIGH,30,DOWN,63.33333333333333,28.000000000000004,35.33333333333333,-1.0313233333333334,-0.97845,63.33333333333333,10.0,26.666666666666668
2,2026-01-01,2026-01-30,LOW_VOL,change_pct,intelligence_score,LOW,LOW,34,UP,47.05882352941176,43.710292249047015,3.3485312803647527,-0.33086176470588247,0.02944999999999999,44.11764705882353,8.823529411764707,47.05882352941176
2,2026-01-01,2026-01-30,LOW_VOL,change_pct,intelligence_score,HIGH,LOW,32,DOWN,50.0,38.11944091486658,11.880559085133418,0.1187062499999999,-0.4566,50.0,6.25,43.75
2,2026-01-01,2026-01-30,TREND_DOWN,change_pct,intelligence_score,LOW,LOW,243,DOWN,60.08230452674898,31.257941550190598,28.824362976558376,-0.795762962962963,-1.0254,60.08230452674898,11.522633744855968,28.39506172839506
2,2026-01-01,2026-01-30,TREND_DOWN,change_pct,intelligence_score,LOW,HIGH,82,UP,51.21951219512195,50.95298602287166,0.26652617225029207,1.1922926829268294,0.53685,32.926829268292686,15.853658536585366,51.21951219512195
2,2026-01-01,2026-01-30,TREND_DOWN,change_pct,intelligence_score,HIGH,LOW,116,DOWN,54.310344827586206,31.257941550190598,23.052403277395612,-0.4595827586206896,-0.8362,54.310344827586206,12.931034482758621,32.758620689655174
2,2026-01-01,2026-01-30,TREND_DOWN,change_pct,intelligence_score,HIGH,HIGH,98,UP,45.91836734693878,50.95298602287166,-5.034618675932884,0.5927948979591837,0.24769999999999998,44.89795918367347,9.183673469387756,45.91836734693878
2,2026-01-01,2026-01-30,TREND_UP,change_pct,intelligence_score,LOW,LOW,51,UP,50.98039215686274,46.29315223542728,4.687239921435466,0.5247313725490197,0.6314,37.254901960784316,11.76470588235294,50.98039215686274
2,2026-01-01,2026-01-30,TREND_UP,change_pct,intelligence_score,LOW,HIGH,32,DOWN,81.25,37.06847764572722,44.18152235427278,-3.0205031250000003,-3.13875,81.25,12.5,6.25
2,2026-01-01,2026-01-30,TREND_UP,change_pct,intelligence_score,HIGH,LOW,50,DOWN,54.0,37.06847764572722,16.931522354272783,-0.5662079999999999,-0.63865,54.0,8.0,38.0
2,2026-01-01,2026-01-30,TREND_UP,change_pct,intelligence_score,HIGH,HIGH,63,DOWN,63.49206349206349,37.06847764572722,26.423585846336266,-1.453228571428571,-1.6033,63.49206349206349,14.285714285714285,22.22222222222222
2,2026-01-01,2026-01-30,CHOPPY,change_pct,relative_strength,HIGH,HIGH,30,UP,53.333333333333336,42.792792792792795,10.540540540540539,2.1566666666666663,1.48665,33.33333333333333,13.333333333333334,53.333333333333336
2,2026-01-01,2026-01-30,FLAT,change_pct,relative_strength,LOW,LOW,41,DOWN,65.85365853658537,28.000000000000004,37.853658536585364,-1.3173268292682927,-1.913,65.85365853658537,12.195121951219512,21.951219512195124
2,2026-01-01,2026-01-30,FLAT,change_pct,relative_strength,HIGH,HIGH,55,DOWN,58.18181818181818,28.000000000000004,30.181818181818176,-0.8043345454545454,-0.7583,58.18181818181818,10.909090909090908,30.909090909090907
2,2026-01-01,2026-01-30,LOW_VOL,change_pct,relative_strength,LOW,LOW,37,UP,51.35135135135135,43.710292249047015,7.641059102304338,0.10969729729729721,0.6101,37.83783783783784,10.81081081081081,51.35135135135135
2,2026-01-01,2026-01-30,LOW_VOL,change_pct,relative_strength,HIGH,HIGH,45,DOWN,48.888888888888886,38.11944091486658,10.769447974022306,0.009780000000000004,-0.0901,48.888888888888886,6.666666666666667,44.44444444444444
2,2026-01-01,2026-01-30,TREND_DOWN,change_pct,relative_strength,LOW,LOW,247,DOWN,55.06072874493927,31.257941550190598,23.80278719474867,-0.423836032388664,-0.6878,55.06072874493927,11.336032388663968,33.603238866396765
2,2026-01-01,2026-01-30,TREND_DOWN,change_pct,relative_strength,LOW,HIGH,78,DOWN,47.43589743589743,31.257941550190598,16.177955885706837,0.11647564102564092,-0.3206,47.43589743589743,16.666666666666664,35.8974358974359
2,2026-01-01,2026-01-30,TREND_DOWN,change_pct,relative_strength,HIGH,LOW,21,DOWN,42.857142857142854,31.257941550190598,11.599201306952256,0.8291714285714284,-0.3481,42.857142857142854,14.285714285714285,42.857142857142854
2,2026-01-01,2026-01-30,TREND_DOWN,change_pct,relative_strength,HIGH,HIGH,193,DOWN,50.77720207253886,31.257941550190598,19.519260522348265,-0.06544196891191713,-0.6021,50.77720207253886,10.880829015544041,38.34196891191709
2,2026-01-01,2026-01-30,TREND_UP,change_pct,relative_strength,LOW,LOW,66,DOWN,50.0,37.06847764572722,12.93152235427278,-0.49670303030303037,-0.37995,50.0,10.606060606060606,39.39393939393939
2,2026-01-01,2026-01-30,TREND_UP,change_pct,relative_strength,HIGH,HIGH,99,DOWN,58.58585858585859,37.06847764572722,21.517380940131364,-1.0265191919191918,-1.311,58.58585858585859,11.11111111111111,30.303030303030305
2,2026-01-01,2026-01-30,CHOPPY,change_pct,trend_score,HIGH,LOW,22,UP,72.72727272727273,42.792792792792795,29.934479934479935,3.9098454545454544,3.543,18.181818181818183,9.090909090909092,72.72727272727273
2,2026-01-01,2026-01-30,FLAT,change_pct,trend_score,LOW,HIGH,25,DOWN,52.0,28.000000000000004,24.0,-0.5780960000000002,-0.5856,52.0,16.0,32.0
2,2026-01-01,2026-01-30,FLAT,change_pct,trend_score,HIGH,HIGH,42,DOWN,61.904761904761905,28.000000000000004,33.904761904761905,-1.0870833333333334,-0.9981,61.904761904761905,9.523809523809524,28.57142857142857
2,2026-01-01,2026-01-30,LOW_VOL,change_pct,trend_score,LOW,LOW,28,UP,50.0,43.710292249047015,6.289707750952989,0.2726535714285715,0.22419999999999998,42.857142857142854,7.142857142857142,50.0
2,2026-01-01,2026-01-30,LOW_VOL,change_pct,trend_score,LOW,HIGH,25,DOWN,44.0,38.11944091486658,5.880559085133418,-0.8240480000000001,0.0892,44.0,16.0,40.0
2,2026-01-01,2026-01-30,LOW_VOL,change_pct,trend_score,HIGH,LOW,31,DOWN,51.61290322580645,38.11944091486658,13.493462310939869,-0.04961290322580649,-0.9674,51.61290322580645,6.451612903225806,41.935483870967744
2,2026-01-01,2026-01-30,TREND_DOWN,change_pct,trend_score,LOW,LOW,209,DOWN,59.80861244019139,31.257941550190598,28.55067089000079,-0.7382267942583732,-0.975,59.80861244019139,10.526315789473683,29.665071770334926
2,2026-01-01,2026-01-30,TREND_DOWN,change_pct,trend_score,LOW,HIGH,116,UP,42.241379310344826,50.95298602287166,-8.711606712526832,0.5059224137931034,0.02225,41.37931034482759,16.379310344827587,42.241379310344826
2,2026-01-01,2026-01-30,TREND_DOWN,change_pct,trend_score,HIGH,LOW,105,DOWN,56.19047619047619,31.257941550190598,24.932534640285592,-0.39028476190476197,-1.0608,56.19047619047619,10.476190476190476,33.33333333333333
2,2026-01-01,2026-01-30,TREND_DOWN,change_pct,trend_score,HIGH,HIGH,109,DOWN,44.03669724770643,31.257941550190598,12.778755697515825,0.41983669724770645,0.1184,44.03669724770643,11.926605504587156,44.03669724770643
2,2026-01-01,2026-01-30,TREND_UP,change_pct,trend_score,LOW,LOW,38,UP,55.26315789473685,46.29315223542728,8.970005659309571,0.7936052631578946,0.83475,42.10526315789473,2.631578947368421,55.26315789473685
2,2026-01-01,2026-01-30,TREND_UP,change_pct,trend_score,LOW,HIGH,45,DOWN,64.44444444444444,37.06847764572722,27.375966798717226,-2.2233733333333334,-2.8573,64.44444444444444,20.0,15.555555555555555
2,2026-01-01,2026-01-30,TREND_UP,change_pct,trend_score,HIGH,LOW,31,UP,48.38709677419355,46.29315223542728,2.093944538766274,0.19290645161290312,0.4107,41.935483870967744,9.67741935483871,48.38709677419355
2,2026-01-01,2026-01-30,TREND_UP,change_pct,trend_score,HIGH,HIGH,82,DOWN,65.85365853658537,37.06847764572722,28.785180890858147,-1.534681707317073,-1.61845,65.85365853658537,12.195121951219512,21.951219512195124
2,2026-01-01,2026-01-30,CHOPPY,change_pct,momentum_score,HIGH,HIGH,31,UP,58.06451612903226,42.792792792792795,15.271723336239468,2.032748387096775,2.1737,35.483870967741936,6.451612903225806,58.06451612903226
2,2026-01-01,2026-01-30,FLAT,change_pct,momentum_score,LOW,LOW,36,DOWN,63.888888888888886,28.000000000000004,35.88888888888888,-1.1037666666666666,-1.9089,63.888888888888886,13.88888888888889,22.22222222222222
2,2026-01-01,2026-01-30,FLAT,change_pct,momentum_score,HIGH,HIGH,52,DOWN,59.61538461538461,28.000000000000004,31.615384615384613,-0.8548634615384615,-0.8656999999999999,59.61538461538461,11.538461538461538,28.846153846153843
2,2026-01-01,2026-01-30,LOW_VOL,change_pct,momentum_score,LOW,LOW,42,DOWN,47.61904761904761,38.11944091486658,9.499606704181035,-0.5207999999999999,-0.16935,47.61904761904761,7.142857142857142,45.23809523809524
2,2026-01-01,2026-01-30,LOW_VOL,change_pct,momentum_score,HIGH,HIGH,34,UP,50.0,43.710292249047015,6.289707750952989,-0.038311764705882434,0.4164,47.05882352941176,2.941176470588235,50.0
2,2026-01-01,2026-01-30,TREND_DOWN,change_pct,momentum_score,LOW,LOW,309,DOWN,52.75080906148867,31.257941550190598,21.49286751129807,-0.24224012944983817,-0.6276,52.75080906148867,12.297734627831716,34.95145631067961
2,2026-01-01,2026-01-30,TREND_DOWN,change_pct,momentum_score,HIGH,LOW,67,DOWN,53.73134328358209,31.257941550190598,22.47340173339149,-0.16731343283582087,-0.6681,53.73134328358209,8.955223880597014,37.3134328358209
2,2026-01-01,2026-01-30,TREND_DOWN,change_pct,momentum_score,HIGH,HIGH,147,DOWN,48.29931972789115,31.257941550190598,17.041378177700555,0.10879115646258504,-0.3549,48.29931972789115,12.244897959183673,39.455782312925166
2,2026-01-01,2026-01-30,TREND_UP,change_pct,momentum_score,LOW,LOW,60,DOWN,56.666666666666664,37.06847764572722,19.598189020939444,-0.693625,-0.94235,56.666666666666664,6.666666666666667,36.666666666666664
2,2026-01-01,2026-01-30,TREND_UP,change_pct,momentum_score,LOW,HIGH,23,DOWN,47.82608695652174,37.06847764572722,10.75760931079452,-1.2294478260869566,-0.0684,47.82608695652174,26.08695652173913,26.08695652173913
2,2026-01-01,2026-01-30,TREND_UP,change_pct,momentum_score,HIGH,HIGH,108,DOWN,58.333333333333336,37.06847764572722,21.264855687606115,-0.9101425925925926,-1.31535,58.333333333333336,12.037037037037036,29.629629629629626
2,2026-01-01,2026-01-30,CHOPPY,change_pct,volatility_score,HIGH,LOW,29,UP,62.06896551724138,42.792792792792795,19.276172724448585,2.5675413793103457,2.9758,31.03448275862069,6.896551724137931,62.06896551724138
2,2026-01-01,2026-01-30,FLAT,change_pct,volatility_score,LOW,HIGH,28,DOWN,67.85714285714286,28.000000000000004,39.85714285714286,-1.2032964285714285,-1.866,67.85714285714286,14.285714285714285,17.857142857142858
2,2026-01-01,2026-01-30,FLAT,change_pct,volatility_score,HIGH,LOW,20,DOWN,55.00000000000001,28.000000000000004,27.0,-0.283265,-0.7153499999999999,55.00000000000001,20.0,25.0
2,2026-01-01,2026-01-30,FLAT,change_pct,volatility_score,HIGH,HIGH,35,DOWN,60.0,28.000000000000004,31.999999999999996,-1.1020885714285715,-0.9838,60.0,5.714285714285714,34.285714285714285
2,2026-01-01,2026-01-30,LOW_VOL,change_pct,volatility_score,LOW,LOW,39,UP,48.717948717948715,43.710292249047015,5.007656468901706,-0.12465641025641024,0.3932,41.02564102564102,10.256410256410255,48.717948717948715
2,2026-01-01,2026-01-30,LOW_VOL,change_pct,volatility_score,HIGH,LOW,29,UP,58.620689655172406,43.710292249047015,14.910397406125398,0.9125551724137931,1.133,34.48275862068966,6.896551724137931,58.620689655172406
2,2026-01-01,2026-01-30,TREND_DOWN,change_pct,volatility_score,LOW,LOW,186,DOWN,48.924731182795696,31.257941550190598,17.666789632605102,-0.08411021505376341,-0.37734999999999996,48.924731182795696,11.827956989247312,39.247311827956985
2,2026-01-01,2026-01-30,TREND_DOWN,change_pct,volatility_score,LOW,HIGH,139,DOWN,58.992805755395686,31.257941550190598,27.734864205205085,-0.575236690647482,-0.9724,58.992805755395686,13.66906474820144,27.33812949640288
2,2026-01-01,2026-01-30,TREND_DOWN,change_pct,volatility_score,HIGH,LOW,137,DOWN,44.52554744525548,31.257941550190598,13.267605895064877,0.3582620437956205,-0.0343,44.52554744525548,10.948905109489052,44.52554744525548
2,2026-01-01,2026-01-30,TREND_DOWN,change_pct,volatility_score,HIGH,HIGH,77,DOWN,59.74025974025974,31.257941550190598,28.48231819006914,-0.5753194805194805,-1.0702,59.74025974025974,11.688311688311687,28.57142857142857
2,2026-01-01,2026-01-30,TREND_UP,change_pct,volatility_score,LOW,LOW,48,UP,45.83333333333333,46.29315223542728,-0.4598189020939447,-0.1689020833333333,0.2778,43.75,10.416666666666668,45.83333333333333
2,2026-01-01,2026-01-30,TREND_UP,change_pct,volatility_score,LOW,HIGH,35,DOWN,68.57142857142857,37.06847764572722,31.502950925701352,-1.7653571428571428,-2.6291,68.57142857142857,14.285714285714285,17.142857142857142
2,2026-01-01,2026-01-30,TREND_UP,change_pct,volatility_score,HIGH,LOW,51,DOWN,56.86274509803921,37.06847764572722,19.794267452311992,-0.7388647058823531,-1.1075,56.86274509803921,11.76470588235294,31.372549019607842
2,2026-01-01,2026-01-30,TREND_UP,change_pct,volatility_score,HIGH,HIGH,62,DOWN,61.29032258064516,37.06847764572722,24.22184493491794,-1.3255112903225805,-1.4144999999999999,61.29032258064516,11.29032258064516,27.419354838709676
2,2026-01-01,2026-01-30,CHOPPY,change_pct,liquidity_score,HIGH,HIGH,24,UP,45.83333333333333,42.792792792792795,3.0405405405405372,0.6998083333333333,0.2149,41.66666666666667,12.5,45.83333333333333
2,2026-01-01,2026-01-30,FLAT,change_pct,liquidity_score,LOW,LOW,20,DOWN,70.0,28.000000000000004,41.99999999999999,-1.861,-1.71935,70.0,15.0,15.0
2,2026-01-01,2026-01-30,FLAT,change_pct,liquidity_score,LOW,HIGH,23,DOWN,60.86956521739131,28.000000000000004,32.869565217391305,-0.7837695652173914,-1.9048,60.86956521739131,8.695652173913043,30.434782608695656
2,2026-01-01,2026-01-30,FLAT,change_pct,liquidity_score,HIGH,LOW,30,DOWN,60.0,28.000000000000004,31.999999999999996,-1.0230066666666666,-1.20255,60.0,6.666666666666667,33.33333333333333
2,2026-01-01,2026-01-30,FLAT,change_pct,liquidity_score,HIGH,HIGH,25,DOWN,56.00000000000001,28.000000000000004,28.000000000000004,-0.5419280000000001,-0.7271,56.00000000000001,16.0,28.000000000000004
2,2026-01-01,2026-01-30,LOW_VOL,change_pct,liquidity_score,LOW,LOW,20,UP,55.00000000000001,43.710292249047015,11.289707750952992,-0.07596500000000003,0.6225499999999999,40.0,5.0,55.00000000000001
2,2026-01-01,2026-01-30,LOW_VOL,change_pct,liquidity_score,LOW,HIGH,33,DOWN,45.45454545454545,38.11944091486658,7.335104539678872,-0.3468969696969697,-0.1617,45.45454545454545,15.151515151515152,39.39393939393939
2,2026-01-01,2026-01-30,LOW_VOL,change_pct,liquidity_score,HIGH,LOW,23,DOWN,52.17391304347826,38.11944091486658,14.054472128611678,-0.19673043478260877,-0.5385,52.17391304347826,4.3478260869565215,43.47826086956522
2,2026-01-01,2026-01-30,LOW_VOL,change_pct,liquidity_score,HIGH,HIGH,22,DOWN,45.45454545454545,38.11944091486658,7.335104539678872,0.22567727272727278,0.3256,45.45454545454545,9.090909090909092,45.45454545454545
2,2026-01-01,2026-01-30,TREND_DOWN,change_pct,liquidity_score,LOW,LOW,164,DOWN,63.41463414634146,31.257941550190598,32.15669259615087,-1.198535975609756,-1.3577,63.41463414634146,10.365853658536585,26.21951219512195
2,2026-01-01,2026-01-30,TREND_DOWN,change_pct,liquidity_score,LOW,HIGH,161,DOWN,42.857142857142854,31.257941550190598,11.599201306952256,0.6270652173913044,0.0282,42.857142857142854,14.906832298136646,42.2360248447205
2,2026-01-01,2026-01-30,TREND_DOWN,change_pct,liquidity_score,HIGH,LOW,93,DOWN,53.76344086021505,31.257941550190598,22.50549931002445,-0.4743462365591399,-0.6769,53.76344086021505,12.903225806451612,33.33333333333333
2,2026-01-01,2026-01-30,TREND_DOWN,change_pct,liquidity_score,HIGH,HIGH,121,DOWN,47.107438016528924,31.257941550190598,15.849496466338325,0.40410330578512393,-0.1175,47.107438016528924,9.917355371900827,42.97520661157025
2,2026-01-01,2026-01-30,TREND_UP,change_pct,liquidity_score,LOW,LOW,34,UP,47.05882352941176,46.29315223542728,0.7656712939844879,0.2723823529411765,0.4423,32.35294117647059,20.588235294117645,47.05882352941176
2,2026-01-01,2026-01-30,TREND_UP,change_pct,liquidity_score,LOW,HIGH,49,DOWN,69.38775510204081,37.06847764572722,32.31927745631359,-1.6154244897959185,-2.6291,69.38775510204081,6.122448979591836,24.489795918367346
2,2026-01-01,2026-01-30,TREND_UP,change_pct,liquidity_score,HIGH,LOW,60,DOWN,58.333333333333336,37.06847764572722,21.264855687606115,-1.2151683333333334,-1.4144999999999999,58.333333333333336,15.0,26.666666666666668
2,2026-01-01,2026-01-30,TREND_UP,change_pct,liquidity_score,HIGH,HIGH,53,DOWN,60.37735849056604,37.06847764572722,23.308880844838814,-0.8859188679245282,-1.2397,60.37735849056604,7.547169811320755,32.075471698113205
2,2026-01-01,2026-01-30,CHOPPY,intelligence_score,relative_strength,LOW,HIGH,20,UP,65.0,42.792792792792795,22.207207207207208,3.2113750000000003,3.239,20.0,15.0,65.0
2,2026-01-01,2026-01-30,FLAT,intelligence_score,relative_strength,LOW,LOW,22,DOWN,72.72727272727273,28.000000000000004,44.72727272727273,-1.9549,-2.38385,72.72727272727273,13.636363636363635,13.636363636363635
2,2026-01-01,2026-01-30,FLAT,intelligence_score,relative_strength,LOW,HIGH,26,DOWN,50.0,28.000000000000004,21.999999999999996,-0.48907692307692313,-0.4952,50.0,11.538461538461538,38.46153846153847
2,2026-01-01,2026-01-30,FLAT,intelligence_score,relative_strength,HIGH,HIGH,31,DOWN,64.51612903225806,28.000000000000004,36.51612903225806,-1.0567322580645162,-0.9838,64.51612903225806,9.67741935483871,25.806451612903224
2,2026-01-01,2026-01-30,LOW_VOL,intelligence_score,relative_strength,LOW,LOW,24,UP,54.166666666666664,43.710292249047015,10.456374417619651,0.011062499999999828,0.6225499999999999,41.66666666666667,4.166666666666666,54.166666666666664
2,2026-01-01,2026-01-30,LOW_VOL,intelligence_score,relative_strength,LOW,HIGH,42,DOWN,50.0,38.11944091486658,11.880559085133418,-0.18371904761904756,-0.49240000000000006,50.0,9.523809523809524,40.476190476190474
2,2026-01-01,2026-01-30,TREND_DOWN,intelligence_score,relative_strength,LOW,LOW,212,DOWN,59.43396226415094,31.257941550190598,28.17602071396034,-0.6646334905660378,-0.95265,59.43396226415094,10.849056603773585,29.71698113207547
2,2026-01-01,2026-01-30,TREND_DOWN,intelligence_score,relative_strength,LOW,HIGH,147,DOWN,56.4625850340136,31.257941550190598,25.204643483823002,-0.7195897959183675,-1.1794,56.4625850340136,13.60544217687075,29.931972789115648
2,2026-01-01,2026-01-30,TREND_DOWN,intelligence_score,relative_strength,HIGH,LOW,56,UP,51.78571428571429,50.95298602287166,0.8327282628426302,0.9576321428571429,0.5791999999999999,33.92857142857143,14.285714285714285,51.78571428571429
2,2026-01-01,2026-01-30,TREND_DOWN,intelligence_score,relative_strength,HIGH,HIGH,124,UP,46.774193548387096,50.95298602287166,-4.178792474484566,0.8244717741935482,0.39805,41.935483870967744,11.29032258064516,46.774193548387096
2,2026-01-01,2026-01-30,TREND_UP,intelligence_score,relative_strength,LOW,LOW,56,UP,50.0,46.29315223542728,3.706847764572724,0.5165660714285715,0.5359,37.5,12.5,50.0
2,2026-01-01,2026-01-30,TREND_UP,intelligence_score,relative_strength,LOW,HIGH,45,DOWN,55.55555555555556,37.06847764572722,18.487077909828336,-0.6772622222222222,-1.1075,55.55555555555556,6.666666666666667,37.77777777777778
2,2026-01-01,2026-01-30,TREND_UP,intelligence_score,relative_strength,HIGH,LOW,24,DOWN,87.5,37.06847764572722,50.43152235427277,-3.3311875,-3.3893,87.5,8.333333333333332,4.166666666666666
2,2026-01-01,2026-01-30,TREND_UP,intelligence_score,relative_strength,HIGH,HIGH,71,DOWN,63.38028169014085,37.06847764572722,26.311804044413627,-1.5248028169014083,-1.735,63.38028169014085,15.492957746478872,21.12676056338028
2,2026-01-01,2026-01-30,CHOPPY,intelligence_score,trend_score,LOW,LOW,31,UP,77.41935483870968,42.792792792792795,34.626562045916884,3.1603322580645155,2.9758,16.129032258064516,6.451612903225806,77.41935483870968
2,2026-01-01,2026-01-30,FLAT,intelligence_score,trend_score,LOW,LOW,29,DOWN,68.96551724137932,28.000000000000004,40.96551724137931,-1.4277275862068965,-1.9048,68.96551724137932,10.344827586206897,20.689655172413794
2,2026-01-01,2026-01-30,FLAT,intelligence_score,trend_score,HIGH,HIGH,48,DOWN,62.5,28.000000000000004,34.5,-0.9539625000000002,-0.9981,62.5,10.416666666666668,27.083333333333332
2,2026-01-01,2026-01-30,LOW_VOL,intelligence_score,trend_score,LOW,LOW,56,DOWN,48.214285714285715,38.11944091486658,10.094844799419134,-0.0901464285714286,-0.16935,48.214285714285715,7.142857142857142,44.642857142857146
2,2026-01-01,2026-01-30,LOW_VOL,intelligence_score,trend_score,HIGH,HIGH,29,DOWN,44.827586206896555,38.11944091486658,6.708145292029971,-0.5593310344827586,0.0892,44.827586206896555,13.793103448275861,41.37931034482759
2,2026-01-01,2026-01-30,TREND_DOWN,intelligence_score,trend_score,LOW,LOW,300,DOWN,59.0,31.257941550190598,27.7420584498094,-0.6894899999999999,-1.0431,59.0,10.666666666666668,30.333333333333336
2,2026-01-01,2026-01-30,TREND_DOWN,intelligence_score,trend_score,LOW,HIGH,59,DOWN,54.23728813559322,31.257941550190598,22.97934658540262,-0.6751694915254237,-0.6503,54.23728813559322,18.64406779661017,27.11864406779661
2,2026-01-01,2026-01-30,TREND_DOWN,intelligence_score,trend_score,HIGH,HIGH,166,UP,48.795180722891565,50.95298602287166,-2.157805299980092,0.8691819277108433,0.47440000000000004,38.55421686746988,12.650602409638553,48.795180722891565
2,2026-01-01,2026-01-30,TREND_UP,intelligence_score,trend_score,LOW,LOW,67,UP,52.23880597014925,46.29315223542728,5.945653734721973,0.5063089552238805,0.7307,41.7910447761194,5.970149253731343,52.23880597014925
2,2026-01-01,2026-01-30,TREND_UP,intelligence_score,trend_score,LOW,HIGH,34,DOWN,52.94117647058824,37.06847764572722,15.872698824861015,-1.0432882352941175,-0.8645,52.94117647058824,17.647058823529413,29.411764705882355
2,2026-01-01,2026-01-30,TREND_UP,intelligence_score,trend_score,HIGH,HIGH,93,DOWN,69.89247311827957,37.06847764572722,32.823995472552355,-2.047568817204301,-2.2539,69.89247311827957,13.978494623655912,16.129032258064516
2,2026-01-01,2026-01-30,CHOPPY,intelligence_score,momentum_score,LOW,HIGH,20,UP,70.0,42.792792792792795,27.2072072072072,3.377384999999999,3.239,20.0,10.0,70.0
2,2026-01-01,2026-01-30,FLAT,intelligence_score,momentum_score,LOW,LOW,23,DOWN,65.21739130434783,28.000000000000004,37.21739130434783,-1.5792478260869565,-2.3586,65.21739130434783,13.043478260869565,21.73913043478261
2,2026-01-01,2026-01-30,FLAT,intelligence_score,momentum_score,LOW,HIGH,25,DOWN,56.00000000000001,28.000000000000004,28.000000000000004,-0.776044,-0.7281,56.00000000000001,12.0,32.0
2,2026-01-01,2026-01-30,FLAT,intelligence_score,momentum_score,HIGH,HIGH,34,DOWN,64.70588235294117,28.000000000000004,36.705882352941174,-1.1930264705882354,-0.97845,64.70588235294117,8.823529411764707,26.47058823529412
2,2026-01-01,2026-01-30,LOW_VOL,intelligence_score,momentum_score,LOW,LOW,42,DOWN,50.0,38.11944091486658,11.880559085133418,-0.40041190476190486,-0.6213500000000001,50.0,9.523809523809524,40.476190476190474
2,2026-01-01,2026-01-30,LOW_VOL,intelligence_score,momentum_score,LOW,HIGH,24,UP,54.166666666666664,43.710292249047015,10.456374417619651,0.3902749999999999,0.8169500000000001,41.66666666666667,4.166666666666666,54.166666666666664
2,2026-01-01,2026-01-30,LOW_VOL,intelligence_score,momentum_score,HIGH,HIGH,21,DOWN,42.857142857142854,38.11944091486658,4.737701942276273,-0.0839285714285715,0.0892,42.857142857142854,14.285714285714285,42.857142857142854
2,2026-01-01,2026-01-30,TREND_DOWN,intelligence_score,momentum_score,LOW,LOW,294,DOWN,59.863945578231295,31.257941550190598,28.606004028040694,-0.7584139455782313,-1.0002,59.863945578231295,10.884353741496598,29.25170068027211
2,2026-01-01,2026-01-30,TREND_DOWN,intelligence_score,momentum_score,LOW,HIGH,65,DOWN,50.76923076923077,31.257941550190598,19.51128921904017,-0.36474307692307695,-0.6092,50.76923076923077,16.923076923076923,32.30769230769231
2,2026-01-01,2026-01-30,TREND_DOWN,intelligence_score,momentum_score,HIGH,LOW,82,UP,57.3170731707317,50.95298602287166,6.364087147860042,1.66965243902439,0.8977999999999999,28.04878048780488,14.634146341463413,57.3170731707317
2,2026-01-01,2026-01-30,TREND_DOWN,intelligence_score,momentum_score,HIGH,HIGH,98,DOWN,48.97959183673469,31.257941550190598,17.721650286544094,0.19337142857142856,-0.46885,48.97959183673469,10.204081632653061,40.816326530612244
2,2026-01-01,2026-01-30,TREND_UP,intelligence_score,momentum_score,LOW,LOW,45,UP,51.11111111111111,46.29315223542728,4.817958875683831,0.07212666666666667,0.6664,44.44444444444444,4.444444444444445,51.11111111111111
2,2026-01-01,2026-01-30,TREND_UP,intelligence_score,momentum_score,LOW,HIGH,56,DOWN,46.42857142857143,37.06847764572722,9.360093782844208,-0.08562142857142858,0.0807,46.42857142857143,14.285714285714285,39.285714285714285
2,2026-01-01,2026-01-30,TREND_UP,intelligence_score,momentum_score,HIGH,LOW,20,DOWN,90.0,37.06847764572722,52.931522354272786,-3.32158,-3.37105,90.0,10.0,0.0
2,2026-01-01,2026-01-30,TREND_UP,intelligence_score,momentum_score,HIGH,HIGH,75,DOWN,64.0,37.06847764572722,26.93152235427278,-1.6237053333333333,-1.8548,64.0,14.666666666666666,21.333333333333336
2,2026-01-01,2026-01-30,CHOPPY,intelligence_score,volatility_score,LOW,LOW,29,UP,75.86206896551724,42.792792792792795,33.06927617272444,3.230382758620689,2.9758,13.793103448275861,10.344827586206897,75.86206896551724
2,2026-01-01,2026-01-30,FLAT,intelligence_score,volatility_score,LOW,HIGH,33,DOWN,54.54545454545454,28.000000000000004,26.54545454545454,-0.6974151515151515,-0.7281,54.54545454545454,12.121212121212121,33.33333333333333
2,2026-01-01,2026-01-30,FLAT,intelligence_score,volatility_score,HIGH,LOW,20,DOWN,45.0,28.000000000000004,17.0,0.27447000000000005,0.09955,45.0,15.0,40.0
2,2026-01-01,2026-01-30,FLAT,intelligence_score,volatility_score,HIGH,HIGH,30,DOWN,73.33333333333333,28.000000000000004,45.33333333333333,-1.6416900000000003,-2.0916,73.33333333333333,6.666666666666667,20.0
2,2026-01-01,2026-01-30,LOW_VOL,intelligence_score,volatility_score,LOW,LOW,47,UP,55.319148936170215,43.710292249047015,11.608856687123204,0.35127872340425537,0.6628,38.297872340425535,6.382978723404255,55.319148936170215
2,2026-01-01,2026-01-30,LOW_VOL,intelligence_score,volatility_score,HIGH,LOW,21,UP,47.61904761904761,43.710292249047015,3.908755370000605,0.24249523809523815,0.3932,38.095238095238095,14.285714285714285,47.61904761904761
2,2026-01-01,2026-01-30,TREND_DOWN,intelligence_score,volatility_score,LOW,LOW,203,DOWN,55.172413793103445,31.257941550190598,23.914472242912847,-0.5910517241379312,-0.8312,55.172413793103445,11.330049261083744,33.497536945812804
2,2026-01-01,2026-01-30,TREND_DOWN,intelligence_score,volatility_score,LOW,HIGH,156,DOWN,62.17948717948718,31.257941550190598,30.92154562929658,-0.8121698717948719,-1.1193499999999998,62.17948717948718,12.82051282051282,25.0
2,2026-01-01,2026-01-30,TREND_DOWN,intelligence_score,volatility_score,HIGH,LOW,120,UP,55.00000000000001,50.95298602287166,4.047013977128344,1.2785075,0.8977999999999999,33.33333333333333,11.666666666666666,55.00000000000001
2,2026-01-01,2026-01-30,TREND_DOWN,intelligence_score,volatility_score,HIGH,HIGH,60,DOWN,51.66666666666667,31.257941550190598,20.408725116476074,0.0406833333333333,-0.5167999999999999,51.66666666666667,13.333333333333334,35.0
2,2026-01-01,2026-01-30,TREND_UP,intelligence_score,volatility_score,LOW,LOW,52,UP,57.692307692307686,46.29315223542728,11.399155456880411,0.735,1.0079,34.61538461538461,7.6923076923076925,57.692307692307686
2,2026-01-01,2026-01-30,TREND_UP,intelligence_score,volatility_score,LOW,HIGH,49,DOWN,57.14285714285714,37.06847764572722,20.074379497129918,-0.8116142857142857,-0.6763,57.14285714285714,12.244897959183673,30.612244897959183
2,2026-01-01,2026-01-30,TREND_UP,intelligence_score,volatility_score,HIGH,LOW,47,DOWN,68.08510638297872,37.06847764572722,31.0166287372515,-1.7874340425531912,-2.2384,68.08510638297872,14.893617021276595,17.02127659574468
2,2026-01-01,2026-01-30,TREND_UP,intelligence_score,volatility_score,HIGH,HIGH,48,DOWN,70.83333333333334,37.06847764572722,33.764855687606115,-2.170835416666667,-2.70615,70.83333333333334,12.5,16.666666666666664
2,2026-01-01,2026-01-30,FLAT,intelligence_score,liquidity_score,LOW,LOW,35,DOWN,57.14285714285714,28.000000000000004,29.14285714285714,-1.1582228571428568,-1.3795,57.14285714285714,11.428571428571429,31.428571428571427
2,2026-01-01,2026-01-30,FLAT,intelligence_score,liquidity_score,HIGH,HIGH,35,DOWN,54.285714285714285,28.000000000000004,26.285714285714278,-0.4682542857142856,-0.7583,54.285714285714285,11.428571428571429,34.285714285714285
2,2026-01-01,2026-01-30,LOW_VOL,intelligence_score,liquidity_score,LOW,LOW,38,DOWN,47.368421052631575,38.11944091486658,9.248980137764995,-0.30233421052631576,0.06525,47.368421052631575,5.263157894736842,47.368421052631575
2,2026-01-01,2026-01-30,LOW_VOL,intelligence_score,liquidity_score,LOW,HIGH,28,DOWN,46.42857142857143,38.11944091486658,8.309130513704849,0.14421428571428563,-0.16935,46.42857142857143,10.714285714285714,42.857142857142854
2,2026-01-01,2026-01-30,LOW_VOL,intelligence_score,liquidity_score,HIGH,HIGH,27,DOWN,44.44444444444444,38.11944091486658,6.32500352957786,-0.38965555555555553,0.0892,44.44444444444444,14.814814814814813,40.74074074074074
2,2026-01-01,2026-01-30,TREND_DOWN,intelligence_score,liquidity_score,LOW,LOW,219,DOWN,60.73059360730594,31.257941550190598,29.47265205711534,-1.0336082191780822,-1.3701,60.73059360730594,10.95890410958904,28.31050228310502
2,2026-01-01,2026-01-30,TREND_DOWN,intelligence_score,liquidity_score,LOW,HIGH,140,DOWN,54.285714285714285,31.257941550190598,23.027772735523683,-0.14515571428571425,-0.72925,54.285714285714285,13.571428571428571,32.142857142857146
2,2026-01-01,2026-01-30,TREND_DOWN,intelligence_score,liquidity_score,HIGH,LOW,38,DOWN,55.26315789473685,31.257941550190598,24.00521634454625,-0.3766815789473685,-0.58355,55.26315789473685,13.157894736842104,31.57894736842105
2,2026-01-01,2026-01-30,TREND_DOWN,intelligence_score,liquidity_score,HIGH,HIGH,142,UP,52.816901408450704,50.95298602287166,1.8639153855790402,1.1984211267605633,0.7395499999999999,35.2112676056338,11.971830985915492,52.816901408450704
2,2026-01-01,2026-01-30,TREND_UP,intelligence_score,liquidity_score,LOW,LOW,67,DOWN,44.776119402985074,37.06847764572722,7.707641757257855,-0.3084298507462687,0.091,44.776119402985074,11.940298507462686,43.28358208955223
2,2026-01-01,2026-01-30,TREND_UP,intelligence_score,liquidity_score,LOW,HIGH,34,DOWN,47.05882352941176,37.06847764572722,9.990345883684542,0.5622264705882352,0.23650000000000002,47.05882352941176,5.88235294117647,47.05882352941176
2,2026-01-01,2026-01-30,TREND_UP,intelligence_score,liquidity_score,HIGH,LOW,27,DOWN,59.25925925925925,37.06847764572722,22.190781613532035,-1.5920111111111113,-1.4813,59.25925925925925,29.629629629629626,11.11111111111111
2,2026-01-01,2026-01-30,TREND_UP,intelligence_score,liquidity_score,HIGH,HIGH,68,DOWN,73.52941176470588,37.06847764572722,36.46093411897866,-2.135664705882353,-2.43845,73.52941176470588,7.352941176470589,19.11764705882353
2,2026-01-01,2026-01-30,CHOPPY,relative_strength,trend_score,HIGH,LOW,20,UP,70.0,42.792792792792795,27.2072072072072,3.76577,3.543,20.0,10.0,70.0
2,2026-01-01,2026-01-30,FLAT,relative_strength,trend_score,LOW,HIGH,23,DOWN,52.17391304347826,28.000000000000004,24.173913043478258,-0.5746130434782609,-0.5856,52.17391304347826,17.391304347826086,30.434782608695656
2,2026-01-01,2026-01-30,FLAT,relative_strength,trend_score,HIGH,HIGH,44,DOWN,61.36363636363637,28.000000000000004,33.36363636363636,-1.065768181818182,-0.9981,61.36363636363637,9.090909090909092,29.545454545454547
2,2026-01-01,2026-01-30,LOW_VOL,relative_strength,trend_score,LOW,LOW,21,UP,57.14285714285714,43.710292249047015,13.432564893810127,1.005295238095238,0.6628,38.095238095238095,4.761904761904762,57.14285714285714
2,2026-01-01,2026-01-30,LOW_VOL,relative_strength,trend_score,HIGH,LOW,38,DOWN,52.63157894736842,38.11944091486658,14.512138032501836,-0.395128947368421,-1.0437500000000002,52.63157894736842,7.894736842105263,39.473684210526315
2,2026-01-01,2026-01-30,LOW_VOL,relative_strength,trend_score,HIGH,HIGH,23,DOWN,47.82608695652174,38.11944091486658,9.706646041655159,-0.06829130434782614,0.198,47.82608695652174,8.695652173913043,43.47826086956522
2,2026-01-01,2026-01-30,TREND_DOWN,relative_strength,trend_score,LOW,LOW,179,DOWN,58.10055865921788,31.257941550190598,26.842617109027284,-0.5903787709497207,-0.9394,58.10055865921788,10.05586592178771,31.843575418994412
2,2026-01-01,2026-01-30,TREND_DOWN,relative_strength,trend_score,LOW,HIGH,89,DOWN,46.06741573033708,31.257941550190598,14.80947418014648,0.20677415730337073,-0.3549,46.06741573033708,14.606741573033707,39.325842696629216
2,2026-01-01,2026-01-30,TREND_DOWN,relative_strength,trend_score,HIGH,LOW,135,DOWN,59.25925925925925,31.257941550190598,28.00131770906866,-0.6636407407407408,-1.2053,59.25925925925925,11.11111111111111,29.629629629629626
2,2026-01-01,2026-01-30,TREND_DOWN,relative_strength,trend_score,HIGH,HIGH,136,UP,45.588235294117645,50.95298602287166,-5.364750728754014,0.6326933823529413,0.329,40.44117647058824,13.970588235294118,45.588235294117645
2,2026-01-01,2026-01-30,TREND_UP,relative_strength,trend_score,LOW,LOW,43,UP,51.162790697674424,46.29315223542728,4.869638462247145,0.6415999999999998,0.6664,41.86046511627907,6.976744186046512,51.162790697674424
2,2026-01-01,2026-01-30,TREND_UP,relative_strength,trend_score,LOW,HIGH,37,DOWN,64.86486486486487,37.06847764572722,27.796387219137646,-2.1245837837837835,-2.6097,64.86486486486487,16.216216216216218,18.91891891891892
2,2026-01-01,2026-01-30,TREND_UP,relative_strength,trend_score,HIGH,LOW,26,UP,53.84615384615385,46.29315223542728,7.553001610726567,0.32878076923076943,1.0887,42.30769230769231,3.8461538461538463,53.84615384615385
2,2026-01-01,2026-01-30,TREND_UP,relative_strength,trend_score,HIGH,HIGH,90,DOWN,65.55555555555556,37.06847764572722,28.487077909828333,-1.636512222222222,-1.6843,65.55555555555556,14.444444444444443,20.0
2,2026-01-01,2026-01-30,CHOPPY,relative_strength,momentum_score,HIGH,HIGH,28,UP,57.14285714285714,42.792792792792795,14.350064350064345,2.315717857142857,2.18045,35.714285714285715,7.142857142857142,57.14285714285714
2,2026-01-01,2026-01-30,FLAT,relative_strength,momentum_score,LOW,LOW,35,DOWN,62.857142857142854,28.000000000000004,34.857142857142854,-1.0833314285714284,-1.913,62.857142857142854,14.285714285714285,22.857142857142858
2,2026-01-01,2026-01-30,FLAT,relative_strength,momentum_score,HIGH,HIGH,53,DOWN,58.490566037735846,28.000000000000004,30.490566037735846,-0.8277396226415094,-0.7583,58.490566037735846,11.320754716981133,30.18867924528302
2,2026-01-01,2026-01-30,LOW_VOL,relative_strength,momentum_score,LOW,LOW,32,UP,50.0,43.710292249047015,6.289707750952989,-0.25625000000000003,0.5016499999999999,43.75,6.25,50.0
2,2026-01-01,2026-01-30,LOW_VOL,relative_strength,momentum_score,HIGH,LOW,21,DOWN,57.14285714285714,38.11944091486658,19.02341622799056,-0.5681380952380954,-1.2808,57.14285714285714,14.285714285714285,28.57142857142857
2,2026-01-01,2026-01-30,LOW_VOL,relative_strength,momentum_score,HIGH,HIGH,40,DOWN,47.5,38.11944091486658,9.380559085133417,-0.11636749999999992,0.20929999999999999,47.5,5.0,47.5
2,2026-01-01,2026-01-30,TREND_DOWN,relative_strength,momentum_score,LOW,LOW,255,DOWN,53.72549019607843,31.257941550190598,22.46754864588783,-0.3046054901960784,-0.648,53.72549019607843,11.372549019607844,34.90196078431372
2,2026-01-01,2026-01-30,TREND_DOWN,relative_strength,momentum_score,HIGH,LOW,121,DOWN,51.2396694214876,31.257941550190598,19.981727871297,-0.06932066115702482,-0.5887,51.2396694214876,12.396694214876034,36.36363636363637
2,2026-01-01,2026-01-30,TREND_DOWN,relative_strength,momentum_score,HIGH,HIGH,150,DOWN,48.66666666666667,31.257941550190598,17.40872511647607,0.03228399999999994,-0.3181,48.66666666666667,12.666666666666668,38.666666666666664
2,2026-01-01,2026-01-30,TREND_UP,relative_strength,momentum_score,LOW,LOW,53,DOWN,50.943396226415096,37.06847764572722,13.874918580687872,-0.3763490566037737,-0.6429,50.943396226415096,7.547169811320755,41.509433962264154
2,2026-01-01,2026-01-30,TREND_UP,relative_strength,momentum_score,LOW,HIGH,27,DOWN,55.55555555555556,37.06847764572722,18.487077909828336,-1.1508999999999998,-0.8802,55.55555555555556,18.51851851851852,25.925925925925924
2,2026-01-01,2026-01-30,TREND_UP,relative_strength,momentum_score,HIGH,HIGH,104,DOWN,56.730769230769226,37.06847764572722,19.66229158504201,-0.9182538461538462,-1.27535,56.730769230769226,13.461538461538462,29.807692307692307
2,2026-01-01,2026-01-30,CHOPPY,relative_strength,volatility_score,HIGH,LOW,26,UP,57.692307692307686,42.792792792792795,14.899514899514893,2.397134615384615,2.59195,34.61538461538461,7.6923076923076925,57.692307692307686
2,2026-01-01,2026-01-30,FLAT,relative_strength,volatility_score,LOW,HIGH,26,DOWN,69.23076923076923,28.000000000000004,41.230769230769226,-1.2483076923076921,-2.0451,69.23076923076923,15.384615384615385,15.384615384615385
2,2026-01-01,2026-01-30,FLAT,relative_strength,volatility_score,HIGH,LOW,20,DOWN,55.00000000000001,28.000000000000004,27.0,-0.283265,-0.7153499999999999,55.00000000000001,20.0,25.0
2,2026-01-01,2026-01-30,FLAT,relative_strength,volatility_score,HIGH,HIGH,37,DOWN,59.45945945945946,28.000000000000004,31.45945945945946,-1.0759297297297297,-0.9838,59.45945945945946,5.405405405405405,35.13513513513514
2,2026-01-01,2026-01-30,LOW_VOL,relative_strength,volatility_score,LOW,LOW,31,UP,48.38709677419355,43.710292249047015,4.676804525146538,0.007890322580645108,0.3932,38.70967741935484,12.903225806451612,48.38709677419355
2,2026-01-01,2026-01-30,LOW_VOL,relative_strength,volatility_score,HIGH,LOW,37,UP,56.75675675675676,43.710292249047015,13.046464507709743,0.5772405405405405,0.8617,37.83783783783784,5.405405405405405,56.75675675675676
2,2026-01-01,2026-01-30,LOW_VOL,relative_strength,volatility_score,HIGH,HIGH,24,DOWN,70.83333333333334,38.11944091486658,32.713892418466756,-1.5809791666666664,-1.49635,70.83333333333334,12.5,16.666666666666664
2,2026-01-01,2026-01-30,TREND_DOWN,relative_strength,volatility_score,LOW,LOW,167,DOWN,49.700598802395206,31.257941550190598,18.442657252204608,-0.1534203592814372,-0.433,49.700598802395206,10.179640718562874,40.119760479041915
2,2026-01-01,2026-01-30,TREND_DOWN,relative_strength,volatility_score,LOW,HIGH,101,DOWN,61.386138613861384,31.257941550190598,30.128197063670786,-0.6104326732673265,-0.9744,61.386138613861384,13.861386138613863,24.752475247524753
2,2026-01-01,2026-01-30,TREND_DOWN,relative_strength,volatility_score,HIGH,LOW,156,DOWN,44.230769230769226,31.257941550190598,12.97282768057863,0.3785807692307694,0.0075,44.230769230769226,12.82051282051282,42.94871794871795
2,2026-01-01,2026-01-30,TREND_DOWN,relative_strength,volatility_score,HIGH,HIGH,115,DOWN,57.391304347826086,31.257941550190598,26.13336279763549,-0.5443808695652174,-1.0608,57.391304347826086,12.173913043478262,30.434782608695656
2,2026-01-01,2026-01-30,TREND_UP,relative_strength,volatility_score,LOW,LOW,43,UP,46.51162790697674,46.29315223542728,0.21847567154946734,-0.05298837209302316,0.153,44.18604651162791,9.30232558139535,46.51162790697674
2,2026-01-01,2026-01-30,TREND_UP,relative_strength,volatility_score,LOW,HIGH,37,DOWN,62.16216216216216,37.06847764572722,25.093684516434937,-1.3173594594594598,-0.9996,62.16216216216216,13.513513513513514,24.324324324324326
2,2026-01-01,2026-01-30,TREND_UP,relative_strength,volatility_score,HIGH,LOW,56,DOWN,55.35714285714286,37.06847764572722,18.28866521141564,-0.7769803571428572,-1.00485,55.35714285714286,12.5,32.142857142857146
2,2026-01-01,2026-01-30,TREND_UP,relative_strength,volatility_score,HIGH,HIGH,60,DOWN,65.0,37.06847764572722,27.93152235427278,-1.587115,-1.60445,65.0,11.666666666666666,23.333333333333332
2,2026-01-01,2026-01-30,CHOPPY,relative_strength,liquidity_score,HIGH,HIGH,21,DOWN,42.857142857142854,41.891891891891895,0.9652509652509633,0.8866809523809523,-0.0121,42.857142857142854,14.285714285714285,42.857142857142854
2,2026-01-01,2026-01-30,FLAT,relative_strength,liquidity_score,LOW,HIGH,22,DOWN,59.09090909090909,28.000000000000004,31.09090909090909,-0.7367136363636365,-2.041,59.09090909090909,9.090909090909092,31.818181818181817
2,2026-01-01,2026-01-30,FLAT,relative_strength,liquidity_score,HIGH,LOW,31,DOWN,58.06451612903226,28.000000000000004,30.06451612903226,-0.9712096774193548,-1.0735,58.06451612903226,6.451612903225806,35.483870967741936
2,2026-01-01,2026-01-30,FLAT,relative_strength,liquidity_score,HIGH,HIGH,26,DOWN,57.692307692307686,28.000000000000004,29.692307692307686,-0.5910461538461539,-0.7276,57.692307692307686,15.384615384615385,26.923076923076923
2,2026-01-01,2026-01-30,LOW_VOL,relative_strength,liquidity_score,LOW,HIGH,25,DOWN,44.0,38.11944091486658,5.880559085133418,-0.31476400000000004,-0.0037,44.0,16.0,40.0
2,2026-01-01,2026-01-30,LOW_VOL,relative_strength,liquidity_score,HIGH,LOW,31,DOWN,54.83870967741935,38.11944091486658,16.71926876255277,-0.5797419354838711,-0.8231,54.83870967741935,6.451612903225806,38.70967741935484
2,2026-01-01,2026-01-30,LOW_VOL,relative_strength,liquidity_score,HIGH,HIGH,30,DOWN,46.666666666666664,38.11944091486658,8.547225751800086,0.04621333333333331,0.01815,46.666666666666664,10.0,43.333333333333336
2,2026-01-01,2026-01-30,TREND_DOWN,relative_strength,liquidity_score,LOW,LOW,141,DOWN,63.829787234042556,31.257941550190598,32.571845683851954,-1.0941120567375888,-1.2492,63.829787234042556,9.929078014184398,26.24113475177305
2,2026-01-01,2026-01-30,TREND_DOWN,relative_strength,liquidity_score,LOW,HIGH,127,DOWN,43.30708661417323,31.257941550190598,12.04914506398263,0.5275188976377952,-0.0649,43.30708661417323,13.385826771653544,43.30708661417323
2,2026-01-01,2026-01-30,TREND_DOWN,relative_strength,liquidity_score,HIGH,LOW,116,DOWN,55.172413793103445,31.257941550190598,23.914472242912847,-0.7448646551724135,-0.98305,55.172413793103445,12.931034482758621,31.896551724137932
2,2026-01-01,2026-01-30,TREND_DOWN,relative_strength,liquidity_score,HIGH,HIGH,155,DOWN,45.806451612903224,31.257941550190598,14.548510062712626,0.5345748387096771,-0.0343,45.806451612903224,12.258064516129032,41.935483870967744
2,2026-01-01,2026-01-30,TREND_UP,relative_strength,liquidity_score,LOW,LOW,36,UP,50.0,46.29315223542728,3.706847764572724,0.46322500000000005,0.5378,30.555555555555557,19.444444444444446,50.0
2,2026-01-01,2026-01-30,TREND_UP,relative_strength,liquidity_score,LOW,HIGH,44,DOWN,70.45454545454545,37.06847764572722,33.38606780881824,-1.5385659090909087,-2.5161499999999997,70.45454545454545,4.545454545454546,25.0
2,2026-01-01,2026-01-30,TREND_UP,relative_strength,liquidity_score,HIGH,LOW,58,DOWN,60.3448275862069,37.06847764572722,23.276349940479673,-1.3849172413793103,-1.4665,60.3448275862069,15.517241379310345,24.137931034482758
2,2026-01-01,2026-01-30,TREND_UP,relative_strength,liquidity_score,HIGH,HIGH,58,DOWN,60.3448275862069,37.06847764572722,23.276349940479673,-1.0071137931034482,-1.3275000000000001,60.3448275862069,8.620689655172415,31.03448275862069
2,2026-01-01,2026-01-30,FLAT,trend_score,momentum_score,LOW,LOW,20,DOWN,75.0,28.000000000000004,47.0,-1.9600149999999998,-2.4478999999999997,75.0,5.0,20.0
2,2026-01-01,2026-01-30,FLAT,trend_score,momentum_score,HIGH,HIGH,48,DOWN,62.5,28.000000000000004,34.5,-1.24560625,-0.9981,62.5,8.333333333333332,29.166666666666668
2,2026-01-01,2026-01-30,LOW_VOL,trend_score,momentum_score,LOW,LOW,38,DOWN,47.368421052631575,38.11944091486658,9.248980137764995,0.15106052631578945,-0.16935,47.368421052631575,10.526315789473683,42.10526315789473
2,2026-01-01,2026-01-30,LOW_VOL,trend_score,momentum_score,LOW,HIGH,21,UP,52.38095238095239,43.710292249047015,8.670660131905372,0.01695238095238082,0.7722,47.61904761904761,0.0,52.38095238095239
2,2026-01-01,2026-01-30,LOW_VOL,trend_score,momentum_score,HIGH,HIGH,24,UP,45.83333333333333,43.710292249047015,2.12304108428632,0.3020041666666667,0.20929999999999999,37.5,16.666666666666664,45.83333333333333
2,2026-01-01,2026-01-30,TREND_DOWN,trend_score,momentum_score,LOW,LOW,263,DOWN,59.6958174904943,31.257941550190598,28.437875940303698,-0.697026235741445,-0.987,59.6958174904943,10.26615969581749,30.038022813688215
2,2026-01-01,2026-01-30,TREND_DOWN,trend_score,momentum_score,LOW,HIGH,51,DOWN,52.94117647058824,31.257941550190598,21.683234920397638,-0.23434117647058816,-0.9513,52.94117647058824,11.76470588235294,35.294117647058826
2,2026-01-01,2026-01-30,TREND_DOWN,trend_score,momentum_score,HIGH,LOW,113,UP,47.78761061946903,50.95298602287166,-3.1653754034026313,0.8606699115044248,0.4581,37.16814159292036,15.04424778761062,47.78761061946903
2,2026-01-01,2026-01-30,TREND_DOWN,trend_score,momentum_score,HIGH,HIGH,112,DOWN,48.214285714285715,31.257941550190598,16.956344164095118,0.06422767857142855,-0.39765,48.214285714285715,13.392857142857142,38.392857142857146
2,2026-01-01,2026-01-30,TREND_UP,trend_score,momentum_score,LOW,LOW,41,UP,51.21951219512195,46.29315223542728,4.926359959694676,0.15374390243902453,0.6664,46.34146341463415,2.4390243902439024,51.21951219512195
2,2026-01-01,2026-01-30,TREND_UP,trend_score,momentum_score,LOW,HIGH,28,UP,53.57142857142857,46.29315223542728,7.278276336001293,1.0654857142857144,1.11245,35.714285714285715,10.714285714285714,53.57142857142857
2,2026-01-01,2026-01-30,TREND_UP,trend_score,momentum_score,HIGH,LOW,24,DOWN,79.16666666666666,37.06847764572722,42.098189020939444,-2.895391666666667,-3.37105,79.16666666666666,12.5,8.333333333333332
2,2026-01-01,2026-01-30,TREND_UP,trend_score,momentum_score,HIGH,HIGH,103,DOWN,62.13592233009708,37.06847764572722,25.06744468436986,-1.518507766990291,-1.6033,62.13592233009708,15.53398058252427,22.330097087378643
2,2026-01-01,2026-01-30,CHOPPY,trend_score,volatility_score,LOW,LOW,28,UP,78.57142857142857,42.792792792792795,35.778635778635774,3.693653571428571,3.239,14.285714285714285,7.142857142857142,78.57142857142857
2,2026-01-01,2026-01-30,FLAT,trend_score,volatility_score,LOW,HIGH,20,DOWN,70.0,28.000000000000004,41.99999999999999,-1.067765,-1.4526,70.0,5.0,25.0
2,2026-01-01,2026-01-30,FLAT,trend_score,volatility_score,HIGH,LOW,24,DOWN,54.166666666666664,28.000000000000004,26.16666666666666,-0.38332499999999997,-0.7153499999999999,54.166666666666664,12.5,33.33333333333333
2,2026-01-01,2026-01-30,FLAT,trend_score,volatility_score,HIGH,HIGH,43,DOWN,60.46511627906976,28.000000000000004,32.46511627906976,-1.1839558139534885,-1.819,60.46511627906976,11.627906976744185,27.906976744186046
2,2026-01-01,2026-01-30,LOW_VOL,trend_score,volatility_score,LOW,LOW,41,UP,56.09756097560976,43.710292249047015,12.38726872656275,0.8275243902439025,0.7722,36.58536585365854,7.317073170731707,56.09756097560976
2,2026-01-01,2026-01-30,LOW_VOL,trend_score,volatility_score,HIGH,LOW,27,UP,48.148148148148145,43.710292249047015,4.437855899101134,-0.45651851851851855,0.3932,40.74074074074074,11.11111111111111,48.148148148148145
2,2026-01-01,2026-01-30,TREND_DOWN,trend_score,volatility_score,LOW,LOW,186,DOWN,53.2258064516129,31.257941550190598,21.967864901422303,-0.45646344086021484,-0.7341500000000001,53.2258064516129,10.75268817204301,36.02150537634409
2,2026-01-01,2026-01-30,TREND_DOWN,trend_score,volatility_score,LOW,HIGH,128,DOWN,66.40625,31.257941550190598,35.1483084498094,-0.8622429687500001,-1.309,66.40625,10.15625,23.4375
2,2026-01-01,2026-01-30,TREND_DOWN,trend_score,volatility_score,HIGH,LOW,137,UP,48.9051094890511,50.95298602287166,-2.0478765338205642,0.863792700729927,0.4797,38.68613138686132,12.408759124087592,48.9051094890511
2,2026-01-01,2026-01-30,TREND_DOWN,trend_score,volatility_score,HIGH,HIGH,88,DOWN,48.86363636363637,31.257941550190598,17.605694813445766,-0.15784545454545454,-0.3155,48.86363636363637,17.045454545454543,34.090909090909086
2,2026-01-01,2026-01-30,TREND_UP,trend_score,volatility_score,LOW,LOW,39,UP,66.66666666666666,46.29315223542728,20.373514431239386,1.4809615384615382,1.908,30.76923076923077,2.564102564102564,66.66666666666666
2,2026-01-01,2026-01-30,TREND_UP,trend_score,volatility_score,LOW,HIGH,30,DOWN,56.666666666666664,37.06847764572722,19.598189020939444,-0.7206799999999999,-0.66605,56.666666666666664,10.0,33.33333333333333
2,2026-01-01,2026-01-30,TREND_UP,trend_score,volatility_score,HIGH,LOW,60,DOWN,63.33333333333333,37.06847764572722,26.264855687606108,-1.7257816666666668,-2.2351,63.33333333333333,16.666666666666664,20.0
2,2026-01-01,2026-01-30,TREND_UP,trend_score,volatility_score,HIGH,HIGH,67,DOWN,67.16417910447761,37.06847764572722,30.095701458750394,-1.8261014925373134,-1.6336,67.16417910447761,13.432835820895523,19.402985074626866
2,2026-01-01,2026-01-30,FLAT,trend_score,liquidity_score,HIGH,LOW,34,DOWN,61.76470588235294,28.000000000000004,33.76470588235294,-1.2262382352941175,-1.39365,61.76470588235294,11.76470588235294,26.47058823529412
2,2026-01-01,2026-01-30,FLAT,trend_score,liquidity_score,HIGH,HIGH,33,DOWN,54.54545454545454,28.000000000000004,26.54545454545454,-0.5581151515151515,-0.7583,54.54545454545454,12.121212121212121,33.33333333333333
2,2026-01-01,2026-01-30,LOW_VOL,trend_score,liquidity_score,LOW,LOW,30,DOWN,53.333333333333336,38.11944091486658,15.21389241846675,-0.6442933333333334,-1.0437500000000002,53.333333333333336,3.3333333333333335,43.333333333333336
2,2026-01-01,2026-01-30,LOW_VOL,trend_score,liquidity_score,LOW,HIGH,29,UP,48.275862068965516,43.710292249047015,4.565569819918508,0.8767275862068966,0.4532,41.37931034482759,10.344827586206897,48.275862068965516
2,2026-01-01,2026-01-30,LOW_VOL,trend_score,liquidity_score,HIGH,HIGH,26,DOWN,50.0,38.11944091486658,11.880559085133418,-1.227223076923077,-0.4621,50.0,15.384615384615385,34.61538461538461
2,2026-01-01,2026-01-30,TREND_DOWN,trend_score,liquidity_score,LOW,LOW,163,DOWN,62.57668711656442,31.257941550190598,31.318745566373824,-1.111703680981595,-1.6903,62.57668711656442,8.588957055214724,28.834355828220858
2,2026-01-01,2026-01-30,TREND_DOWN,trend_score,liquidity_score,LOW,HIGH,151,DOWN,54.3046357615894,31.257941550190598,23.046694211398805,-0.09312317880794692,-0.6561,54.3046357615894,12.582781456953644,33.11258278145696
2,2026-01-01,2026-01-30,TREND_DOWN,trend_score,liquidity_score,HIGH,LOW,94,DOWN,55.319148936170215,31.257941550190598,24.061207385979618,-0.6326212765957447,-0.64915,55.319148936170215,15.957446808510639,28.723404255319153
2,2026-01-01,2026-01-30,TREND_DOWN,trend_score,liquidity_score,HIGH,HIGH,131,UP,53.43511450381679,50.95298602287166,2.482128480945134,1.2512641221374043,0.8391,33.587786259541986,12.977099236641221,53.43511450381679
2,2026-01-01,2026-01-30,TREND_UP,trend_score,liquidity_score,LOW,LOW,35,UP,54.285714285714285,46.29315223542728,7.992562050287005,0.3307057142857142,1.077,37.142857142857146,8.571428571428571,54.285714285714285
2,2026-01-01,2026-01-30,TREND_UP,trend_score,liquidity_score,LOW,HIGH,34,UP,50.0,46.29315223542728,3.706847764572724,0.7224235294117648,0.40055,47.05882352941176,2.941176470588235,50.0
2,2026-01-01,2026-01-30,TREND_UP,trend_score,liquidity_score,HIGH,LOW,59,DOWN,55.932203389830505,37.06847764572722,18.86372574410328,-1.274979661016949,-1.311,55.932203389830505,22.033898305084744,22.033898305084744
2,2026-01-01,2026-01-30,TREND_UP,trend_score,liquidity_score,HIGH,HIGH,68,DOWN,73.52941176470588,37.06847764572722,36.46093411897866,-2.2157632352941175,-2.4538,73.52941176470588,8.823529411764707,17.647058823529413
2,2026-01-01,2026-01-30,CHOPPY,momentum_score,volatility_score,HIGH,LOW,28,UP,64.28571428571429,42.792792792792795,21.492921492921496,2.4234714285714283,2.57475,32.142857142857146,3.571428571428571,64.28571428571429
2,2026-01-01,2026-01-30,FLAT,momentum_score,volatility_score,LOW,HIGH,26,DOWN,61.53846153846154,28.000000000000004,33.53846153846154,-0.9677538461538463,-1.866,61.53846153846154,15.384615384615385,23.076923076923077
2,2026-01-01,2026-01-30,FLAT,momentum_score,volatility_score,HIGH,LOW,22,DOWN,54.54545454545454,28.000000000000004,26.54545454545454,-0.5845545454545453,-0.7153499999999999,54.54545454545454,18.181818181818183,27.27272727272727
2,2026-01-01,2026-01-30,FLAT,momentum_score,volatility_score,HIGH,HIGH,37,DOWN,64.86486486486487,28.000000000000004,36.86486486486486,-1.2730756756756756,-1.0735,64.86486486486487,5.405405405405405,29.72972972972973
2,2026-01-01,2026-01-30,LOW_VOL,momentum_score,volatility_score,LOW,LOW,37,UP,45.94594594594595,43.710292249047015,2.235653696898937,-0.17710000000000004,0.3932,43.24324324324324,10.81081081081081,45.94594594594595
2,2026-01-01,2026-01-30,LOW_VOL,momentum_score,volatility_score,HIGH,LOW,31,UP,61.29032258064516,43.710292249047015,17.580030331598152,0.9082322580645161,1.5597,32.25806451612903,6.451612903225806,61.29032258064516
2,2026-01-01,2026-01-30,TREND_DOWN,momentum_score,volatility_score,LOW,LOW,221,DOWN,47.05882352941176,31.257941550190598,15.800881979221165,0.009976018099547459,-0.3558,47.05882352941176,11.76470588235294,41.17647058823529
2,2026-01-01,2026-01-30,TREND_DOWN,momentum_score,volatility_score,LOW,HIGH,155,DOWN,61.29032258064516,31.257941550190598,30.032381030454562,-0.569463870967742,-0.975,61.29032258064516,11.612903225806452,27.09677419354839
2,2026-01-01,2026-01-30,TREND_DOWN,momentum_score,volatility_score,HIGH,LOW,102,DOWN,47.05882352941176,31.257941550190598,15.800881979221165,0.30620294117647057,-0.33685,47.05882352941176,10.784313725490197,42.15686274509804
2,2026-01-01,2026-01-30,TREND_DOWN,momentum_score,volatility_score,HIGH,HIGH,61,DOWN,54.09836065573771,31.257941550190598,22.84041910554711,-0.5900098360655738,-0.9513,54.09836065573771,16.39344262295082,29.508196721311474
2,2026-01-01,2026-01-30,TREND_UP,momentum_score,volatility_score,LOW,LOW,36,DOWN,47.22222222222222,37.06847764572722,10.153744576494999,-0.16405833333333333,0.11474999999999999,47.22222222222222,5.555555555555555,47.22222222222222
2,2026-01-01,2026-01-30,TREND_UP,momentum_score,volatility_score,LOW,HIGH,29,DOWN,72.41379310344827,37.06847764572722,35.34531545772106,-1.9751655172413793,-2.7433,72.41379310344827,6.896551724137931,20.689655172413794
2,2026-01-01,2026-01-30,TREND_UP,momentum_score,volatility_score,HIGH,LOW,63,DOWN,52.38095238095239,37.06847764572722,15.312474735225162,-0.6330682539682538,-0.9022,52.38095238095239,14.285714285714285,33.33333333333333
2,2026-01-01,2026-01-30,TREND_UP,momentum_score,volatility_score,HIGH,HIGH,68,DOWN,60.29411764705882,37.06847764572722,23.2256400013316,-1.2748441176470588,-1.3485,60.29411764705882,14.705882352941178,25.0
2,2026-01-01,2026-01-30,CHOPPY,momentum_score,liquidity_score,HIGH,HIGH,22,UP,50.0,42.792792792792795,7.2072072072072055,0.7697954545454544,0.62075,45.45454545454545,4.545454545454546,50.0
2,2026-01-01,2026-01-30,FLAT,momentum_score,liquidity_score,LOW,HIGH,21,DOWN,57.14285714285714,28.000000000000004,29.14285714285714,-0.376947619047619,-1.819,57.14285714285714,9.523809523809524,33.33333333333333
2,2026-01-01,2026-01-30,FLAT,momentum_score,liquidity_score,HIGH,LOW,32,DOWN,62.5,28.000000000000004,34.5,-1.13453125,-1.20255,62.5,6.25,31.25
2,2026-01-01,2026-01-30,FLAT,momentum_score,liquidity_score,HIGH,HIGH,27,DOWN,59.25925925925925,28.000000000000004,31.259259259259252,-0.8762592592592592,-0.7281,59.25925925925925,14.814814814814813,25.925925925925924
2,2026-01-01,2026-01-30,LOW_VOL,momentum_score,liquidity_score,LOW,LOW,23,DOWN,47.82608695652174,38.11944091486658,9.706646041655159,-0.4004826086956521,-0.0901,47.82608695652174,4.3478260869565215,47.82608695652174
2,2026-01-01,2026-01-30,LOW_VOL,momentum_score,liquidity_score,LOW,HIGH,30,DOWN,50.0,38.11944091486658,11.880559085133418,-0.3639933333333334,-0.6213500000000001,50.0,13.333333333333334,36.666666666666664
2,2026-01-01,2026-01-30,LOW_VOL,momentum_score,liquidity_score,HIGH,LOW,20,UP,50.0,43.710292249047015,6.289707750952989,0.15834999999999996,0.4964,45.0,5.0,50.0
2,2026-01-01,2026-01-30,LOW_VOL,momentum_score,liquidity_score,HIGH,HIGH,25,UP,48.0,43.710292249047015,4.289707750952987,0.177484,0.198,40.0,12.0,48.0
2,2026-01-01,2026-01-30,TREND_DOWN,momentum_score,liquidity_score,LOW,LOW,188,DOWN,63.297872340425535,31.257941550190598,32.03993079023493,-1.1792670212765957,-1.40995,63.297872340425535,9.574468085106384,27.127659574468083
2,2026-01-01,2026-01-30,TREND_DOWN,momentum_score,liquidity_score,LOW,HIGH,188,UP,43.61702127659575,50.95298602287166,-7.335964746275914,0.7214893617021277,0.04225,42.5531914893617,13.829787234042554,43.61702127659575
2,2026-01-01,2026-01-30,TREND_DOWN,momentum_score,liquidity_score,HIGH,LOW,69,DOWN,50.72463768115942,31.257941550190598,19.466696130968824,-0.27495507246376805,-0.6092,50.72463768115942,15.942028985507244,33.33333333333333
2,2026-01-01,2026-01-30,TREND_DOWN,momentum_score,liquidity_score,HIGH,HIGH,94,DOWN,48.93617021276596,31.257941550190598,17.678228662575357,0.15121276595744676,-0.46885,48.93617021276596,10.638297872340425,40.42553191489361
2,2026-01-01,2026-01-30,TREND_UP,momentum_score,liquidity_score,LOW,LOW,27,UP,48.148148148148145,46.29315223542728,1.8549959127208693,-0.13001481481481478,0.4442,37.03703703703704,14.814814814814813,48.148148148148145
2,2026-01-01,2026-01-30,TREND_UP,momentum_score,liquidity_score,LOW,HIGH,38,DOWN,73.68421052631578,37.06847764572722,36.61573288058857,-1.570407894736842,-2.6328,73.68421052631578,0.0,26.31578947368421
2,2026-01-01,2026-01-30,TREND_UP,momentum_score,liquidity_score,HIGH,LOW,67,DOWN,53.73134328358209,37.06847764572722,16.662865637854868,-0.897592537313433,-1.1075,53.73134328358209,17.91044776119403,28.35820895522388
2,2026-01-01,2026-01-30,TREND_UP,momentum_score,liquidity_score,HIGH,HIGH,64,DOWN,59.375,37.06847764572722,22.30652235427278,-1.03803125,-1.2797,59.375,10.9375,29.6875
2,2026-01-01,2026-01-30,CHOPPY,volatility_score,liquidity_score,LOW,HIGH,24,UP,50.0,42.792792792792795,7.2072072072072055,0.974825,0.39375,41.66666666666667,8.333333333333332,50.0
2,2026-01-01,2026-01-30,FLAT,volatility_score,liquidity_score,LOW,HIGH,22,DOWN,50.0,28.000000000000004,21.999999999999996,-0.3307,-0.42319999999999997,50.0,18.181818181818183,31.818181818181817
2,2026-01-01,2026-01-30,FLAT,volatility_score,liquidity_score,HIGH,LOW,37,DOWN,62.16216216216216,28.000000000000004,34.162162162162154,-1.296375675675676,-1.4557,62.16216216216216,10.81081081081081,27.027027027027028
2,2026-01-01,2026-01-30,FLAT,volatility_score,liquidity_score,HIGH,HIGH,26,DOWN,65.38461538461539,28.000000000000004,37.38461538461538,-0.9345961538461539,-1.95435,65.38461538461539,7.6923076923076925,26.923076923076923
2,2026-01-01,2026-01-30,LOW_VOL,volatility_score,liquidity_score,LOW,LOW,29,UP,62.06896551724138,43.710292249047015,18.35867326819437,0.2753206896551724,0.7722,34.48275862068966,3.4482758620689653,62.06896551724138
2,2026-01-01,2026-01-30,LOW_VOL,volatility_score,liquidity_score,LOW,HIGH,39,UP,46.15384615384615,43.710292249047015,2.443553904799145,0.34918461538461537,0.3932,41.02564102564102,12.82051282051282,46.15384615384615
2,2026-01-01,2026-01-30,TREND_DOWN,volatility_score,liquidity_score,LOW,LOW,127,DOWN,56.69291338582677,31.257941550190598,25.434971835636173,-0.8589795275590552,-1.0148,56.69291338582677,8.661417322834646,34.645669291338585
2,2026-01-01,2026-01-30,TREND_DOWN,volatility_score,liquidity_score,LOW,HIGH,196,UP,45.91836734693878,50.95298602287166,-5.034618675932884,0.7271826530612243,0.21675,40.816326530612244,13.26530612244898,45.91836734693878
2,2026-01-01,2026-01-30,TREND_DOWN,volatility_score,liquidity_score,HIGH,LOW,130,DOWN,63.07692307692307,31.257941550190598,31.818981526732475,-1.0121823076923075,-1.1874,63.07692307692307,13.846153846153847,23.076923076923077
2,2026-01-01,2026-01-30,TREND_DOWN,volatility_score,liquidity_score,HIGH,HIGH,86,DOWN,53.48837209302325,31.257941550190598,22.230430542832654,0.08518837209302324,-0.6469,53.48837209302325,11.627906976744185,34.883720930232556
2,2026-01-01,2026-01-30,TREND_UP,volatility_score,liquidity_score,LOW,LOW,37,UP,51.35135135135135,46.29315223542728,5.058199115924072,0.19366486486486484,0.6314,29.72972972972973,18.91891891891892,51.35135135135135
2,2026-01-01,2026-01-30,TREND_UP,volatility_score,liquidity_score,LOW,HIGH,62,DOWN,62.903225806451616,37.06847764572722,25.83474816072439,-0.8541129032258065,-2.09065,62.903225806451616,6.451612903225806,30.64516129032258
2,2026-01-01,2026-01-30,TREND_UP,volatility_score,liquidity_score,HIGH,LOW,57,DOWN,61.40350877192983,37.06847764572722,24.335031126202605,-1.242363157894737,-1.4813,61.40350877192983,15.789473684210526,22.807017543859647
2,2026-01-01,2026-01-30,TREND_UP,volatility_score,liquidity_score,HIGH,HIGH,40,DOWN,67.5,37.06847764572722,30.431522354272783,-1.8288625,-2.09295,67.5,7.5,25.0
3,2026-02-02,2026-02-27,CHOPPY,change_pct,intelligence_score,LOW,LOW,77,DOWN,55.84415584415584,40.36511156186612,15.479044282289717,-0.26082467532467524,-1.1649,55.84415584415584,2.5974025974025974,41.55844155844156
3,2026-02-02,2026-02-27,CHOPPY,change_pct,intelligence_score,LOW,HIGH,35,UP,51.42857142857142,44.62474645030426,6.803824978267165,-0.30818571428571445,0.9859,40.0,8.571428571428571,51.42857142857142
3,2026-02-02,2026-02-27,CHOPPY,change_pct,intelligence_score,HIGH,LOW,54,DOWN,48.148148148148145,40.36511156186612,7.783036586282021,-0.5899425925925925,-0.2269,48.148148148148145,12.962962962962962,38.88888888888889
3,2026-02-02,2026-02-27,CHOPPY,change_pct,intelligence_score,HIGH,HIGH,79,DOWN,62.0253164556962,40.36511156186612,21.660204893830077,-1.682864556962025,-1.1841,62.0253164556962,8.860759493670885,29.11392405063291
3,2026-02-02,2026-02-27,TREND_DOWN,change_pct,intelligence_score,LOW,LOW,122,DOWN,59.01639344262295,39.66817496229261,19.348218480330342,-1.8747073770491804,-1.7136,59.01639344262295,11.475409836065573,29.508196721311474
3,2026-02-02,2026-02-27,TREND_DOWN,change_pct,intelligence_score,LOW,HIGH,89,DOWN,50.56179775280899,39.66817496229261,10.893622790516384,-1.205532584269663,-0.6099,50.56179775280899,11.235955056179774,38.20224719101123
3,2026-02-02,2026-02-27,TREND_DOWN,change_pct,intelligence_score,HIGH,LOW,61,DOWN,57.377049180327866,39.66817496229261,17.70887421803526,-1.6294868852459017,-1.0176,57.377049180327866,14.754098360655737,27.86885245901639
3,2026-02-02,2026-02-27,TREND_DOWN,change_pct,intelligence_score,HIGH,HIGH,71,DOWN,46.478873239436616,39.66817496229261,6.810698277144011,-0.875930985915493,-0.3965,46.478873239436616,15.492957746478872,38.028169014084504
3,2026-02-02,2026-02-27,TREND_UP,change_pct,intelligence_score,LOW,LOW,86,DOWN,44.18604651162791,39.0728476821192,5.113198829508702,-0.6098372093023255,-0.11359999999999999,44.18604651162791,17.441860465116278,38.372093023255815
3,2026-02-02,2026-02-27,TREND_UP,change_pct,intelligence_score,LOW,HIGH,80,UP,46.25,44.77840040753948,1.4715995924605207,-0.04972124999999998,0.3608,37.5,16.25,46.25
3,2026-02-02,2026-02-27,TREND_UP,change_pct,intelligence_score,HIGH,LOW,84,UP,51.19047619047619,44.77840040753948,6.4120757829367045,0.36415952380952393,0.619,35.714285714285715,13.095238095238097,51.19047619047619
3,2026-02-02,2026-02-27,TREND_UP,change_pct,intelligence_score,HIGH,HIGH,142,UP,46.478873239436616,44.77840040753948,1.7004728318971374,0.3700936619718311,0.34795,35.2112676056338,18.30985915492958,46.478873239436616
3,2026-02-02,2026-02-27,CHOPPY,change_pct,relative_strength,LOW,LOW,102,DOWN,54.90196078431373,40.36511156186612,14.536849222447607,-0.5651107843137255,-1.19405,54.90196078431373,4.901960784313726,40.19607843137255
3,2026-02-02,2026-02-27,CHOPPY,change_pct,relative_strength,HIGH,LOW,20,DOWN,60.0,40.36511156186612,19.634888438133874,-0.9014700000000001,-0.9457500000000001,60.0,5.0,35.0
3,2026-02-02,2026-02-27,CHOPPY,change_pct,relative_strength,HIGH,HIGH,113,DOWN,55.75221238938053,40.36511156186612,15.387100827514406,-1.2988831858407077,-1.0384,55.75221238938053,11.504424778761061,32.743362831858406
3,2026-02-02,2026-02-27,TREND_DOWN,change_pct,relative_strength,LOW,LOW,137,DOWN,52.55474452554745,39.66817496229261,12.88656956325484,-1.313407299270073,-0.7275,52.55474452554745,10.218978102189782,37.22627737226277
3,2026-02-02,2026-02-27,TREND_DOWN,change_pct,relative_strength,LOW,HIGH,74,DOWN,60.810810810810814,39.66817496229261,21.142635848518204,-2.1090527027027024,-1.55155,60.810810810810814,13.513513513513514,25.675675675675674
3,2026-02-02,2026-02-27,TREND_DOWN,change_pct,relative_strength,HIGH,LOW,21,UP,52.38095238095239,44.871794871794876,7.50915750915751,0.040966666666666776,0.9269,33.33333333333333,14.285714285714285,52.38095238095239
3,2026-02-02,2026-02-27,TREND_DOWN,change_pct,relative_strength,HIGH,HIGH,111,DOWN,54.95495495495496,39.66817496229261,15.286779992662353,-1.4635144144144145,-0.7059,54.95495495495496,15.315315315315313,29.72972972972973
3,2026-02-02,2026-02-27,TREND_UP,change_pct,relative_strength,LOW,LOW,143,UP,41.25874125874126,44.77840040753948,-3.5196591487982207,-0.3097496503496504,0.0409,40.55944055944056,18.181818181818183,41.25874125874126
3,2026-02-02,2026-02-27,TREND_UP,change_pct,relative_strength,LOW,HIGH,23,UP,47.82608695652174,44.77840040753948,3.0476865489822593,-0.5273695652173912,0.3406,43.47826086956522,8.695652173913043,47.82608695652174
3,2026-02-02,2026-02-27,TREND_UP,change_pct,relative_strength,HIGH,LOW,52,UP,53.84615384615385,44.77840040753948,9.067753438614362,0.08798461538461536,0.6323,34.61538461538461,11.538461538461538,53.84615384615385
3,2026-02-02,2026-02-27,TREND_UP,change_pct,relative_strength,HIGH,HIGH,174,UP,46.55172413793103,44.77840040753948,1.7733237303915517,0.4515373563218392,0.26765,35.63218390804598,17.81609195402299,46.55172413793103
3,2026-02-02,2026-02-27,CHOPPY,change_pct,trend_score,LOW,LOW,61,DOWN,54.09836065573771,40.36511156186612,13.733249093871585,-0.2429770491803278,-1.2232,54.09836065573771,1.639344262295082,44.26229508196721
3,2026-02-02,2026-02-27,CHOPPY,change_pct,trend_score,LOW,HIGH,51,DOWN,47.05882352941176,40.36511156186612,6.6937119675456405,-0.31467450980392164,-0.3404,47.05882352941176,7.8431372549019605,45.09803921568628
3,2026-02-02,2026-02-27,CHOPPY,change_pct,trend_score,HIGH,LOW,35,DOWN,48.57142857142857,40.36511156186612,8.206317009562447,-0.20113714285714285,-0.1623,48.57142857142857,8.571428571428571,42.857142857142854
3,2026-02-02,2026-02-27,CHOPPY,change_pct,trend_score,HIGH,HIGH,98,DOWN,59.183673469387756,40.36511156186612,18.81856190752163,-1.6098306122448982,-1.1795,59.183673469387756,11.224489795918368,29.591836734693878
3,2026-02-02,2026-02-27,TREND_DOWN,change_pct,trend_score,LOW,LOW,84,DOWN,55.952380952380956,39.66817496229261,16.284205990088346,-1.386822619047619,-1.22315,55.952380952380956,8.333333333333332,35.714285714285715
3,2026-02-02,2026-02-27,TREND_DOWN,change_pct,trend_score,LOW,HIGH,127,DOWN,55.118110236220474,39.66817496229261,15.449935273927867,-1.7284535433070867,-1.2799,55.118110236220474,13.385826771653544,31.496062992125985
3,2026-02-02,2026-02-27,TREND_DOWN,change_pct,trend_score,HIGH,LOW,40,DOWN,55.00000000000001,39.66817496229261,15.331825037707397,-1.3081975,-1.0073,55.00000000000001,7.5,37.5
3,2026-02-02,2026-02-27,TREND_DOWN,change_pct,trend_score,HIGH,HIGH,92,DOWN,50.0,39.66817496229261,10.331825037707393,-1.1876293478260873,-0.51235,50.0,18.478260869565215,31.521739130434785
3,2026-02-02,2026-02-27,TREND_UP,change_pct,trend_score,LOW,LOW,68,DOWN,44.11764705882353,39.0728476821192,5.044799376704323,-0.6512382352941176,-0.11359999999999999,44.11764705882353,17.647058823529413,38.23529411764706
3,2026-02-02,2026-02-27,TREND_UP,change_pct,trend_score,LOW,HIGH,98,UP,44.89795918367347,44.77840040753948,0.1195587761339878,-0.12387244897959182,0.20224999999999999,38.775510204081634,16.3265306122449,44.89795918367347
3,2026-02-02,2026-02-27,TREND_UP,change_pct,trend_score,HIGH,LOW,48,UP,45.83333333333333,44.77840040753948,1.05493292579385,-0.28840625,0.18565,39.58333333333333,14.583333333333334,45.83333333333333
3,2026-02-02,2026-02-27,TREND_UP,change_pct,trend_score,HIGH,HIGH,178,UP,48.87640449438202,44.77840040753948,4.098004086842538,0.5448662921348316,0.41995,34.26966292134831,16.853932584269664,48.87640449438202
3,2026-02-02,2026-02-27,CHOPPY,change_pct,momentum_score,LOW,LOW,101,DOWN,51.48514851485149,40.36511156186612,11.120036952985362,-0.40711089108910886,-0.9707,51.48514851485149,3.9603960396039604,44.554455445544555
3,2026-02-02,2026-02-27,CHOPPY,change_pct,momentum_score,HIGH,HIGH,117,DOWN,56.41025641025641,40.36511156186612,16.045144848390287,-1.3828239316239315,-1.1103,56.41025641025641,11.11111111111111,32.47863247863248
3,2026-02-02,2026-02-27,TREND_DOWN,change_pct,momentum_score,LOW,LOW,193,DOWN,54.92227979274611,39.66817496229261,15.254104830453501,-1.5127507772020727,-1.2372,54.92227979274611,11.917098445595855,33.160621761658035
3,2026-02-02,2026-02-27,TREND_DOWN,change_pct,momentum_score,HIGH,HIGH,116,DOWN,50.86206896551724,39.66817496229261,11.19389400322463,-1.154491379310345,-0.5712999999999999,50.86206896551724,15.517241379310345,33.62068965517241
3,2026-02-02,2026-02-27,TREND_UP,change_pct,momentum_score,LOW,LOW,108,DOWN,47.22222222222222,39.0728476821192,8.149374540103016,-0.550312037037037,-0.29000000000000004,47.22222222222222,11.11111111111111,41.66666666666667
3,2026-02-02,2026-02-27,TREND_UP,change_pct,momentum_score,LOW,HIGH,58,UP,43.103448275862064,44.77840040753948,-1.6749521316774152,0.05189655172413793,0.1984,29.310344827586203,27.586206896551722,43.103448275862064
3,2026-02-02,2026-02-27,TREND_UP,change_pct,momentum_score,HIGH,HIGH,208,UP,50.0,44.77840040753948,5.221599592460518,0.5628576923076923,0.4841,33.17307692307692,16.826923076923077,50.0
3,2026-02-02,2026-02-27,CHOPPY,change_pct,volatility_score,LOW,LOW,99,DOWN,50.505050505050505,40.36511156186612,10.139938943184385,-0.22028888888888887,-0.6199,50.505050505050505,5.05050505050505,44.44444444444444
3,2026-02-02,2026-02-27,CHOPPY,change_pct,volatility_score,HIGH,LOW,123,DOWN,56.09756097560976,40.36511156186612,15.732449413743637,-1.155272357723577,-1.0384,56.09756097560976,10.569105691056912,33.33333333333333
3,2026-02-02,2026-02-27,TREND_DOWN,change_pct,volatility_score,LOW,LOW,193,DOWN,52.84974093264248,39.66817496229261,13.18156597034988,-1.479083419689119,-0.8643,52.84974093264248,12.435233160621761,34.715025906735754
3,2026-02-02,2026-02-27,TREND_DOWN,change_pct,volatility_score,HIGH,LOW,120,DOWN,52.5,39.66817496229261,12.831825037707395,-1.3324791666666664,-0.62505,52.5,12.5,35.0
3,2026-02-02,2026-02-27,TREND_UP,change_pct,volatility_score,LOW,LOW,149,UP,42.95302013422819,44.77840040753948,-1.8253802733112945,-0.3801979865771812,0.1128,40.939597315436245,16.10738255033557,42.95302013422819
3,2026-02-02,2026-02-27,TREND_UP,change_pct,volatility_score,HIGH,LOW,206,UP,48.05825242718447,44.77840040753948,3.279852019644985,0.39887524271844654,0.3637,34.46601941747573,17.475728155339805,48.05825242718447
3,2026-02-02,2026-02-27,TREND_UP,change_pct,volatility_score,HIGH,HIGH,20,UP,50.0,44.77840040753948,5.221599592460518,0.04872000000000003,0.5096,45.0,5.0,50.0
3,2026-02-02,2026-02-27,CHOPPY,change_pct,liquidity_score,LOW,LOW,36,DOWN,50.0,40.36511156186612,9.634888438133876,0.2642861111111113,-0.31930000000000003,50.0,5.555555555555555,44.44444444444444
3,2026-02-02,2026-02-27,CHOPPY,change_pct,liquidity_score,LOW,HIGH,76,DOWN,51.31578947368421,40.36511156186612,10.95067791181809,-0.5313723684210526,-1.2303000000000002,51.31578947368421,3.9473684210526314,44.73684210526316
3,2026-02-02,2026-02-27,CHOPPY,change_pct,liquidity_score,HIGH,LOW,56,DOWN,57.14285714285714,40.36511156186612,16.777745580991017,-1.2503392857142859,-0.89775,57.14285714285714,8.928571428571429,33.92857142857143
3,2026-02-02,2026-02-27,CHOPPY,change_pct,liquidity_score,HIGH,HIGH,77,DOWN,55.84415584415584,40.36511156186612,15.479044282289717,-1.2309636363636363,-1.1103,55.84415584415584,11.688311688311687,32.467532467532465
3,2026-02-02,2026-02-27,TREND_DOWN,change_pct,liquidity_score,LOW,LOW,76,DOWN,52.63157894736842,39.66817496229261,12.96340398507581,-1.710253947368421,-1.1236000000000002,52.63157894736842,17.105263157894736,30.263157894736842
3,2026-02-02,2026-02-27,TREND_DOWN,change_pct,liquidity_score,LOW,HIGH,135,DOWN,57.03703703703704,39.66817496229261,17.368862074744435,-1.5261288888888884,-1.2799,57.03703703703704,8.148148148148149,34.81481481481482
3,2026-02-02,2026-02-27,TREND_DOWN,change_pct,liquidity_score,HIGH,LOW,50,DOWN,57.99999999999999,39.66817496229261,18.33182503770739,-1.4530500000000004,-1.0073,57.99999999999999,16.0,26.0
3,2026-02-02,2026-02-27,TREND_DOWN,change_pct,liquidity_score,HIGH,HIGH,82,DOWN,47.5609756097561,39.66817496229261,7.892800647463488,-1.084601219512195,-0.40495000000000003,47.5609756097561,14.634146341463413,37.80487804878049
3,2026-02-02,2026-02-27,TREND_UP,change_pct,liquidity_score,LOW,LOW,52,UP,48.07692307692308,44.77840040753948,3.2985226693835967,0.6781961538461538,0.35025,26.923076923076923,25.0,48.07692307692308
3,2026-02-02,2026-02-27,TREND_UP,change_pct,liquidity_score,LOW,HIGH,114,DOWN,47.368421052631575,39.0728476821192,8.295573370512372,-0.8042973684210527,-0.21315,47.368421052631575,13.157894736842104,39.473684210526315
3,2026-02-02,2026-02-27,TREND_UP,change_pct,liquidity_score,HIGH,LOW,90,UP,54.44444444444444,44.77840040753948,9.666044036904959,0.8641888888888889,0.7323999999999999,28.888888888888886,16.666666666666664,54.44444444444444
3,2026-02-02,2026-02-27,TREND_UP,change_pct,liquidity_score,HIGH,HIGH,136,UP,44.11764705882353,44.77840040753948,-0.6607533487159534,0.03945367647058816,0.14225,39.705882352941174,16.176470588235293,44.11764705882353
3,2026-02-02,2026-02-27,CHOPPY,intelligence_score,relative_strength,LOW,LOW,78,DOWN,57.692307692307686,40.36511156186612,17.327196130441564,-0.48579615384615377,-1.2303000000000002,57.692307692307686,3.8461538461538463,38.46153846153847
3,2026-02-02,2026-02-27,CHOPPY,intelligence_score,relative_strength,LOW,HIGH,53,DOWN,45.28301886792453,40.36511156186612,4.917907306058406,-0.2650622641509434,-0.1422,45.28301886792453,11.320754716981133,43.39622641509434
3,2026-02-02,2026-02-27,CHOPPY,intelligence_score,relative_strength,HIGH,LOW,44,DOWN,52.27272727272727,40.36511156186612,11.907615710861148,-0.8586045454545453,-0.6597999999999999,52.27272727272727,6.8181818181818175,40.909090909090914
3,2026-02-02,2026-02-27,CHOPPY,intelligence_score,relative_strength,HIGH,HIGH,70,DOWN,57.14285714285714,40.36511156186612,16.777745580991017,-1.5136314285714285,-1.1795,57.14285714285714,10.0,32.857142857142854
3,2026-02-02,2026-02-27,TREND_DOWN,intelligence_score,relative_strength,LOW,LOW,97,DOWN,52.57731958762887,39.66817496229261,12.90914462533626,-1.5081226804123713,-0.7275,52.57731958762887,12.371134020618557,35.051546391752574
3,2026-02-02,2026-02-27,TREND_DOWN,intelligence_score,relative_strength,LOW,HIGH,86,DOWN,65.11627906976744,39.66817496229261,25.44810410747484,-2.1142453488372097,-1.73475,65.11627906976744,12.790697674418606,22.093023255813954
3,2026-02-02,2026-02-27,TREND_DOWN,intelligence_score,relative_strength,HIGH,LOW,61,DOWN,45.90163934426229,39.66817496229261,6.233464381969689,-0.5375180327868853,0.3495,45.90163934426229,8.19672131147541,45.90163934426229
3,2026-02-02,2026-02-27,TREND_DOWN,intelligence_score,relative_strength,HIGH,HIGH,99,DOWN,50.505050505050505,39.66817496229261,10.836875542757902,-1.3807565656565655,-0.5992,50.505050505050505,16.161616161616163,33.33333333333333
3,2026-02-02,2026-02-27,TREND_UP,intelligence_score,relative_strength,LOW,LOW,102,DOWN,42.15686274509804,39.0728476821192,3.0840150629788345,-0.4347225490196079,0.005600000000000001,42.15686274509804,15.686274509803921,42.15686274509804
3,2026-02-02,2026-02-27,TREND_UP,intelligence_score,relative_strength,LOW,HIGH,68,UP,48.529411764705884,44.77840040753948,3.7510113571664006,0.33066323529411773,0.32235,36.76470588235294,14.705882352941178,48.529411764705884
3,2026-02-02,2026-02-27,TREND_UP,intelligence_score,relative_strength,HIGH,LOW,93,UP,47.31182795698925,44.77840040753948,2.533427549449768,0.04970645161290323,0.4016,35.483870967741936,17.20430107526882,47.31182795698925
3,2026-02-02,2026-02-27,TREND_UP,intelligence_score,relative_strength,HIGH,HIGH,129,UP,45.73643410852713,44.77840040753948,0.9580337009876483,0.3407201550387598,0.257,36.434108527131784,17.829457364341085,45.73643410852713
3,2026-02-02,2026-02-27,CHOPPY,intelligence_score,trend_score,LOW,LOW,90,DOWN,52.22222222222223,40.36511156186612,11.857110660356101,-0.17862999999999996,-0.73495,52.22222222222223,4.444444444444445,43.333333333333336
3,2026-02-02,2026-02-27,CHOPPY,intelligence_score,trend_score,LOW,HIGH,41,DOWN,53.65853658536586,40.36511156186612,13.293425023499733,-0.8747243902439025,-0.6495,53.65853658536586,12.195121951219512,34.146341463414636
3,2026-02-02,2026-02-27,CHOPPY,intelligence_score,trend_score,HIGH,HIGH,108,DOWN,55.55555555555556,40.36511156186612,15.190443993689435,-1.277297222222222,-1.07855,55.55555555555556,9.25925925925926,35.18518518518518
3,2026-02-02,2026-02-27,TREND_DOWN,intelligence_score,trend_score,LOW,LOW,114,DOWN,56.14035087719298,39.66817496229261,16.472175914900372,-1.4440149122807018,-1.1444999999999999,56.14035087719298,7.894736842105263,35.96491228070175
3,2026-02-02,2026-02-27,TREND_DOWN,intelligence_score,trend_score,LOW,HIGH,69,DOWN,62.31884057971014,39.66817496229261,22.650665617417538,-2.369497101449276,-1.7957,62.31884057971014,20.28985507246377,17.391304347826086
3,2026-02-02,2026-02-27,TREND_DOWN,intelligence_score,trend_score,HIGH,HIGH,150,DOWN,48.66666666666667,39.66817496229261,8.998491704374063,-1.1018679999999998,-0.40825,48.66666666666667,13.333333333333334,38.0
3,2026-02-02,2026-02-27,TREND_UP,intelligence_score,trend_score,LOW,LOW,105,DOWN,43.80952380952381,39.0728476821192,4.736676127404604,-0.6435495238095237,-0.0827,43.80952380952381,16.19047619047619,40.0
3,2026-02-02,2026-02-27,TREND_UP,intelligence_score,trend_score,LOW,HIGH,65,UP,52.307692307692314,44.77840040753948,7.529291900152829,0.7033246153846154,0.64,33.84615384615385,13.846153846153847,52.307692307692314
3,2026-02-02,2026-02-27,TREND_UP,intelligence_score,trend_score,HIGH,HIGH,211,UP,45.97156398104265,44.77840040753948,1.1931635735031698,0.1854530805687204,0.3406,36.492890995260666,17.535545023696685,45.97156398104265
3,2026-02-02,2026-02-27,CHOPPY,intelligence_score,momentum_score,LOW,LOW,84,DOWN,52.38095238095239,40.36511156186612,12.01584081908626,-0.14742738095238087,-0.7492000000000001,52.38095238095239,3.571428571428571,44.047619047619044
3,2026-02-02,2026-02-27,CHOPPY,intelligence_score,momentum_score,LOW,HIGH,47,DOWN,53.191489361702125,40.36511156186612,12.826377799836003,-0.8416276595744681,-0.6495,53.191489361702125,12.76595744680851,34.04255319148936
3,2026-02-02,2026-02-27,CHOPPY,intelligence_score,momentum_score,HIGH,LOW,33,DOWN,51.515151515151516,40.36511156186612,11.15003995328539,-0.9620333333333333,-0.5468,51.515151515151516,6.0606060606060606,42.42424242424242
3,2026-02-02,2026-02-27,CHOPPY,intelligence_score,momentum_score,HIGH,HIGH,81,DOWN,56.79012345679012,40.36511156186612,16.425011894923998,-1.3825395061728396,-1.1749,56.79012345679012,9.876543209876543,33.33333333333333
3,2026-02-02,2026-02-27,TREND_DOWN,intelligence_score,momentum_score,LOW,LOW,130,DOWN,57.692307692307686,39.66817496229261,18.02413273001508,-1.7537,-1.55155,57.692307692307686,11.538461538461538,30.76923076923077
3,2026-02-02,2026-02-27,TREND_DOWN,intelligence_score,momentum_score,LOW,HIGH,53,DOWN,60.37735849056604,39.66817496229261,20.709183528273428,-1.8892830188679248,-1.6668,60.37735849056604,15.09433962264151,24.528301886792452
3,2026-02-02,2026-02-27,TREND_DOWN,intelligence_score,momentum_score,HIGH,LOW,79,DOWN,50.63291139240506,39.66817496229261,10.96473643011246,-1.1601101265822784,-0.601,50.63291139240506,12.658227848101266,36.708860759493675
3,2026-02-02,2026-02-27,TREND_DOWN,intelligence_score,momentum_score,HIGH,HIGH,81,DOWN,46.913580246913575,39.66817496229261,7.24540528462097,-0.9609234567901235,-0.3965,46.913580246913575,13.580246913580247,39.50617283950617
3,2026-02-02,2026-02-27,TREND_UP,intelligence_score,momentum_score,LOW,LOW,81,DOWN,54.32098765432099,39.0728476821192,15.24813997220178,-1.308341975308642,-0.7157,54.32098765432099,11.11111111111111,34.5679012345679
3,2026-02-02,2026-02-27,TREND_UP,intelligence_score,momentum_score,LOW,HIGH,89,UP,53.93258426966292,44.77840040753948,9.154183862123439,0.9451584269662922,0.7096,26.96629213483146,19.101123595505616,53.93258426966292
3,2026-02-02,2026-02-27,TREND_UP,intelligence_score,momentum_score,HIGH,LOW,45,UP,48.888888888888886,44.77840040753948,4.110488481349406,0.2802288888888888,0.4821,40.0,11.11111111111111,48.888888888888886
3,2026-02-02,2026-02-27,TREND_UP,intelligence_score,momentum_score,HIGH,HIGH,177,UP,45.76271186440678,44.77840040753948,0.9843114568672984,0.2031937853107345,0.3349,35.02824858757062,19.2090395480226,45.76271186440678
3,2026-02-02,2026-02-27,CHOPPY,intelligence_score,volatility_score,LOW,LOW,117,DOWN,52.991452991452995,40.36511156186612,12.626341429586867,-0.3393564102564102,-0.7727,52.991452991452995,6.837606837606838,40.17094017094017
3,2026-02-02,2026-02-27,CHOPPY,intelligence_score,volatility_score,HIGH,LOW,105,DOWN,54.285714285714285,40.36511156186612,13.920602723848157,-1.18288,-1.0384,54.285714285714285,9.523809523809524,36.19047619047619
3,2026-02-02,2026-02-27,TREND_DOWN,intelligence_score,volatility_score,LOW,LOW,164,DOWN,56.70731707317073,39.66817496229261,17.03914211087812,-1.7519695121951218,-1.2342,56.70731707317073,12.804878048780488,30.48780487804878
3,2026-02-02,2026-02-27,TREND_DOWN,intelligence_score,volatility_score,HIGH,LOW,149,DOWN,48.322147651006716,39.66817496229261,8.653972688714106,-1.060655033557047,-0.3965,48.322147651006716,12.080536912751679,39.59731543624161
3,2026-02-02,2026-02-27,TREND_UP,intelligence_score,volatility_score,LOW,LOW,149,DOWN,42.281879194630875,39.0728476821192,3.2090315125116673,-0.3119362416107382,-0.0347,42.281879194630875,16.778523489932887,40.939597315436245
3,2026-02-02,2026-02-27,TREND_UP,intelligence_score,volatility_score,LOW,HIGH,21,UP,71.42857142857143,44.77840040753948,26.650171021031948,1.1724714285714286,1.4019,23.809523809523807,4.761904761904762,71.42857142857143
3,2026-02-02,2026-02-27,TREND_UP,intelligence_score,volatility_score,HIGH,LOW,206,UP,49.51456310679612,44.77840040753948,4.736162699256635,0.3495014563106796,0.41995,33.49514563106796,16.990291262135923,49.51456310679612
3,2026-02-02,2026-02-27,CHOPPY,intelligence_score,liquidity_score,LOW,LOW,67,DOWN,49.25373134328358,40.36511156186612,8.888619781417455,-0.14584626865671635,-0.2915,49.25373134328358,7.462686567164178,43.28358208955223
3,2026-02-02,2026-02-27,CHOPPY,intelligence_score,liquidity_score,LOW,HIGH,64,DOWN,56.25,40.36511156186612,15.884888438133876,-0.6588859374999999,-1.2877,56.25,6.25,37.5
3,2026-02-02,2026-02-27,CHOPPY,intelligence_score,liquidity_score,HIGH,LOW,25,DOWN,68.0,40.36511156186612,27.63488843813388,-2.02932,-1.8883,68.0,8.0,24.0
3,2026-02-02,2026-02-27,CHOPPY,intelligence_score,liquidity_score,HIGH,HIGH,89,DOWN,51.68539325842697,40.36511156186612,11.320281696560846,-1.0449415730337077,-0.6334,51.68539325842697,8.98876404494382,39.325842696629216
3,2026-02-02,2026-02-27,TREND_DOWN,intelligence_score,liquidity_score,LOW,LOW,92,DOWN,56.52173913043478,39.66817496229261,16.85356416814217,-1.7206293478260872,-1.35155,56.52173913043478,17.391304347826086,26.08695652173913
3,2026-02-02,2026-02-27,TREND_DOWN,intelligence_score,liquidity_score,LOW,HIGH,91,DOWN,60.43956043956044,39.66817496229261,20.771385477267827,-1.8661,-1.605,60.43956043956044,7.6923076923076925,31.868131868131865
3,2026-02-02,2026-02-27,TREND_DOWN,intelligence_score,liquidity_score,HIGH,LOW,34,DOWN,50.0,39.66817496229261,10.331825037707393,-1.3039382352941178,-0.33535,50.0,14.705882352941178,35.294117647058826
3,2026-02-02,2026-02-27,TREND_DOWN,intelligence_score,liquidity_score,HIGH,HIGH,126,DOWN,48.41269841269841,39.66817496229261,8.744523450405806,-0.9932507936507935,-0.40825,48.41269841269841,12.698412698412698,38.88888888888889
3,2026-02-02,2026-02-27,TREND_UP,intelligence_score,liquidity_score,LOW,LOW,105,UP,53.333333333333336,44.77840040753948,8.554932925793851,1.0888190476190476,0.7096,28.57142857142857,18.095238095238095,53.333333333333336
3,2026-02-02,2026-02-27,TREND_UP,intelligence_score,liquidity_score,LOW,HIGH,65,DOWN,58.46153846153847,39.0728476821192,19.38869077941926,-2.0951169230769233,-1.2404,58.46153846153847,10.76923076923077,30.76923076923077
3,2026-02-02,2026-02-27,TREND_UP,intelligence_score,liquidity_score,HIGH,LOW,37,UP,48.64864864864865,44.77840040753948,3.87024824110917,-0.03467027027027022,0.257,27.027027027027028,24.324324324324326,48.64864864864865
3,2026-02-02,2026-02-27,TREND_UP,intelligence_score,liquidity_score,HIGH,HIGH,185,UP,45.94594594594595,44.77840040753948,1.167545538406467,0.26950486486486486,0.361,37.83783783783784,16.216216216216218,45.94594594594595
3,2026-02-02,2026-02-27,CHOPPY,relative_strength,trend_score,LOW,LOW,56,DOWN,60.71428571428571,40.36511156186612,20.349174152419586,-0.6977303571428569,-1.8329499999999999,60.71428571428571,1.7857142857142856,37.5
3,2026-02-02,2026-02-27,CHOPPY,relative_strength,trend_score,LOW,HIGH,66,DOWN,51.515151515151516,40.36511156186612,11.15003995328539,-0.5545121212121213,-0.58335,51.515151515151516,7.575757575757576,40.909090909090914
3,2026-02-02,2026-02-27,CHOPPY,relative_strength,trend_score,HIGH,LOW,40,UP,52.5,44.62474645030426,7.875253549695743,0.43028750000000004,0.85575,40.0,7.5,52.5
3,2026-02-02,2026-02-27,CHOPPY,relative_strength,trend_score,HIGH,HIGH,83,DOWN,57.831325301204814,40.36511156186612,17.46621373933869,-1.6531807228915663,-1.3074,57.831325301204814,12.048192771084338,30.120481927710845
3,2026-02-02,2026-02-27,TREND_DOWN,relative_strength,trend_score,LOW,LOW,65,DOWN,49.23076923076923,39.66817496229261,9.562594268476627,-0.8724738461538463,-0.3345,49.23076923076923,9.230769230769232,41.53846153846154
3,2026-02-02,2026-02-27,TREND_DOWN,relative_strength,trend_score,LOW,HIGH,93,DOWN,50.53763440860215,39.66817496229261,10.869459446309543,-1.3157602150537633,-0.601,50.53763440860215,11.827956989247312,37.634408602150536
3,2026-02-02,2026-02-27,TREND_DOWN,relative_strength,trend_score,HIGH,LOW,59,DOWN,62.71186440677966,39.66817496229261,23.043689444487054,-1.900172881355932,-1.5834,62.71186440677966,6.779661016949152,30.508474576271187
3,2026-02-02,2026-02-27,TREND_DOWN,relative_strength,trend_score,HIGH,HIGH,126,DOWN,54.761904761904766,39.66817496229261,15.09372979961216,-1.638173015873016,-1.0098500000000001,54.761904761904766,18.253968253968253,26.984126984126984
3,2026-02-02,2026-02-27,TREND_UP,relative_strength,trend_score,LOW,LOW,78,DOWN,44.871794871794876,39.0728476821192,5.798947189675668,-0.6011128205128207,-0.11359999999999999,44.871794871794876,15.384615384615385,39.743589743589745
3,2026-02-02,2026-02-27,TREND_UP,relative_strength,trend_score,LOW,HIGH,117,UP,47.863247863247864,44.77840040753948,3.084847455708384,0.06126324786324789,0.4016,35.04273504273504,17.094017094017094,47.863247863247864
3,2026-02-02,2026-02-27,TREND_UP,relative_strength,trend_score,HIGH,LOW,38,UP,44.73684210526316,44.77840040753948,-0.04155830227632329,-0.2958131578947368,0.18565,36.84210526315789,18.421052631578945,44.73684210526316
3,2026-02-02,2026-02-27,TREND_UP,relative_strength,trend_score,HIGH,HIGH,159,UP,47.16981132075472,44.77840040753948,2.3914109132152364,0.48854654088050314,0.3268,36.477987421383645,16.352201257861633,47.16981132075472
3,2026-02-02,2026-02-27,CHOPPY,relative_strength,momentum_score,LOW,LOW,100,DOWN,55.00000000000001,40.36511156186612,14.634888438133881,-0.57147,-1.1554,55.00000000000001,5.0,40.0
3,2026-02-02,2026-02-27,CHOPPY,relative_strength,momentum_score,LOW,HIGH,22,DOWN,59.09090909090909,40.36511156186612,18.72579752904297,-0.8419863636363636,-0.71115,59.09090909090909,4.545454545454546,36.36363636363637
3,2026-02-02,2026-02-27,CHOPPY,relative_strength,momentum_score,HIGH,HIGH,106,DOWN,54.71698113207547,40.36511156186612,14.351869570209347,-1.254891509433962,-1.0478999999999998,54.71698113207547,12.264150943396226,33.0188679245283
3,2026-02-02,2026-02-27,TREND_DOWN,relative_strength,momentum_score,LOW,LOW,137,DOWN,54.01459854014598,39.66817496229261,14.346423577853379,-1.400977372262774,-0.9474,54.01459854014598,10.218978102189782,35.76642335766424
3,2026-02-02,2026-02-27,TREND_DOWN,relative_strength,momentum_score,LOW,HIGH,21,UP,61.904761904761905,44.871794871794876,17.032967032967033,0.6122571428571428,1.5655,23.809523809523807,14.285714285714285,61.904761904761905
3,2026-02-02,2026-02-27,TREND_DOWN,relative_strength,momentum_score,HIGH,LOW,72,DOWN,56.94444444444444,39.66817496229261,17.276269482151836,-1.7735527777777778,-1.3813499999999999,56.94444444444444,15.277777777777779,27.77777777777778
3,2026-02-02,2026-02-27,TREND_DOWN,relative_strength,momentum_score,HIGH,HIGH,113,DOWN,57.52212389380531,39.66817496229261,17.853948931512704,-1.6887097345132742,-1.3138,57.52212389380531,14.15929203539823,28.31858407079646
3,2026-02-02,2026-02-27,TREND_UP,relative_strength,momentum_score,LOW,LOW,111,DOWN,48.64864864864865,39.0728476821192,9.575800966529446,-0.6924981981981982,-0.3757,48.64864864864865,12.612612612612612,38.73873873873874
3,2026-02-02,2026-02-27,TREND_UP,relative_strength,momentum_score,LOW,HIGH,84,UP,52.38095238095239,44.77840040753948,7.602551973412902,0.4422416666666666,0.5751,26.190476190476193,21.428571428571427,52.38095238095239
3,2026-02-02,2026-02-27,TREND_UP,relative_strength,momentum_score,HIGH,HIGH,182,UP,46.7032967032967,44.77840040753948,1.9248962957572224,0.4556928571428573,0.30255,35.16483516483517,18.13186813186813,46.7032967032967
3,2026-02-02,2026-02-27,CHOPPY,relative_strength,volatility_score,LOW,LOW,109,DOWN,54.12844036697248,40.36511156186612,13.763328805106351,-0.5117880733944955,-1.1187,54.12844036697248,5.5045871559633035,40.36697247706422
3,2026-02-02,2026-02-27,CHOPPY,relative_strength,volatility_score,HIGH,LOW,113,DOWN,53.09734513274337,40.36511156186612,12.732233570877243,-0.9568336283185841,-0.7727,53.09734513274337,10.619469026548673,36.283185840707965
3,2026-02-02,2026-02-27,TREND_DOWN,relative_strength,volatility_score,LOW,LOW,145,DOWN,48.275862068965516,39.66817496229261,8.607687106672913,-1.0084055172413797,-0.2229,48.275862068965516,10.344827586206897,41.37931034482759
3,2026-02-02,2026-02-27,TREND_DOWN,relative_strength,volatility_score,HIGH,LOW,168,DOWN,56.547619047619044,39.66817496229261,16.87944408532644,-1.7806059523809523,-1.3165,56.547619047619044,14.285714285714285,29.166666666666668
3,2026-02-02,2026-02-27,TREND_UP,relative_strength,volatility_score,LOW,LOW,170,UP,44.11764705882353,44.77840040753948,-0.6607533487159534,-0.2965364705882354,0.12345,40.0,15.88235294117647,44.11764705882353
3,2026-02-02,2026-02-27,TREND_UP,relative_strength,volatility_score,LOW,HIGH,25,UP,48.0,44.77840040753948,3.2215995924605165,0.4276879999999999,0.4821,32.0,20.0,48.0
3,2026-02-02,2026-02-27,TREND_UP,relative_strength,volatility_score,HIGH,LOW,185,UP,47.56756756756757,44.77840040753948,2.7891671600280885,0.4104324324324325,0.3349,34.5945945945946,17.83783783783784,47.56756756756757
3,2026-02-02,2026-02-27,CHOPPY,relative_strength,liquidity_score,LOW,LOW,39,DOWN,51.28205128205128,40.36511156186612,10.916939720185153,0.0033153846153845634,-0.6199,51.28205128205128,5.128205128205128,43.58974358974359
3,2026-02-02,2026-02-27,CHOPPY,relative_strength,liquidity_score,LOW,HIGH,83,DOWN,57.831325301204814,40.36511156186612,17.46621373933869,-0.9132530120481929,-1.338,57.831325301204814,4.819277108433735,37.34939759036144
3,2026-02-02,2026-02-27,CHOPPY,relative_strength,liquidity_score,HIGH,LOW,53,DOWN,56.60377358490566,40.36511156186612,16.238662023039534,-1.1440377358490565,-0.8012,56.60377358490566,9.433962264150944,33.9622641509434
3,2026-02-02,2026-02-27,CHOPPY,relative_strength,liquidity_score,HIGH,HIGH,70,DOWN,48.57142857142857,40.36511156186612,8.206317009562447,-0.8481214285714286,-0.36950000000000005,48.57142857142857,11.428571428571429,40.0
3,2026-02-02,2026-02-27,TREND_DOWN,relative_strength,liquidity_score,LOW,LOW,59,DOWN,45.76271186440678,39.66817496229261,6.094536902114172,-1.3654677966101696,-0.0538,45.76271186440678,15.254237288135593,38.983050847457626
3,2026-02-02,2026-02-27,TREND_DOWN,relative_strength,liquidity_score,LOW,HIGH,99,DOWN,52.52525252525253,39.66817496229261,12.857077562959923,-0.995089898989899,-0.6507,52.52525252525253,8.080808080808081,39.39393939393939
3,2026-02-02,2026-02-27,TREND_DOWN,relative_strength,liquidity_score,HIGH,LOW,67,DOWN,62.68656716417911,39.66817496229261,23.0183922018865,-1.8219283582089552,-1.3493,62.68656716417911,17.91044776119403,19.402985074626866
3,2026-02-02,2026-02-27,TREND_DOWN,relative_strength,liquidity_score,HIGH,HIGH,118,DOWN,54.23728813559322,39.66817496229261,14.569113173300613,-1.664837288135593,-1.2375500000000001,54.23728813559322,12.711864406779661,33.05084745762712
3,2026-02-02,2026-02-27,TREND_UP,relative_strength,liquidity_score,LOW,LOW,60,UP,55.00000000000001,44.77840040753948,10.221599592460523,1.0702399999999996,0.8114,21.666666666666668,23.333333333333332,55.00000000000001
3,2026-02-02,2026-02-27,TREND_UP,relative_strength,liquidity_score,LOW,HIGH,135,DOWN,46.666666666666664,39.0728476821192,7.593818984547463,-0.769877037037037,-0.2405,46.666666666666664,13.333333333333334,40.0
3,2026-02-02,2026-02-27,TREND_UP,relative_strength,liquidity_score,HIGH,LOW,82,UP,50.0,44.77840040753948,5.221599592460518,0.5954731707317075,0.45175,32.926829268292686,17.073170731707318,50.0
3,2026-02-02,2026-02-27,TREND_UP,relative_strength,liquidity_score,HIGH,HIGH,115,UP,44.34782608695652,44.77840040753948,-0.4305743205829604,0.15312347826086967,0.1601,39.130434782608695,16.52173913043478,44.34782608695652
3,2026-02-02,2026-02-27,CHOPPY,trend_score,momentum_score,LOW,LOW,67,DOWN,50.74626865671642,40.36511156186612,10.381157094850296,-0.04682089552238797,-0.6972,50.74626865671642,1.4925373134328357,47.76119402985074
3,2026-02-02,2026-02-27,CHOPPY,trend_score,momentum_score,LOW,HIGH,29,DOWN,55.172413793103445,40.36511156186612,14.807302231237324,-0.6456689655172415,-0.7727,55.172413793103445,10.344827586206897,34.48275862068966
3,2026-02-02,2026-02-27,CHOPPY,trend_score,momentum_score,HIGH,LOW,50,DOWN,54.0,40.36511156186612,13.63488843813388,-0.8198799999999998,-0.7953,54.0,8.0,38.0
3,2026-02-02,2026-02-27,CHOPPY,trend_score,momentum_score,HIGH,HIGH,99,DOWN,55.55555555555556,40.36511156186612,15.190443993689435,-1.3415939393939393,-1.0384,55.55555555555556,11.11111111111111,33.33333333333333
3,2026-02-02,2026-02-27,TREND_DOWN,trend_score,momentum_score,LOW,LOW,94,DOWN,56.38297872340425,39.66817496229261,16.714803761111646,-1.416396808510638,-1.1444999999999999,56.38297872340425,7.446808510638298,36.17021276595745
3,2026-02-02,2026-02-27,TREND_DOWN,trend_score,momentum_score,LOW,HIGH,30,DOWN,53.333333333333336,39.66817496229261,13.665158371040725,-1.1893233333333333,-0.7981,53.333333333333336,10.0,36.666666666666664
3,2026-02-02,2026-02-27,TREND_DOWN,trend_score,momentum_score,HIGH,LOW,115,DOWN,53.91304347826087,39.66817496229261,14.244868515968262,-1.6216382608695654,-1.1552,53.91304347826087,15.65217391304348,30.434782608695656
3,2026-02-02,2026-02-27,TREND_DOWN,trend_score,momentum_score,HIGH,HIGH,104,DOWN,51.92307692307693,39.66817496229261,12.25490196078432,-1.3681451923076924,-0.62505,51.92307692307693,15.384615384615385,32.69230769230769
3,2026-02-02,2026-02-27,TREND_UP,trend_score,momentum_score,LOW,LOW,72,DOWN,52.77777777777778,39.0728476821192,13.704930095658574,-1.3046194444444446,-0.6404000000000001,52.77777777777778,12.5,34.72222222222222
3,2026-02-02,2026-02-27,TREND_UP,trend_score,momentum_score,LOW,HIGH,44,UP,52.27272727272727,44.77840040753948,7.494326865187789,0.8137477272727272,0.77955,25.0,22.727272727272727,52.27272727272727
3,2026-02-02,2026-02-27,TREND_UP,trend_score,momentum_score,HIGH,LOW,54,UP,46.2962962962963,44.77840040753948,1.517895888756815,0.010503703703703673,0.2984,44.44444444444444,9.25925925925926,46.2962962962963
3,2026-02-02,2026-02-27,TREND_UP,trend_score,momentum_score,HIGH,HIGH,222,UP,47.74774774774775,44.77840040753948,2.969347340208267,0.3796373873873875,0.37370000000000003,33.78378378378378,18.46846846846847,47.74774774774775
3,2026-02-02,2026-02-27,CHOPPY,trend_score,volatility_score,LOW,LOW,84,DOWN,51.19047619047619,40.36511156186612,10.825364628610062,-0.027048809523809534,-0.67135,51.19047619047619,4.761904761904762,44.047619047619044
3,2026-02-02,2026-02-27,CHOPPY,trend_score,volatility_score,HIGH,LOW,138,DOWN,55.072463768115945,40.36511156186612,14.70735220624982,-1.1712681159420288,-1.07855,55.072463768115945,10.144927536231885,34.78260869565217
3,2026-02-02,2026-02-27,TREND_DOWN,trend_score,volatility_score,LOW,LOW,109,DOWN,54.12844036697248,39.66817496229261,14.460265404679868,-1.3283284403669726,-0.997,54.12844036697248,8.256880733944955,37.61467889908257
3,2026-02-02,2026-02-27,TREND_DOWN,trend_score,volatility_score,HIGH,LOW,204,DOWN,51.9607843137255,39.66817496229261,12.292609351432887,-1.4733960784313724,-0.6627000000000001,51.9607843137255,14.705882352941178,33.33333333333333
3,2026-02-02,2026-02-27,TREND_UP,trend_score,volatility_score,LOW,LOW,98,DOWN,44.89795918367347,39.0728476821192,5.8251115015542645,-0.7824663265306123,-0.196,44.89795918367347,17.346938775510203,37.755102040816325
3,2026-02-02,2026-02-27,TREND_UP,trend_score,volatility_score,HIGH,LOW,257,UP,49.0272373540856,44.77840040753948,4.2488369465461195,0.3976673151750973,0.4016,34.24124513618677,16.731517509727624,49.0272373540856
3,2026-02-02,2026-02-27,CHOPPY,trend_score,liquidity_score,LOW,LOW,34,UP,61.76470588235294,44.62474645030426,17.139959432048684,1.5791500000000003,1.4395,35.294117647058826,2.941176470588235,61.76470588235294
3,2026-02-02,2026-02-27,CHOPPY,trend_score,liquidity_score,LOW,HIGH,62,DOWN,61.29032258064516,40.36511156186612,20.925211018779038,-1.2185887096774195,-1.8329499999999999,61.29032258064516,4.838709677419355,33.87096774193548
3,2026-02-02,2026-02-27,CHOPPY,trend_score,liquidity_score,HIGH,LOW,58,DOWN,65.51724137931035,40.36511156186612,25.15212981744422,-1.9688931034482757,-1.7312500000000002,65.51724137931035,10.344827586206897,24.137931034482758
3,2026-02-02,2026-02-27,CHOPPY,trend_score,liquidity_score,HIGH,HIGH,91,DOWN,48.35164835164835,40.36511156186612,7.986536789782228,-0.6551208791208792,-0.4099,48.35164835164835,9.89010989010989,41.75824175824176
3,2026-02-02,2026-02-27,TREND_DOWN,trend_score,liquidity_score,LOW,LOW,39,DOWN,48.717948717948715,39.66817496229261,9.04977375565611,-1.0348846153846152,-0.2458,48.717948717948715,10.256410256410255,41.02564102564102
3,2026-02-02,2026-02-27,TREND_DOWN,trend_score,liquidity_score,LOW,HIGH,85,DOWN,58.82352941176471,39.66817496229261,19.1553544494721,-1.5112999999999999,-1.285,58.82352941176471,7.0588235294117645,34.11764705882353
3,2026-02-02,2026-02-27,TREND_DOWN,trend_score,liquidity_score,HIGH,LOW,87,DOWN,57.47126436781609,39.66817496229261,17.80308940552348,-1.865187356321839,-1.3493,57.47126436781609,19.54022988505747,22.988505747126435
3,2026-02-02,2026-02-27,TREND_DOWN,trend_score,liquidity_score,HIGH,HIGH,132,DOWN,50.0,39.66817496229261,10.331825037707393,-1.2613954545454542,-0.54735,50.0,12.878787878787879,37.121212121212125
3,2026-02-02,2026-02-27,TREND_UP,trend_score,liquidity_score,LOW,LOW,46,UP,54.347826086956516,44.77840040753948,9.569425679417037,1.5666782608695653,0.9418,21.73913043478261,23.91304347826087,54.347826086956516
3,2026-02-02,2026-02-27,TREND_UP,trend_score,liquidity_score,LOW,HIGH,70,DOWN,55.714285714285715,39.0728476821192,16.641438032166512,-1.8599271428571436,-1.03535,55.714285714285715,11.428571428571429,32.857142857142854
3,2026-02-02,2026-02-27,TREND_UP,trend_score,liquidity_score,HIGH,LOW,96,UP,51.041666666666664,44.77840040753948,6.263266259127182,0.42683333333333334,0.5587500000000001,31.25,17.708333333333336,51.041666666666664
3,2026-02-02,2026-02-27,TREND_UP,trend_score,liquidity_score,HIGH,HIGH,180,UP,45.55555555555556,44.77840040753948,0.7771551480160732,0.24372611111111114,0.3508,38.333333333333336,16.11111111111111,45.55555555555556
3,2026-02-02,2026-02-27,CHOPPY,momentum_score,volatility_score,LOW,LOW,105,DOWN,53.333333333333336,40.36511156186612,12.968221771467208,-0.36873999999999996,-0.8012,53.333333333333336,4.761904761904762,41.904761904761905
3,2026-02-02,2026-02-27,CHOPPY,momentum_score,volatility_score,HIGH,LOW,117,DOWN,53.84615384615385,40.36511156186612,13.48104228428772,-1.0699948717948717,-0.9943,53.84615384615385,11.11111111111111,35.04273504273504
3,2026-02-02,2026-02-27,TREND_DOWN,momentum_score,volatility_score,LOW,LOW,189,DOWN,52.38095238095239,39.66817496229261,12.712777418659776,-1.4173740740740737,-0.6922,52.38095238095239,12.698412698412698,34.92063492063492
3,2026-02-02,2026-02-27,TREND_DOWN,momentum_score,volatility_score,LOW,HIGH,20,DOWN,80.0,39.66817496229261,40.3318250377074,-2.5873,-3.1279,80.0,5.0,15.0
3,2026-02-02,2026-02-27,TREND_DOWN,momentum_score,volatility_score,HIGH,LOW,124,DOWN,53.2258064516129,39.66817496229261,13.557631489320293,-1.431265322580645,-0.7009,53.2258064516129,12.096774193548388,34.67741935483871
3,2026-02-02,2026-02-27,TREND_UP,momentum_score,volatility_score,LOW,LOW,104,DOWN,50.96153846153846,39.0728476821192,11.888690779419253,-0.9786057692307691,-0.6174,50.96153846153846,9.615384615384617,39.42307692307692
3,2026-02-02,2026-02-27,TREND_UP,momentum_score,volatility_score,LOW,HIGH,22,DOWN,40.909090909090914,39.0728476821192,1.8362432269717066,0.3822545454545455,0.35514999999999997,40.909090909090914,18.181818181818183,40.909090909090914
3,2026-02-02,2026-02-27,TREND_UP,momentum_score,volatility_score,HIGH,LOW,251,UP,48.60557768924303,44.77840040753948,3.8271772817035474,0.5071466135458168,0.3931,31.47410358565737,19.9203187250996,48.60557768924303
3,2026-02-02,2026-02-27,CHOPPY,momentum_score,liquidity_score,LOW,LOW,42,DOWN,47.61904761904761,40.36511156186612,7.253936057181493,0.14611190476190486,0.22105,47.61904761904761,4.761904761904762,47.61904761904761
3,2026-02-02,2026-02-27,CHOPPY,momentum_score,liquidity_score,LOW,HIGH,75,DOWN,54.666666666666664,40.36511156186612,14.30155510480054,-0.670236,-1.2232,54.666666666666664,4.0,41.333333333333336
3,2026-02-02,2026-02-27,CHOPPY,momentum_score,liquidity_score,HIGH,LOW,50,DOWN,60.0,40.36511156186612,19.634888438133874,-1.3328280000000001,-1.02585,60.0,10.0,30.0
3,2026-02-02,2026-02-27,CHOPPY,momentum_score,liquidity_score,HIGH,HIGH,78,DOWN,52.56410256410257,40.36511156186612,12.198991002236442,-1.088471794871795,-0.9056,52.56410256410257,11.538461538461538,35.8974358974359
3,2026-02-02,2026-02-27,TREND_DOWN,momentum_score,liquidity_score,LOW,LOW,73,DOWN,52.054794520547944,39.66817496229261,12.386619558255335,-1.6508575342465754,-0.7275,52.054794520547944,17.80821917808219,30.136986301369863
3,2026-02-02,2026-02-27,TREND_DOWN,momentum_score,liquidity_score,LOW,HIGH,136,DOWN,56.61764705882353,39.66817496229261,16.949472096530922,-1.464096323529412,-1.1992500000000001,56.61764705882353,8.823529411764707,34.55882352941176
3,2026-02-02,2026-02-27,TREND_DOWN,momentum_score,liquidity_score,HIGH,LOW,53,DOWN,58.490566037735846,39.66817496229261,18.82239107544324,-1.5494188679245287,-1.1834,58.490566037735846,15.09433962264151,26.41509433962264
3,2026-02-02,2026-02-27,TREND_DOWN,momentum_score,liquidity_score,HIGH,HIGH,81,DOWN,48.148148148148145,39.66817496229261,8.479973185855538,-1.183303703703704,-0.4134,48.148148148148145,13.580246913580247,38.2716049382716
3,2026-02-02,2026-02-27,TREND_UP,momentum_score,liquidity_score,LOW,LOW,36,UP,50.0,44.77840040753948,5.221599592460518,0.5531555555555556,0.56905,33.33333333333333,16.666666666666664,50.0
3,2026-02-02,2026-02-27,TREND_UP,momentum_score,liquidity_score,LOW,HIGH,90,DOWN,55.55555555555556,39.0728476821192,16.482707873436354,-1.2586555555555556,-0.8355,55.55555555555556,8.88888888888889,35.55555555555556
3,2026-02-02,2026-02-27,TREND_UP,momentum_score,liquidity_score,HIGH,LOW,106,UP,52.83018867924528,44.77840040753948,8.051788271705801,0.8785811320754718,0.64665,26.41509433962264,20.754716981132077,52.83018867924528
3,2026-02-02,2026-02-27,TREND_UP,momentum_score,liquidity_score,HIGH,HIGH,160,UP,45.625,44.77840040753948,0.8465995924605174,0.16846750000000016,0.33775,36.25,18.125,45.625
3,2026-02-02,2026-02-27,CHOPPY,volatility_score,liquidity_score,LOW,LOW,83,DOWN,55.42168674698795,40.36511156186612,15.05657518512183,-0.6187650602409638,-0.7727,55.42168674698795,7.228915662650602,37.34939759036144
3,2026-02-02,2026-02-27,CHOPPY,volatility_score,liquidity_score,LOW,HIGH,139,DOWN,52.51798561151079,40.36511156186612,12.152874049644662,-0.8097093525179853,-1.1103,52.51798561151079,8.633093525179856,38.84892086330935
3,2026-02-02,2026-02-27,TREND_DOWN,volatility_score,liquidity_score,LOW,LOW,114,DOWN,51.75438596491229,39.66817496229261,12.08621100261968,-1.4546078947368424,-0.69905,51.75438596491229,16.666666666666664,31.57894736842105
3,2026-02-02,2026-02-27,TREND_DOWN,volatility_score,liquidity_score,LOW,HIGH,199,DOWN,53.266331658291456,39.66817496229261,13.598156695998847,-1.4046999999999998,-0.6959,53.266331658291456,10.050251256281408,36.68341708542713
3,2026-02-02,2026-02-27,TREND_UP,volatility_score,liquidity_score,LOW,LOW,132,UP,49.24242424242424,44.77840040753948,4.464023834884761,0.7276174242424243,0.4269,29.545454545454547,21.21212121212121,49.24242424242424
3,2026-02-02,2026-02-27,TREND_UP,volatility_score,liquidity_score,LOW,HIGH,223,UP,43.946188340807176,44.77840040753948,-0.8322120667323074,-0.31626322869955165,0.1341,41.70403587443946,14.349775784753364,43.946188340807176
3,2026-02-02,2026-02-27,TREND_UP,volatility_score,liquidity_score,HIGH,HIGH,27,DOWN,55.55555555555556,39.0728476821192,16.482707873436354,-0.5850925925925924,-0.5651,55.55555555555556,18.51851851851852,25.925925925925924
4,2026-03-02,2026-04-01,CHOPPY,change_pct,intelligence_score,LOW,LOW,24,DOWN,70.83333333333334,44.85094850948509,25.982384823848243,-2.945575,-3.4856499999999997,70.83333333333334,8.333333333333332,20.833333333333336
4,2026-03-02,2026-04-01,CHOPPY,change_pct,intelligence_score,HIGH,LOW,55,DOWN,80.0,44.85094850948509,35.14905149051491,-2.4756127272727273,-2.4816,80.0,9.090909090909092,10.909090909090908
4,2026-03-02,2026-04-01,TREND_DOWN,change_pct,intelligence_score,LOW,LOW,478,DOWN,56.69456066945606,42.60035949670461,14.094201172751447,-0.8179037656903768,-1.0171000000000001,56.69456066945606,10.460251046025103,32.84518828451883
4,2026-03-02,2026-04-01,TREND_DOWN,change_pct,intelligence_score,LOW,HIGH,54,DOWN,55.55555555555556,42.60035949670461,12.955196058850943,-0.567311111111111,-1.0213999999999999,55.55555555555556,9.25925925925926,35.18518518518518
4,2026-03-02,2026-04-01,TREND_DOWN,change_pct,intelligence_score,HIGH,LOW,215,DOWN,77.67441860465117,42.60035949670461,35.074059107946546,-2.618979534883721,-2.7373,77.67441860465117,6.976744186046512,15.348837209302326
4,2026-03-02,2026-04-01,TREND_DOWN,change_pct,intelligence_score,HIGH,HIGH,86,DOWN,56.97674418604651,42.60035949670461,14.376384689341897,-1.4553558139534886,-1.3390499999999999,56.97674418604651,11.627906976744185,31.3953488372093
4,2026-03-02,2026-04-01,TREND_UP,change_pct,intelligence_score,HIGH,LOW,31,UP,96.7741935483871,44.925690021231425,51.84850352715568,5.958470967741935,5.6965,0.0,3.225806451612903,96.7741935483871
4,2026-03-02,2026-04-01,CHOPPY,change_pct,relative_strength,LOW,LOW,27,DOWN,70.37037037037037,44.85094850948509,25.519421860885277,-2.948092592592593,-3.4796,70.37037037037037,11.11111111111111,18.51851851851852
4,2026-03-02,2026-04-01,CHOPPY,change_pct,relative_strength,HIGH,HIGH,53,DOWN,73.58490566037736,44.85094850948509,28.73395715089226,-2.3867226415094343,-2.5157,73.58490566037736,15.09433962264151,11.320754716981133
4,2026-03-02,2026-04-01,TREND_DOWN,change_pct,relative_strength,LOW,LOW,317,DOWN,57.72870662460568,42.60035949670461,15.12834712790106,-0.906770662460568,-1.2176,57.72870662460568,9.46372239747634,32.80757097791798
4,2026-03-02,2026-04-01,TREND_DOWN,change_pct,relative_strength,LOW,HIGH,215,DOWN,54.88372093023256,42.60035949670461,12.283361433527945,-0.6239372093023255,-0.7848,54.88372093023256,11.627906976744185,33.48837209302326
4,2026-03-02,2026-04-01,TREND_DOWN,change_pct,relative_strength,HIGH,LOW,88,DOWN,67.04545454545455,42.60035949670461,24.445095048749927,-2.059311363636364,-2.3088,67.04545454545455,7.954545454545454,25.0
4,2026-03-02,2026-04-01,TREND_DOWN,change_pct,relative_strength,HIGH,HIGH,213,DOWN,73.70892018779342,42.60035949670461,31.10856069108881,-2.3803840375586853,-2.3161,73.70892018779342,8.450704225352112,17.84037558685446
4,2026-03-02,2026-04-01,TREND_UP,change_pct,relative_strength,HIGH,HIGH,21,UP,95.23809523809523,44.925690021231425,50.31240521686381,5.831476190476191,5.0275,4.761904761904762,0.0,95.23809523809523
4,2026-03-02,2026-04-01,CHOPPY,change_pct,trend_score,LOW,LOW,24,DOWN,75.0,44.85094850948509,30.149051490514907,-3.2503041666666665,-3.5151,75.0,8.333333333333332,16.666666666666664
4,2026-03-02,2026-04-01,CHOPPY,change_pct,trend_score,HIGH,LOW,64,DOWN,76.5625,44.85094850948509,31.711551490514907,-2.357084375,-2.3814,76.5625,12.5,10.9375
4,2026-03-02,2026-04-01,TREND_DOWN,change_pct,trend_score,LOW,LOW,473,DOWN,56.02536997885835,42.60035949670461,13.425010482153738,-0.7623915433403806,-0.9779,56.02536997885835,10.782241014799155,33.192389006342495
4,2026-03-02,2026-04-01,TREND_DOWN,change_pct,trend_score,LOW,HIGH,59,DOWN,61.016949152542374,42.60035949670461,18.41658965583776,-1.0335864406779658,-1.3599,61.016949152542374,6.779661016949152,32.20338983050847
4,2026-03-02,2026-04-01,TREND_DOWN,change_pct,trend_score,HIGH,LOW,241,DOWN,75.93360995850622,42.60035949670461,33.333250461801605,-2.476092116182573,-2.4063,75.93360995850622,7.468879668049793,16.59751037344398
4,2026-03-02,2026-04-01,TREND_DOWN,change_pct,trend_score,HIGH,HIGH,60,DOWN,55.00000000000001,42.60035949670461,12.39964050329539,-1.52505,-1.3706999999999998,55.00000000000001,11.666666666666666,33.33333333333333
4,2026-03-02,2026-04-01,TREND_UP,change_pct,trend_score,HIGH,LOW,33,UP,93.93939393939394,44.925690021231425,49.01370391816252,5.6629424242424236,5.6568,3.0303030303030303,3.0303030303030303,93.93939393939394
4,2026-03-02,2026-04-01,CHOPPY,change_pct,momentum_score,LOW,LOW,24,DOWN,70.83333333333334,44.85094850948509,25.982384823848243,-2.778133333333333,-3.32565,70.83333333333334,12.5,16.666666666666664
4,2026-03-02,2026-04-01,CHOPPY,change_pct,momentum_score,HIGH,HIGH,60,DOWN,75.0,44.85094850948509,30.149051490514907,-2.371138333333333,-2.5054999999999996,75.0,15.0,10.0
4,2026-03-02,2026-04-01,TREND_DOWN,change_pct,momentum_score,LOW,LOW,522,DOWN,56.32183908045977,42.60035949670461,13.721479583755153,-0.7584388888888887,-1.002,56.32183908045977,10.153256704980842,33.524904214559385
4,2026-03-02,2026-04-01,TREND_DOWN,change_pct,momentum_score,HIGH,LOW,77,DOWN,74.02597402597402,42.60035949670461,31.425614529269414,-2.618327272727273,-2.3271,74.02597402597402,10.38961038961039,15.584415584415584
4,2026-03-02,2026-04-01,TREND_DOWN,change_pct,momentum_score,HIGH,HIGH,224,DOWN,70.98214285714286,42.60035949670461,28.381783360438245,-2.1724553571428573,-2.30525,70.98214285714286,7.5892857142857135,21.428571428571427
4,2026-03-02,2026-04-01,TREND_UP,change_pct,momentum_score,HIGH,HIGH,28,UP,92.85714285714286,44.925690021231425,47.931452835911436,5.340235714285714,4.87255,3.571428571428571,3.571428571428571,92.85714285714286
4,2026-03-02,2026-04-01,CHOPPY,change_pct,volatility_score,LOW,LOW,22,DOWN,77.27272727272727,44.85094850948509,32.42177876324217,-3.514613636363636,-3.5892999999999997,77.27272727272727,9.090909090909092,13.636363636363635
4,2026-03-02,2026-04-01,CHOPPY,change_pct,volatility_score,HIGH,LOW,66,DOWN,75.75757575757575,44.85094850948509,30.90662724809066,-2.3433818181818182,-2.3814,75.75757575757575,13.636363636363635,10.606060606060606
4,2026-03-02,2026-04-01,TREND_DOWN,change_pct,volatility_score,LOW,LOW,468,DOWN,54.48717948717948,42.60035949670461,11.886819990474867,-0.615460042735043,-0.8433999999999999,54.48717948717948,9.82905982905983,35.68376068376068
4,2026-03-02,2026-04-01,TREND_DOWN,change_pct,volatility_score,LOW,HIGH,64,DOWN,71.875,42.60035949670461,29.274640503295384,-2.0868359375,-2.2714999999999996,71.875,14.0625,14.0625
4,2026-03-02,2026-04-01,TREND_DOWN,change_pct,volatility_score,HIGH,LOW,272,DOWN,71.69117647058823,42.60035949670461,29.09081697388362,-2.2980933823529415,-2.3269,71.69117647058823,7.352941176470589,20.955882352941178
4,2026-03-02,2026-04-01,TREND_DOWN,change_pct,volatility_score,HIGH,HIGH,29,DOWN,72.41379310344827,42.60035949670461,29.81343360674366,-2.1779241379310346,-2.2905,72.41379310344827,17.24137931034483,10.344827586206897
4,2026-03-02,2026-04-01,TREND_UP,change_pct,volatility_score,HIGH,LOW,39,UP,92.3076923076923,44.925690021231425,47.38200228646089,5.3769307692307695,5.294,2.564102564102564,5.128205128205128,92.3076923076923
4,2026-03-02,2026-04-01,CHOPPY,change_pct,liquidity_score,HIGH,LOW,29,DOWN,82.75862068965517,44.85094850948509,37.907672180170074,-2.6674965517241382,-2.5449,82.75862068965517,13.793103448275861,3.4482758620689653
4,2026-03-02,2026-04-01,CHOPPY,change_pct,liquidity_score,HIGH,HIGH,42,DOWN,71.42857142857143,44.85094850948509,26.577622919086334,-2.115047619047619,-2.0751999999999997,71.42857142857143,11.904761904761903,16.666666666666664
4,2026-03-02,2026-04-01,TREND_DOWN,change_pct,liquidity_score,LOW,LOW,205,DOWN,59.02439024390244,42.60035949670461,16.424030747197822,-0.9742463414634147,-1.1779,59.02439024390244,12.682926829268293,28.292682926829265
4,2026-03-02,2026-04-01,TREND_DOWN,change_pct,liquidity_score,LOW,HIGH,327,DOWN,55.04587155963303,42.60035949670461,12.445512062928415,-0.6785085626911317,-0.9777,55.04587155963303,8.868501529051988,36.08562691131498
4,2026-03-02,2026-04-01,TREND_DOWN,change_pct,liquidity_score,HIGH,LOW,114,DOWN,87.71929824561403,42.60035949670461,45.118938748909414,-3.1543982456140345,-3.1589,87.71929824561403,4.385964912280701,7.894736842105263
4,2026-03-02,2026-04-01,TREND_DOWN,change_pct,liquidity_score,HIGH,HIGH,187,DOWN,62.03208556149733,42.60035949670461,19.431726064792716,-1.7574320855614973,-1.8577,62.03208556149733,10.695187165775401,27.27272727272727
4,2026-03-02,2026-04-01,TREND_UP,change_pct,liquidity_score,HIGH,HIGH,26,UP,92.3076923076923,44.925690021231425,47.38200228646089,5.393415384615384,4.75135,3.8461538461538463,3.8461538461538463,92.3076923076923
4,2026-03-02,2026-04-01,CHOPPY,intelligence_score,relative_strength,LOW,LOW,39,DOWN,76.92307692307693,44.85094850948509,32.072128413591834,-2.6329820512820508,-2.5828,76.92307692307693,5.128205128205128,17.94871794871795
4,2026-03-02,2026-04-01,CHOPPY,intelligence_score,relative_strength,LOW,HIGH,40,DOWN,77.5,44.85094850948509,32.64905149051491,-2.6041549999999996,-2.5539,77.5,12.5,10.0
4,2026-03-02,2026-04-01,TREND_DOWN,intelligence_score,relative_strength,LOW,LOW,368,DOWN,59.5108695652174,42.60035949670461,16.910510068512778,-1.1531448369565218,-1.5381,59.5108695652174,9.510869565217392,30.978260869565215
4,2026-03-02,2026-04-01,TREND_DOWN,intelligence_score,relative_strength,LOW,HIGH,325,DOWN,67.38461538461539,42.60035949670461,24.78425588791077,-1.6297886153846157,-1.8303,67.38461538461539,9.230769230769232,23.384615384615383
4,2026-03-02,2026-04-01,TREND_DOWN,intelligence_score,relative_strength,HIGH,LOW,37,DOWN,62.16216216216216,42.60035949670461,19.561802665457545,-1.1975243243243243,-1.3908,62.16216216216216,5.405405405405405,32.432432432432435
4,2026-03-02,2026-04-01,TREND_DOWN,intelligence_score,relative_strength,HIGH,HIGH,103,DOWN,54.36893203883495,42.60035949670461,11.768572542130334,-1.0823980582524275,-0.9457,54.36893203883495,12.62135922330097,33.00970873786408
4,2026-03-02,2026-04-01,TREND_UP,intelligence_score,relative_strength,LOW,LOW,23,UP,86.95652173913044,44.925690021231425,42.030831717899005,4.075426086956522,4.0566,4.3478260869565215,8.695652173913043,86.95652173913044
4,2026-03-02,2026-04-01,CHOPPY,intelligence_score,trend_score,LOW,LOW,78,DOWN,78.2051282051282,44.85094850948509,33.35417969564311,-2.6642833333333336,-2.57285,78.2051282051282,8.974358974358974,12.82051282051282
4,2026-03-02,2026-04-01,TREND_DOWN,intelligence_score,trend_score,LOW,LOW,669,DOWN,63.07922272047832,42.60035949670461,20.478863223773708,-1.3624222720478325,-1.7004,63.07922272047832,9.417040358744394,27.50373692077728
4,2026-03-02,2026-04-01,TREND_DOWN,intelligence_score,trend_score,LOW,HIGH,24,DOWN,66.66666666666666,42.60035949670461,24.066307169962048,-1.7740875,-2.0536,66.66666666666666,8.333333333333332,25.0
4,2026-03-02,2026-04-01,TREND_DOWN,intelligence_score,trend_score,HIGH,LOW,45,DOWN,57.77777777777777,42.60035949670461,15.177418281073157,-1.0197533333333333,-0.7376,57.77777777777777,13.333333333333334,28.888888888888886
4,2026-03-02,2026-04-01,TREND_DOWN,intelligence_score,trend_score,HIGH,HIGH,95,DOWN,55.78947368421052,42.60035949670461,13.189114187505908,-1.1569105263157895,-1.3389,55.78947368421052,9.473684210526317,34.73684210526316
4,2026-03-02,2026-04-01,TREND_UP,intelligence_score,trend_score,LOW,LOW,40,UP,92.5,44.925690021231425,47.57430997876858,5.226755,4.5964,2.5,5.0,92.5
4,2026-03-02,2026-04-01,CHOPPY,intelligence_score,momentum_score,LOW,LOW,33,DOWN,75.75757575757575,44.85094850948509,30.90662724809066,-2.6679848484848487,-2.7463,75.75757575757575,6.0606060606060606,18.181818181818183
4,2026-03-02,2026-04-01,CHOPPY,intelligence_score,momentum_score,LOW,HIGH,46,DOWN,78.26086956521739,44.85094850948509,33.4099210557323,-2.582804347826087,-2.5539,78.26086956521739,10.869565217391305,10.869565217391305
4,2026-03-02,2026-04-01,TREND_DOWN,intelligence_score,momentum_score,LOW,LOW,540,DOWN,58.7037037037037,42.60035949670461,16.103344206999086,-1.0516042592592596,-1.20275,58.7037037037037,10.37037037037037,30.925925925925924
4,2026-03-02,2026-04-01,TREND_DOWN,intelligence_score,momentum_score,LOW,HIGH,153,DOWN,79.08496732026144,42.60035949670461,36.48460782355682,-2.5240019607843136,-2.6448,79.08496732026144,5.88235294117647,15.032679738562091
4,2026-03-02,2026-04-01,TREND_DOWN,intelligence_score,momentum_score,HIGH,LOW,59,DOWN,57.6271186440678,42.60035949670461,15.026759147363183,-0.5025423728813561,-0.9457,57.6271186440678,8.47457627118644,33.89830508474576
4,2026-03-02,2026-04-01,TREND_DOWN,intelligence_score,momentum_score,HIGH,HIGH,81,DOWN,55.55555555555556,42.60035949670461,12.955196058850943,-1.5573506172839506,-1.3392,55.55555555555556,12.345679012345679,32.098765432098766
4,2026-03-02,2026-04-01,TREND_UP,intelligence_score,momentum_score,LOW,LOW,20,UP,85.0,44.925690021231425,40.074309978768575,4.226564999999999,4.20295,5.0,10.0,85.0
4,2026-03-02,2026-04-01,TREND_UP,intelligence_score,momentum_score,LOW,HIGH,20,UP,100.0,44.925690021231425,55.074309978768575,6.226945000000001,5.88665,0.0,0.0,100.0
4,2026-03-02,2026-04-01,CHOPPY,intelligence_score,volatility_score,LOW,LOW,69,DOWN,79.71014492753623,44.85094850948509,34.859196418051134,-2.7978159420289854,-2.5975,79.71014492753623,8.695652173913043,11.594202898550725
4,2026-03-02,2026-04-01,TREND_DOWN,intelligence_score,volatility_score,LOW,LOW,616,DOWN,62.175324675324674,42.60035949670461,19.574965178620058,-1.26730762987013,-1.57625,62.175324675324674,8.441558441558442,29.383116883116884
4,2026-03-02,2026-04-01,TREND_DOWN,intelligence_score,volatility_score,LOW,HIGH,77,DOWN,71.42857142857143,42.60035949670461,28.828211931866814,-2.25165064935065,-2.328,71.42857142857143,16.883116883116884,11.688311688311687
4,2026-03-02,2026-04-01,TREND_DOWN,intelligence_score,volatility_score,HIGH,LOW,124,DOWN,54.03225806451613,42.60035949670461,11.43189856781151,-1.0681870967741938,-0.92805,54.03225806451613,11.29032258064516,34.67741935483871
4,2026-03-02,2026-04-01,TREND_UP,intelligence_score,volatility_score,LOW,LOW,39,UP,92.3076923076923,44.925690021231425,47.38200228646089,5.3143615384615375,4.7176,2.564102564102564,5.128205128205128,92.3076923076923
4,2026-03-02,2026-04-01,CHOPPY,intelligence_score,liquidity_score,LOW,LOW,38,DOWN,78.94736842105263,44.85094850948509,34.09641991156754,-2.703897368421053,-2.5303,78.94736842105263,15.789473684210526,5.263157894736842
4,2026-03-02,2026-04-01,CHOPPY,intelligence_score,liquidity_score,LOW,HIGH,41,DOWN,75.60975609756098,44.85094850948509,30.758807588075882,-2.539131707317073,-2.6908,75.60975609756098,2.4390243902439024,21.951219512195124
4,2026-03-02,2026-04-01,TREND_DOWN,intelligence_score,liquidity_score,LOW,LOW,310,DOWN,69.35483870967742,42.60035949670461,26.75447921297281,-1.7559816129032257,-2.0516,69.35483870967742,9.67741935483871,20.967741935483872
4,2026-03-02,2026-04-01,TREND_DOWN,intelligence_score,liquidity_score,LOW,HIGH,383,DOWN,58.22454308093995,42.60035949670461,15.624183584235334,-1.0696718015665796,-1.2176,58.22454308093995,9.138381201044385,32.637075718015666
4,2026-03-02,2026-04-01,TREND_DOWN,intelligence_score,liquidity_score,HIGH,HIGH,131,DOWN,55.72519083969466,42.60035949670461,13.124831342990046,-1.0750213740458014,-1.0971,55.72519083969466,10.687022900763358,33.587786259541986
4,2026-03-02,2026-04-01,TREND_UP,intelligence_score,liquidity_score,LOW,HIGH,23,UP,95.65217391304348,44.925690021231425,50.72648389181206,5.555026086956522,4.4631,4.3478260869565215,0.0,95.65217391304348
4,2026-03-02,2026-04-01,CHOPPY,relative_strength,trend_score,LOW,LOW,42,DOWN,78.57142857142857,44.85094850948509,33.720480061943476,-2.802390476190476,-2.66455,78.57142857142857,7.142857142857142,14.285714285714285
4,2026-03-02,2026-04-01,CHOPPY,relative_strength,trend_score,HIGH,LOW,46,DOWN,73.91304347826086,44.85094850948509,29.06209496877577,-2.4165282608695655,-2.5054999999999996,73.91304347826086,15.217391304347828,10.869565217391305
4,2026-03-02,2026-04-01,TREND_DOWN,relative_strength,trend_score,LOW,LOW,367,DOWN,58.855585831062676,42.60035949670461,16.25522633435806,-1.0883520435967302,-1.4611,58.855585831062676,9.809264305177113,31.33514986376022
4,2026-03-02,2026-04-01,TREND_DOWN,relative_strength,trend_score,LOW,HIGH,38,DOWN,68.42105263157895,42.60035949670461,25.820693134874332,-1.8221184210526316,-1.9414500000000001,68.42105263157895,2.631578947368421,28.947368421052634
4,2026-03-02,2026-04-01,TREND_DOWN,relative_strength,trend_score,HIGH,LOW,347,DOWN,66.85878962536023,42.60035949670461,24.25843012865561,-1.6078507204610948,-1.7684,66.85878962536023,9.510086455331413,23.631123919308358
4,2026-03-02,2026-04-01,TREND_DOWN,relative_strength,trend_score,HIGH,HIGH,81,DOWN,53.086419753086425,42.60035949670461,10.486060256381807,-1.027704938271605,-1.1131,53.086419753086425,12.345679012345679,34.5679012345679
4,2026-03-02,2026-04-01,TREND_UP,relative_strength,trend_score,LOW,LOW,24,UP,87.5,44.925690021231425,42.574309978768575,3.949191666666666,3.9652000000000003,4.166666666666666,8.333333333333332,87.5
4,2026-03-02,2026-04-01,CHOPPY,relative_strength,momentum_score,LOW,LOW,32,DOWN,71.875,44.85094850948509,27.024051490514907,-2.454909375,-2.43375,71.875,9.375,18.75
4,2026-03-02,2026-04-01,CHOPPY,relative_strength,momentum_score,HIGH,HIGH,50,DOWN,72.0,44.85094850948509,27.149051490514903,-2.289142,-2.5054999999999996,72.0,16.0,12.0
4,2026-03-02,2026-04-01,TREND_DOWN,relative_strength,momentum_score,LOW,LOW,361,DOWN,59.2797783933518,42.60035949670461,16.679418896647185,-1.0513919667590028,-1.3908,59.2797783933518,9.418282548476455,31.301939058171747
4,2026-03-02,2026-04-01,TREND_DOWN,relative_strength,momentum_score,LOW,HIGH,44,DOWN,63.63636363636363,42.60035949670461,21.03600413965902,-2.0252999999999997,-2.5667,63.63636363636363,6.8181818181818175,29.545454545454547
4,2026-03-02,2026-04-01,TREND_DOWN,relative_strength,momentum_score,HIGH,LOW,238,DOWN,57.56302521008403,42.60035949670461,14.962665713379414,-0.9158142857142857,-0.8675999999999999,57.56302521008403,11.344537815126051,31.092436974789916
4,2026-03-02,2026-04-01,TREND_DOWN,relative_strength,momentum_score,HIGH,HIGH,190,DOWN,72.63157894736842,42.60035949670461,30.03121945066381,-2.227392105263158,-2.3214,72.63157894736842,8.421052631578947,18.947368421052634
4,2026-03-02,2026-04-01,TREND_UP,relative_strength,momentum_score,LOW,LOW,20,UP,85.0,44.925690021231425,40.074309978768575,3.75304,3.9479500000000005,5.0,10.0,85.0
4,2026-03-02,2026-04-01,TREND_UP,relative_strength,momentum_score,HIGH,HIGH,20,UP,95.0,44.925690021231425,50.074309978768575,5.597235,4.87255,5.0,0.0,95.0
4,2026-03-02,2026-04-01,CHOPPY,relative_strength,volatility_score,LOW,LOW,39,DOWN,79.48717948717949,44.85094850948509,34.63623097769439,-2.896676923076923,-2.5828,79.48717948717949,7.6923076923076925,12.82051282051282
4,2026-03-02,2026-04-01,CHOPPY,relative_strength,volatility_score,HIGH,LOW,49,DOWN,73.46938775510205,44.85094850948509,28.61843924561695,-2.428863265306123,-2.5157,73.46938775510205,16.3265306122449,10.204081632653061
4,2026-03-02,2026-04-01,TREND_DOWN,relative_strength,volatility_score,LOW,LOW,363,DOWN,57.85123966942148,42.60035949670461,15.250880172716869,-0.9799451790633609,-1.2949,57.85123966942148,8.264462809917356,33.88429752066116
4,2026-03-02,2026-04-01,TREND_DOWN,relative_strength,volatility_score,LOW,HIGH,42,DOWN,76.19047619047619,42.60035949670461,33.59011669377157,-2.6891809523809522,-2.2872500000000002,76.19047619047619,16.666666666666664,7.142857142857142
4,2026-03-02,2026-04-01,TREND_DOWN,relative_strength,volatility_score,HIGH,LOW,377,DOWN,63.660477453580896,42.60035949670461,21.060117956876283,-1.4785055702917773,-1.5847,63.660477453580896,9.549071618037134,26.790450928381965
4,2026-03-02,2026-04-01,TREND_DOWN,relative_strength,volatility_score,HIGH,HIGH,51,DOWN,68.62745098039215,42.60035949670461,26.027091483687542,-1.6425823529411767,-2.259,68.62745098039215,13.725490196078432,17.647058823529413
4,2026-03-02,2026-04-01,TREND_UP,relative_strength,volatility_score,LOW,LOW,27,UP,85.18518518518519,44.925690021231425,40.259495163953765,4.104911111111112,4.0655,3.7037037037037033,11.11111111111111,85.18518518518519
4,2026-03-02,2026-04-01,TREND_UP,relative_strength,volatility_score,HIGH,LOW,21,UP,95.23809523809523,44.925690021231425,50.31240521686381,5.831476190476191,5.0275,4.761904761904762,0.0,95.23809523809523
4,2026-03-02,2026-04-01,CHOPPY,relative_strength,liquidity_score,LOW,HIGH,29,DOWN,72.41379310344827,44.85094850948509,27.56284459396318,-2.6050896551724145,-2.7463,72.41379310344827,6.896551724137931,20.689655172413794
4,2026-03-02,2026-04-01,CHOPPY,relative_strength,liquidity_score,HIGH,LOW,22,DOWN,77.27272727272727,44.85094850948509,32.42177876324217,-2.6820045454545456,-2.5539,77.27272727272727,18.181818181818183,4.545454545454546
4,2026-03-02,2026-04-01,CHOPPY,relative_strength,liquidity_score,HIGH,HIGH,31,DOWN,70.96774193548387,44.85094850948509,26.11679342599878,-2.1771677419354836,-2.4816,70.96774193548387,12.903225806451612,16.129032258064516
4,2026-03-02,2026-04-01,TREND_DOWN,relative_strength,liquidity_score,LOW,LOW,160,DOWN,66.25,42.60035949670461,23.649640503295384,-1.4340943750000001,-1.9625,66.25,8.75,25.0
4,2026-03-02,2026-04-01,TREND_DOWN,relative_strength,liquidity_score,LOW,HIGH,245,DOWN,55.51020408163265,42.60035949670461,12.909844584928038,-0.9763697959183671,-1.1281,55.51020408163265,9.387755102040817,35.10204081632653
4,2026-03-02,2026-04-01,TREND_DOWN,relative_strength,liquidity_score,HIGH,LOW,159,DOWN,72.32704402515722,42.60035949670461,29.726684528452612,-2.074633962264151,-2.1783,72.32704402515722,10.69182389937107,16.9811320754717
4,2026-03-02,2026-04-01,TREND_DOWN,relative_strength,liquidity_score,HIGH,HIGH,269,DOWN,59.479553903345725,42.60035949670461,16.879194406641112,-1.1572546468401486,-1.3039,59.479553903345725,9.66542750929368,30.855018587360593
4,2026-03-02,2026-04-01,CHOPPY,trend_score,momentum_score,LOW,LOW,32,DOWN,78.125,44.85094850948509,33.27405149051491,-2.781409375,-2.959,78.125,6.25,15.625
4,2026-03-02,2026-04-01,CHOPPY,trend_score,momentum_score,LOW,HIGH,56,DOWN,75.0,44.85094850948509,30.149051490514907,-2.4974214285714282,-2.5054999999999996,75.0,14.285714285714285,10.714285714285714
4,2026-03-02,2026-04-01,TREND_DOWN,trend_score,momentum_score,LOW,LOW,543,DOWN,58.195211786372006,42.60035949670461,15.594852289667388,-0.9955403314917125,-1.1538,58.195211786372006,10.681399631675875,31.123388581952117
4,2026-03-02,2026-04-01,TREND_DOWN,trend_score,momentum_score,LOW,HIGH,171,DOWN,77.19298245614034,42.60035949670461,34.59262295943573,-2.4372573099415202,-2.609,77.19298245614034,6.432748538011696,16.374269005847953
4,2026-03-02,2026-04-01,TREND_DOWN,trend_score,momentum_score,HIGH,LOW,56,DOWN,62.5,42.60035949670461,19.899640503295384,-1.016748214285714,-1.37535,62.5,5.357142857142857,32.142857142857146
4,2026-03-02,2026-04-01,TREND_DOWN,trend_score,momentum_score,HIGH,HIGH,63,DOWN,53.96825396825397,42.60035949670461,11.36789447154935,-1.516614285714286,-1.3392,53.96825396825397,12.698412698412698,33.33333333333333
4,2026-03-02,2026-04-01,TREND_UP,trend_score,momentum_score,LOW,LOW,21,UP,85.71428571428571,44.925690021231425,40.78859569305428,4.0751,4.0566,4.761904761904762,9.523809523809524,85.71428571428571
4,2026-03-02,2026-04-01,TREND_UP,trend_score,momentum_score,LOW,HIGH,22,UP,95.45454545454545,44.925690021231425,50.528855433314035,5.759245454545455,5.362,4.545454545454546,0.0,95.45454545454545
4,2026-03-02,2026-04-01,CHOPPY,trend_score,volatility_score,LOW,LOW,79,DOWN,77.21518987341773,44.85094850948509,32.36424136393263,-2.710074683544304,-2.5449,77.21518987341773,11.39240506329114,11.39240506329114
4,2026-03-02,2026-04-01,TREND_DOWN,trend_score,volatility_score,LOW,LOW,646,DOWN,61.76470588235294,42.60035949670461,19.16434638564833,-1.2392650154798763,-1.52315,61.76470588235294,8.978328173374612,29.256965944272444
4,2026-03-02,2026-04-01,TREND_DOWN,trend_score,volatility_score,LOW,HIGH,68,DOWN,72.05882352941177,42.60035949670461,29.45846403270715,-2.305650000000001,-2.306,72.05882352941177,16.176470588235293,11.76470588235294
4,2026-03-02,2026-04-01,TREND_DOWN,trend_score,volatility_score,HIGH,LOW,94,DOWN,54.25531914893617,42.60035949670461,11.65495965223155,-1.1973563829787235,-1.1051,54.25531914893617,8.51063829787234,37.234042553191486
4,2026-03-02,2026-04-01,TREND_DOWN,trend_score,volatility_score,HIGH,HIGH,25,DOWN,72.0,42.60035949670461,29.399640503295384,-1.5973240000000002,-2.259,72.0,12.0,16.0
4,2026-03-02,2026-04-01,TREND_UP,trend_score,volatility_score,LOW,LOW,42,UP,90.47619047619048,44.925690021231425,45.55050045495905,5.0112,4.5964,4.761904761904762,4.761904761904762,90.47619047619048
4,2026-03-02,2026-04-01,CHOPPY,trend_score,liquidity_score,LOW,LOW,38,DOWN,78.94736842105263,44.85094850948509,34.09641991156754,-2.703897368421053,-2.5303,78.94736842105263,15.789473684210526,5.263157894736842
4,2026-03-02,2026-04-01,CHOPPY,trend_score,liquidity_score,LOW,HIGH,50,DOWN,74.0,44.85094850948509,29.149051490514903,-2.5222519999999995,-2.5464,74.0,8.0,18.0
4,2026-03-02,2026-04-01,TREND_DOWN,trend_score,liquidity_score,LOW,LOW,293,DOWN,68.94197952218431,42.60035949670461,26.34162002547969,-1.7328204778156995,-1.9637,68.94197952218431,9.556313993174061,21.501706484641637
4,2026-03-02,2026-04-01,TREND_DOWN,trend_score,liquidity_score,LOW,HIGH,421,DOWN,58.432304038004744,42.60035949670461,15.83194454130013,-1.0680118764845608,-1.2172,58.432304038004744,9.73871733966746,31.828978622327792
4,2026-03-02,2026-04-01,TREND_DOWN,trend_score,liquidity_score,HIGH,LOW,26,DOWN,73.07692307692307,42.60035949670461,30.476563580218457,-1.984826923076923,-2.3295000000000003,73.07692307692307,11.538461538461538,15.384615384615385
4,2026-03-02,2026-04-01,TREND_DOWN,trend_score,liquidity_score,HIGH,HIGH,93,DOWN,53.76344086021505,42.60035949670461,11.163081363510436,-1.0847215053763442,-1.0971,53.76344086021505,8.60215053763441,37.634408602150536
4,2026-03-02,2026-04-01,TREND_UP,trend_score,liquidity_score,LOW,HIGH,26,UP,92.3076923076923,44.925690021231425,47.38200228646089,5.037534615384616,4.45735,7.6923076923076925,0.0,92.3076923076923
4,2026-03-02,2026-04-01,CHOPPY,momentum_score,volatility_score,LOW,LOW,30,DOWN,80.0,44.85094850948509,35.14905149051491,-2.943976666666666,-3.27125,80.0,6.666666666666667,13.333333333333334
4,2026-03-02,2026-04-01,CHOPPY,momentum_score,volatility_score,HIGH,LOW,58,DOWN,74.13793103448276,44.85094850948509,29.28698252499767,-2.4769896551724138,-2.5054999999999996,74.13793103448276,15.517241379310345,10.344827586206897
4,2026-03-02,2026-04-01,TREND_DOWN,momentum_score,volatility_score,LOW,LOW,527,DOWN,57.1157495256167,42.60035949670461,14.515390028912083,-0.8520880455407972,-1.0115,57.1157495256167,9.297912713472485,33.586337760910816
4,2026-03-02,2026-04-01,TREND_DOWN,momentum_score,volatility_score,LOW,HIGH,72,DOWN,69.44444444444444,42.60035949670461,26.844084947739827,-2.062026388888889,-2.11135,69.44444444444444,16.666666666666664,13.88888888888889
4,2026-03-02,2026-04-01,TREND_DOWN,momentum_score,volatility_score,HIGH,LOW,213,DOWN,69.95305164319248,42.60035949670461,27.352692146487872,-2.178715023474178,-2.3267,69.95305164319248,7.981220657276995,22.065727699530516
4,2026-03-02,2026-04-01,TREND_DOWN,momentum_score,volatility_score,HIGH,HIGH,21,DOWN,80.95238095238095,42.60035949670461,38.352021455676336,-2.297685714285714,-2.3161,80.95238095238095,9.523809523809524,9.523809523809524
4,2026-03-02,2026-04-01,TREND_UP,momentum_score,volatility_score,LOW,LOW,20,UP,85.0,44.925690021231425,40.074309978768575,4.18835,4.20295,5.0,10.0,85.0
4,2026-03-02,2026-04-01,TREND_UP,momentum_score,volatility_score,HIGH,LOW,28,UP,92.85714285714286,44.925690021231425,47.931452835911436,5.340235714285714,4.87255,3.571428571428571,3.571428571428571,92.85714285714286
4,2026-03-02,2026-04-01,CHOPPY,momentum_score,liquidity_score,LOW,HIGH,21,DOWN,71.42857142857143,44.85094850948509,26.577622919086334,-2.597995238095238,-3.1717,71.42857142857143,4.761904761904762,23.809523809523807
4,2026-03-02,2026-04-01,CHOPPY,momentum_score,liquidity_score,HIGH,LOW,24,DOWN,79.16666666666666,44.85094850948509,34.31571815718157,-2.779570833333333,-2.57285,79.16666666666666,16.666666666666664,4.166666666666666
4,2026-03-02,2026-04-01,CHOPPY,momentum_score,liquidity_score,HIGH,HIGH,39,DOWN,71.7948717948718,44.85094850948509,26.9439232853867,-2.2687666666666666,-2.2958,71.7948717948718,12.82051282051282,15.384615384615385
4,2026-03-02,2026-04-01,TREND_DOWN,momentum_score,liquidity_score,LOW,LOW,231,DOWN,62.33766233766234,42.60035949670461,19.73730284095772,-1.2283640692640692,-1.5938,62.33766233766234,11.255411255411255,26.406926406926406
4,2026-03-02,2026-04-01,TREND_DOWN,momentum_score,liquidity_score,LOW,HIGH,368,DOWN,56.25,42.60035949670461,13.649640503295386,-0.8526201086956524,-1.0079500000000001,56.25,9.510869565217392,34.23913043478261
4,2026-03-02,2026-04-01,TREND_DOWN,momentum_score,liquidity_score,HIGH,LOW,88,DOWN,87.5,42.60035949670461,44.89964050329539,-3.131475,-3.17715,87.5,5.681818181818182,6.8181818181818175
4,2026-03-02,2026-04-01,TREND_DOWN,momentum_score,liquidity_score,HIGH,HIGH,146,DOWN,60.95890410958904,42.60035949670461,18.358544612884426,-1.6215609589041098,-1.74195,60.95890410958904,9.58904109589041,29.45205479452055
4,2026-03-02,2026-04-01,TREND_UP,momentum_score,liquidity_score,HIGH,HIGH,20,UP,90.0,44.925690021231425,45.07430997876858,5.154575000000001,4.46915,5.0,5.0,90.0
4,2026-03-02,2026-04-01,CHOPPY,volatility_score,liquidity_score,LOW,LOW,31,DOWN,83.87096774193549,44.85094850948509,39.020019232450394,-3.0585032258064517,-2.5828,83.87096774193549,16.129032258064516,0.0
4,2026-03-02,2026-04-01,CHOPPY,volatility_score,liquidity_score,LOW,HIGH,57,DOWN,71.9298245614035,44.85094850948509,27.078876051918417,-2.4065105263157895,-2.4953,71.9298245614035,10.526315789473683,17.543859649122805
4,2026-03-02,2026-04-01,TREND_DOWN,volatility_score,liquidity_score,LOW,LOW,263,DOWN,68.06083650190115,42.60035949670461,25.46047700519653,-1.652819011406844,-1.9048,68.06083650190115,9.125475285171103,22.813688212927758
4,2026-03-02,2026-04-01,TREND_DOWN,volatility_score,liquidity_score,LOW,HIGH,477,DOWN,56.81341719077568,42.60035949670461,14.213057694071068,-1.0029880503144655,-1.1354,56.81341719077568,8.80503144654088,34.38155136268344
4,2026-03-02,2026-04-01,TREND_DOWN,volatility_score,liquidity_score,HIGH,LOW,56,DOWN,75.0,42.60035949670461,32.39964050329539,-2.2255446428571433,-2.3743999999999996,75.0,12.5,12.5
4,2026-03-02,2026-04-01,TREND_DOWN,volatility_score,liquidity_score,HIGH,HIGH,37,DOWN,67.56756756756756,42.60035949670461,24.967208070862952,-1.9482918918918914,-1.3599,67.56756756756756,18.91891891891892,13.513513513513514
4,2026-03-02,2026-04-01,TREND_UP,volatility_score,liquidity_score,LOW,HIGH,31,UP,90.32258064516128,44.925690021231425,45.39689062392986,4.902870967741935,4.4516,6.451612903225806,3.225806451612903,90.32258064516128
5,2026-04-02,2026-05-04,HIGH_VOL,change_pct,intelligence_score,LOW,LOW,34,UP,73.52941176470588,33.33333333333333,40.196078431372555,2.514973529411765,2.8034,17.647058823529413,8.823529411764707,73.52941176470588
5,2026-04-02,2026-05-04,HIGH_VOL,change_pct,intelligence_score,LOW,HIGH,50,UP,86.0,33.33333333333333,52.666666666666664,4.046656,3.7293,12.0,2.0,86.0
5,2026-04-02,2026-05-04,HIGH_VOL,change_pct,intelligence_score,HIGH,LOW,34,UP,64.70588235294117,33.33333333333333,31.37254901960785,1.2226411764705882,1.3852,17.647058823529413,17.647058823529413,64.70588235294117
5,2026-04-02,2026-05-04,HIGH_VOL,change_pct,intelligence_score,HIGH,HIGH,127,UP,63.77952755905512,33.33333333333333,30.446194225721783,1.8130944881889766,1.7779,26.77165354330709,9.448818897637794,63.77952755905512
5,2026-04-02,2026-05-04,TREND_DOWN,change_pct,intelligence_score,LOW,LOW,77,UP,77.92207792207793,37.76978417266187,40.15229374941606,3.75706883116883,3.0736,12.987012987012985,9.090909090909092,77.92207792207793
5,2026-04-02,2026-05-04,TREND_DOWN,change_pct,intelligence_score,LOW,HIGH,78,UP,48.717948717948715,37.76978417266187,10.948164545286849,0.482925641025641,0.3705,39.743589743589745,11.538461538461538,48.717948717948715
5,2026-04-02,2026-05-04,TREND_DOWN,change_pct,intelligence_score,HIGH,LOW,84,UP,78.57142857142857,37.76978417266187,40.8016443987667,3.552578571428571,3.2372,10.714285714285714,10.714285714285714,78.57142857142857
5,2026-04-02,2026-05-04,TREND_DOWN,change_pct,intelligence_score,HIGH,HIGH,104,UP,52.88461538461539,37.76978417266187,15.114831211953517,0.9523490384615385,0.9837,37.5,9.615384615384617,52.88461538461539
5,2026-04-02,2026-05-04,TREND_UP,change_pct,intelligence_score,LOW,LOW,50,UP,52.0,45.84026622296173,6.159733777038273,1.5853519999999997,0.6747,42.0,6.0,52.0
5,2026-04-02,2026-05-04,TREND_UP,change_pct,intelligence_score,LOW,HIGH,79,DOWN,46.835443037974684,38.14475873544093,8.690684302533752,-0.7448177215189875,-0.1096,46.835443037974684,10.126582278481013,43.037974683544306
5,2026-04-02,2026-05-04,TREND_UP,change_pct,intelligence_score,HIGH,LOW,64,UP,65.625,45.84026622296173,19.784733777038273,2.7049453125,2.6585,23.4375,10.9375,65.625
5,2026-04-02,2026-05-04,TREND_UP,change_pct,intelligence_score,HIGH,HIGH,150,DOWN,48.0,38.14475873544093,9.855241264559067,-0.20958400000000016,0.014500000000000006,48.0,10.666666666666668,41.333333333333336
5,2026-04-02,2026-05-04,CHOPPY,change_pct,relative_strength,LOW,LOW,23,DOWN,43.47826086956522,48.32535885167464,-4.847097982109427,-0.3660782608695653,0.2134,43.47826086956522,13.043478260869565,43.47826086956522
5,2026-04-02,2026-05-04,HIGH_VOL,change_pct,relative_strength,LOW,LOW,61,UP,81.9672131147541,33.33333333333333,48.63387978142077,3.255198360655738,2.9443,13.114754098360656,4.918032786885246,81.9672131147541
5,2026-04-02,2026-05-04,HIGH_VOL,change_pct,relative_strength,LOW,HIGH,23,UP,78.26086956521739,33.33333333333333,44.92753623188406,3.881513043478261,4.5414,17.391304347826086,4.3478260869565215,78.26086956521739
5,2026-04-02,2026-05-04,HIGH_VOL,change_pct,relative_strength,HIGH,LOW,56,UP,69.64285714285714,33.33333333333333,36.30952380952381,1.7267767857142855,1.7514,17.857142857142858,12.5,69.64285714285714
5,2026-04-02,2026-05-04,HIGH_VOL,change_pct,relative_strength,HIGH,HIGH,105,UP,60.952380952380956,33.33333333333333,27.619047619047628,1.6679361904761905,1.7128,28.57142857142857,10.476190476190476,60.952380952380956
5,2026-04-02,2026-05-04,TREND_DOWN,change_pct,relative_strength,LOW,LOW,119,UP,68.0672268907563,37.76978417266187,30.297442718094437,2.6226134453781507,2.1224,21.84873949579832,10.084033613445378,68.0672268907563
5,2026-04-02,2026-05-04,TREND_DOWN,change_pct,relative_strength,LOW,HIGH,36,UP,47.22222222222222,37.76978417266187,9.452438049560353,0.4130972222222222,0.42825,41.66666666666667,11.11111111111111,47.22222222222222
5,2026-04-02,2026-05-04,TREND_DOWN,change_pct,relative_strength,HIGH,LOW,48,UP,64.58333333333334,37.76978417266187,26.813549160671467,1.8804166666666668,1.97835,22.916666666666664,12.5,64.58333333333334
5,2026-04-02,2026-05-04,TREND_DOWN,change_pct,relative_strength,HIGH,HIGH,140,UP,64.28571428571429,37.76978417266187,26.51593011305242,2.194292142857143,1.88845,26.42857142857143,9.285714285714286,64.28571428571429
5,2026-04-02,2026-05-04,TREND_UP,change_pct,relative_strength,LOW,LOW,117,UP,47.863247863247864,45.84026622296173,2.0229816402861367,0.2822846153846153,0.1834,43.58974358974359,8.547008547008547,47.863247863247864
5,2026-04-02,2026-05-04,TREND_UP,change_pct,relative_strength,HIGH,LOW,58,UP,55.172413793103445,45.84026622296173,9.33214757014172,1.2906189655172413,1.1881,34.48275862068966,10.344827586206897,55.172413793103445
5,2026-04-02,2026-05-04,TREND_UP,change_pct,relative_strength,HIGH,HIGH,156,UP,46.15384615384615,45.84026622296173,0.3135799308844278,0.42835256410256395,0.34624999999999995,42.94871794871795,10.897435897435898,46.15384615384615
5,2026-04-02,2026-05-04,CHOPPY,change_pct,trend_score,LOW,HIGH,27,DOWN,51.85185185185185,48.32535885167464,3.5264930001772052,-0.9124888888888889,-0.7707,51.85185185185185,11.11111111111111,37.03703703703704
5,2026-04-02,2026-05-04,HIGH_VOL,change_pct,trend_score,LOW,HIGH,69,UP,82.6086956521739,33.33333333333333,49.275362318840585,3.7962739130434775,3.6006,13.043478260869565,4.3478260869565215,82.6086956521739
5,2026-04-02,2026-05-04,HIGH_VOL,change_pct,trend_score,HIGH,LOW,30,UP,63.33333333333333,33.33333333333333,30.0,1.2246,1.27,20.0,16.666666666666664,63.33333333333333
5,2026-04-02,2026-05-04,HIGH_VOL,change_pct,trend_score,HIGH,HIGH,131,UP,64.12213740458014,33.33333333333333,30.788804071246815,1.79461679389313,1.7804,25.954198473282442,9.923664122137405,64.12213740458014
5,2026-04-02,2026-05-04,TREND_DOWN,change_pct,trend_score,LOW,LOW,68,UP,79.41176470588235,37.76978417266187,41.641980533220476,4.143257352941175,3.5929,11.76470588235294,8.823529411764707,79.41176470588235
5,2026-04-02,2026-05-04,TREND_DOWN,change_pct,trend_score,LOW,HIGH,87,UP,50.57471264367817,37.76978417266187,12.804928471016296,0.5197816091954024,0.5054,37.93103448275862,11.494252873563218,50.57471264367817
5,2026-04-02,2026-05-04,TREND_DOWN,change_pct,trend_score,HIGH,LOW,78,UP,75.64102564102564,37.76978417266187,37.87124146836377,3.4031038461538468,3.13995,14.102564102564102,10.256410256410255,75.64102564102564
5,2026-04-02,2026-05-04,TREND_DOWN,change_pct,trend_score,HIGH,HIGH,110,UP,56.36363636363636,37.76978417266187,18.59385219097449,1.2001709090909092,1.2476500000000001,33.63636363636363,10.0,56.36363636363636
5,2026-04-02,2026-05-04,TREND_UP,change_pct,trend_score,LOW,LOW,29,UP,72.41379310344827,45.84026622296173,26.573526880486547,3.4225931034482766,3.8895,24.137931034482758,3.4482758620689653,72.41379310344827
5,2026-04-02,2026-05-04,TREND_UP,change_pct,trend_score,LOW,HIGH,100,DOWN,51.0,38.14475873544093,12.85524126455907,-0.7882819999999999,-0.5342,51.0,10.0,39.0
5,2026-04-02,2026-05-04,TREND_UP,change_pct,trend_score,HIGH,LOW,46,UP,82.6086956521739,45.84026622296173,36.76842942921218,4.050204347826087,4.54055,8.695652173913043,8.695652173913043,82.6086956521739
5,2026-04-02,2026-05-04,TREND_UP,change_pct,trend_score,HIGH,HIGH,168,DOWN,49.404761904761905,38.14475873544093,11.260003169320976,-0.265657738095238,-0.20335,49.404761904761905,11.30952380952381,39.285714285714285
5,2026-04-02,2026-05-04,CHOPPY,change_pct,momentum_score,LOW,LOW,30,DOWN,50.0,48.32535885167464,1.6746411483253565,-0.7249299999999999,-0.63425,50.0,10.0,40.0
5,2026-04-02,2026-05-04,HIGH_VOL,change_pct,momentum_score,LOW,LOW,54,UP,79.62962962962963,33.33333333333333,46.2962962962963,3.1506870370370375,2.8035,14.814814814814813,5.555555555555555,79.62962962962963
5,2026-04-02,2026-05-04,HIGH_VOL,change_pct,momentum_score,LOW,HIGH,30,UP,83.33333333333334,33.33333333333333,50.0,3.923493333333333,3.9269,13.333333333333334,3.3333333333333335,83.33333333333334
5,2026-04-02,2026-05-04,HIGH_VOL,change_pct,momentum_score,HIGH,HIGH,158,UP,63.92405063291139,33.33333333333333,30.590717299578056,1.7053170886075952,1.7188500000000002,24.68354430379747,11.39240506329114,63.92405063291139
5,2026-04-02,2026-05-04,TREND_DOWN,change_pct,momentum_score,LOW,LOW,132,UP,65.15151515151516,37.76978417266187,27.38173097885328,2.234277272727273,1.8885,25.0,9.848484848484848,65.15151515151516
5,2026-04-02,2026-05-04,TREND_DOWN,change_pct,momentum_score,LOW,HIGH,23,UP,52.17391304347826,37.76978417266187,14.40412887081639,1.3929521739130435,0.69,34.78260869565217,13.043478260869565,52.17391304347826
5,2026-04-02,2026-05-04,TREND_DOWN,change_pct,momentum_score,HIGH,LOW,36,UP,61.111111111111114,37.76978417266187,23.341326938449246,1.4958583333333335,1.35515,22.22222222222222,16.666666666666664,61.111111111111114
5,2026-04-02,2026-05-04,TREND_DOWN,change_pct,momentum_score,HIGH,HIGH,152,UP,65.13157894736842,37.76978417266187,27.36179477470655,2.260592105263158,2.0221,26.31578947368421,8.552631578947368,65.13157894736842
5,2026-04-02,2026-05-04,TREND_UP,change_pct,momentum_score,LOW,LOW,85,UP,45.88235294117647,45.84026622296173,0.04208671821473997,0.3897188235294116,0.0326,44.70588235294118,9.411764705882353,45.88235294117647
5,2026-04-02,2026-05-04,TREND_UP,change_pct,momentum_score,LOW,HIGH,44,UP,47.72727272727273,45.84026622296173,1.8870065043110007,-0.28861590909090906,0.1846,45.45454545454545,6.8181818181818175,47.72727272727273
5,2026-04-02,2026-05-04,TREND_UP,change_pct,momentum_score,HIGH,LOW,24,UP,50.0,45.84026622296173,4.159733777038271,2.0007208333333333,0.4038,25.0,25.0,50.0
5,2026-04-02,2026-05-04,TREND_UP,change_pct,momentum_score,HIGH,HIGH,190,UP,48.421052631578945,45.84026622296173,2.5807864086172194,0.49295578947368435,0.42965,42.63157894736842,8.947368421052632,48.421052631578945
5,2026-04-02,2026-05-04,CHOPPY,change_pct,volatility_score,LOW,LOW,34,DOWN,50.0,48.32535885167464,1.6746411483253565,-0.8385352941176472,-0.63425,50.0,11.76470588235294,38.23529411764706
5,2026-04-02,2026-05-04,HIGH_VOL,change_pct,volatility_score,LOW,LOW,81,UP,80.24691358024691,33.33333333333333,46.91358024691358,3.3581975308641976,3.0625,14.814814814814813,4.938271604938271,80.24691358024691
5,2026-04-02,2026-05-04,HIGH_VOL,change_pct,volatility_score,HIGH,LOW,158,UP,63.29113924050633,33.33333333333333,29.957805907173,1.613253164556962,1.5719,25.31645569620253,11.39240506329114,63.29113924050633
5,2026-04-02,2026-05-04,TREND_DOWN,change_pct,volatility_score,LOW,LOW,144,UP,62.5,37.76978417266187,24.73021582733813,2.1564715277777773,1.6803,27.083333333333332,10.416666666666668,62.5
5,2026-04-02,2026-05-04,TREND_DOWN,change_pct,volatility_score,HIGH,LOW,176,UP,65.9090909090909,37.76978417266187,28.139306736429038,2.2328113636363636,2.0449,25.0,9.090909090909092,65.9090909090909
5,2026-04-02,2026-05-04,TREND_UP,change_pct,volatility_score,LOW,LOW,129,UP,46.51162790697674,45.84026622296173,0.671361684015015,0.1583488372093023,0.0642,44.96124031007752,8.527131782945736,46.51162790697674
5,2026-04-02,2026-05-04,TREND_UP,change_pct,volatility_score,HIGH,LOW,204,UP,48.03921568627451,45.84026622296173,2.1989494633127826,0.5652509803921568,0.39980000000000004,41.66666666666667,10.294117647058822,48.03921568627451
5,2026-04-02,2026-05-04,CHOPPY,change_pct,liquidity_score,LOW,HIGH,24,DOWN,58.333333333333336,48.32535885167464,10.007974481658694,-1.1737125,-1.7561,58.333333333333336,8.333333333333332,33.33333333333333
5,2026-04-02,2026-05-04,HIGH_VOL,change_pct,liquidity_score,LOW,LOW,23,UP,78.26086956521739,33.33333333333333,44.92753623188406,3.9792913043478264,3.5285,13.043478260869565,8.695652173913043,78.26086956521739
5,2026-04-02,2026-05-04,HIGH_VOL,change_pct,liquidity_score,LOW,HIGH,61,UP,81.9672131147541,33.33333333333333,48.63387978142077,3.2183311475409835,3.0625,14.754098360655737,3.278688524590164,81.9672131147541
5,2026-04-02,2026-05-04,HIGH_VOL,change_pct,liquidity_score,HIGH,LOW,54,UP,68.51851851851852,33.33333333333333,35.18518518518519,2.000372222222222,1.67645,18.51851851851852,12.962962962962962,68.51851851851852
5,2026-04-02,2026-05-04,HIGH_VOL,change_pct,liquidity_score,HIGH,HIGH,107,UP,61.6822429906542,33.33333333333333,28.34890965732087,1.5309598130841122,1.7249,28.037383177570092,10.2803738317757,61.6822429906542
5,2026-04-02,2026-05-04,TREND_DOWN,change_pct,liquidity_score,LOW,LOW,41,UP,80.48780487804879,37.76978417266187,42.71802070538692,3.4735121951219514,3.0466,14.634146341463413,4.878048780487805,80.48780487804879
5,2026-04-02,2026-05-04,TREND_DOWN,change_pct,liquidity_score,LOW,HIGH,114,UP,57.01754385964912,37.76978417266187,19.247759686987255,1.61884649122807,1.03685,30.701754385964914,12.280701754385964,57.01754385964912
5,2026-04-02,2026-05-04,TREND_DOWN,change_pct,liquidity_score,HIGH,LOW,54,UP,83.33333333333334,37.76978417266187,45.56354916067147,2.8815000000000004,2.5039,7.4074074074074066,9.25925925925926,83.33333333333334
5,2026-04-02,2026-05-04,TREND_DOWN,change_pct,liquidity_score,HIGH,HIGH,134,UP,56.71641791044776,37.76978417266187,18.946633737785888,1.8049246268656718,1.4854,32.83582089552239,10.44776119402985,56.71641791044776
5,2026-04-02,2026-05-04,TREND_UP,change_pct,liquidity_score,LOW,LOW,31,DOWN,51.61290322580645,38.14475873544093,13.46814449036552,-0.1958612903225806,-0.5602,51.61290322580645,6.451612903225806,41.935483870967744
5,2026-04-02,2026-05-04,TREND_UP,change_pct,liquidity_score,LOW,HIGH,98,UP,47.95918367346938,45.84026622296173,2.1189174505076567,0.27039489795918353,0.13295,42.857142857142854,9.183673469387756,47.95918367346938
5,2026-04-02,2026-05-04,TREND_UP,change_pct,liquidity_score,HIGH,LOW,70,UP,57.14285714285714,45.84026622296173,11.302590919895412,1.678632857142857,0.9304,35.714285714285715,7.142857142857142,57.14285714285714
5,2026-04-02,2026-05-04,TREND_UP,change_pct,liquidity_score,HIGH,HIGH,144,UP,44.44444444444444,45.84026622296173,-1.3958217785172866,0.16787916666666675,0.17195,43.05555555555556,12.5,44.44444444444444
5,2026-04-02,2026-05-04,CHOPPY,intelligence_score,relative_strength,HIGH,HIGH,21,DOWN,47.61904761904761,48.32535885167464,-0.7063112326270271,0.07607142857142864,-0.3217,47.61904761904761,14.285714285714285,38.095238095238095
5,2026-04-02,2026-05-04,HIGH_VOL,intelligence_score,relative_strength,LOW,LOW,40,UP,77.5,33.33333333333333,44.16666666666667,2.356595,2.28245,12.5,10.0,77.5
5,2026-04-02,2026-05-04,HIGH_VOL,intelligence_score,relative_strength,LOW,HIGH,28,UP,57.14285714285714,33.33333333333333,23.809523809523807,1.1719678571428571,1.0631,25.0,17.857142857142858,57.14285714285714
5,2026-04-02,2026-05-04,HIGH_VOL,intelligence_score,relative_strength,HIGH,LOW,77,UP,75.32467532467533,33.33333333333333,41.991341991342,2.6104259740259743,2.3848,16.883116883116884,7.792207792207792,75.32467532467533
5,2026-04-02,2026-05-04,HIGH_VOL,intelligence_score,relative_strength,HIGH,HIGH,100,UP,66.0,33.33333333333333,32.66666666666667,2.3159300000000003,2.48545,27.0,7.000000000000001,66.0
5,2026-04-02,2026-05-04,TREND_DOWN,intelligence_score,relative_strength,LOW,LOW,90,UP,81.11111111111111,37.76978417266187,43.34132693844924,3.887191111111111,3.18025,10.0,8.88888888888889,81.11111111111111
5,2026-04-02,2026-05-04,TREND_DOWN,intelligence_score,relative_strength,LOW,HIGH,71,UP,74.64788732394366,37.76978417266187,36.87810315128179,3.3501929577464793,2.9823,14.084507042253522,11.267605633802818,74.64788732394366
5,2026-04-02,2026-05-04,TREND_DOWN,intelligence_score,relative_strength,HIGH,LOW,77,UP,50.649350649350644,37.76978417266187,12.879566476688776,0.6818675324675324,0.5054,36.36363636363637,12.987012987012985,50.649350649350644
5,2026-04-02,2026-05-04,TREND_DOWN,intelligence_score,relative_strength,HIGH,HIGH,105,UP,51.42857142857142,37.76978417266187,13.658787255909555,0.8019876190476192,0.6163,40.0,8.571428571428571,51.42857142857142
5,2026-04-02,2026-05-04,TREND_UP,intelligence_score,relative_strength,LOW,LOW,70,UP,65.71428571428571,45.84026622296173,19.874019491323985,2.516101428571429,3.0298499999999997,28.57142857142857,5.714285714285714,65.71428571428571
5,2026-04-02,2026-05-04,TREND_UP,intelligence_score,relative_strength,LOW,HIGH,44,UP,50.0,45.84026622296173,4.159733777038271,1.7331136363636366,0.60775,36.36363636363637,13.636363636363635,50.0
5,2026-04-02,2026-05-04,TREND_UP,intelligence_score,relative_strength,HIGH,LOW,105,DOWN,48.57142857142857,38.14475873544093,10.42666983598764,-0.6499419047619047,-0.3158,48.57142857142857,11.428571428571429,40.0
5,2026-04-02,2026-05-04,TREND_UP,intelligence_score,relative_strength,HIGH,HIGH,124,DOWN,46.774193548387096,38.14475873544093,8.629434812946164,-0.17769596774193544,0.16349999999999998,46.774193548387096,9.67741935483871,43.54838709677419
5,2026-04-02,2026-05-04,CHOPPY,intelligence_score,trend_score,HIGH,HIGH,31,DOWN,48.38709677419355,48.32535885167464,0.06173792251890631,-0.09490322580645148,-0.3217,48.38709677419355,12.903225806451612,38.70967741935484
5,2026-04-02,2026-05-04,HIGH_VOL,intelligence_score,trend_score,LOW,LOW,33,UP,63.63636363636363,33.33333333333333,30.303030303030305,1.1188,1.3394,21.21212121212121,15.151515151515152,63.63636363636363
5,2026-04-02,2026-05-04,HIGH_VOL,intelligence_score,trend_score,LOW,HIGH,35,UP,74.28571428571429,33.33333333333333,40.952380952380956,2.575957142857143,2.9443,14.285714285714285,11.428571428571429,74.28571428571429
5,2026-04-02,2026-05-04,HIGH_VOL,intelligence_score,trend_score,HIGH,HIGH,165,UP,69.6969696969697,33.33333333333333,36.36363636363637,2.4659345454545454,2.4413,23.03030303030303,7.2727272727272725,69.6969696969697
5,2026-04-02,2026-05-04,TREND_DOWN,intelligence_score,trend_score,LOW,LOW,125,UP,80.80000000000001,37.76978417266187,43.03021582733814,4.1710688,4.0755,11.200000000000001,8.0,80.80000000000001
5,2026-04-02,2026-05-04,TREND_DOWN,intelligence_score,trend_score,LOW,HIGH,36,UP,69.44444444444444,37.76978417266187,31.674660271782574,1.8424249999999998,1.6099,13.88888888888889,16.666666666666664,69.44444444444444
5,2026-04-02,2026-05-04,TREND_DOWN,intelligence_score,trend_score,HIGH,LOW,21,UP,57.14285714285714,37.76978417266187,19.37307297019527,1.2285714285714286,1.7618,23.809523809523807,19.047619047619047,57.14285714285714
5,2026-04-02,2026-05-04,TREND_DOWN,intelligence_score,trend_score,HIGH,HIGH,161,UP,50.31055900621118,37.76978417266187,12.540774833549307,0.6888975155279503,0.5054,40.37267080745342,9.316770186335404,50.31055900621118
5,2026-04-02,2026-05-04,TREND_UP,intelligence_score,trend_score,LOW,LOW,66,UP,80.3030303030303,45.84026622296173,34.46276408006857,4.2116,4.396850000000001,13.636363636363635,6.0606060606060606,80.3030303030303
5,2026-04-02,2026-05-04,TREND_UP,intelligence_score,trend_score,LOW,HIGH,48,DOWN,56.25,38.14475873544093,18.10524126455907,-0.5329479166666667,-0.6045,56.25,12.5,31.25
5,2026-04-02,2026-05-04,TREND_UP,intelligence_score,trend_score,HIGH,HIGH,220,DOWN,48.63636363636364,38.14475873544093,10.491604900922708,-0.4448963636363637,-0.1505,48.63636363636364,10.454545454545453,40.909090909090914
5,2026-04-02,2026-05-04,HIGH_VOL,intelligence_score,momentum_score,LOW,LOW,25,UP,80.0,33.33333333333333,46.66666666666667,2.692796,2.6316,12.0,8.0,80.0
5,2026-04-02,2026-05-04,HIGH_VOL,intelligence_score,momentum_score,LOW,HIGH,43,UP,62.7906976744186,33.33333333333333,29.457364341085274,1.3897441860465114,1.3394,20.930232558139537,16.27906976744186,62.7906976744186
5,2026-04-02,2026-05-04,HIGH_VOL,intelligence_score,momentum_score,HIGH,LOW,32,UP,78.125,33.33333333333333,44.79166666666667,3.287809375,2.8035,18.75,3.125,78.125
5,2026-04-02,2026-05-04,HIGH_VOL,intelligence_score,momentum_score,HIGH,HIGH,145,UP,68.27586206896552,33.33333333333333,34.94252873563219,2.257833793103448,2.3364,23.448275862068964,8.275862068965518,68.27586206896552
5,2026-04-02,2026-05-04,TREND_DOWN,intelligence_score,momentum_score,LOW,LOW,100,UP,75.0,37.76978417266187,37.23021582733813,3.3021859999999994,2.8785,14.000000000000002,11.0,75.0
5,2026-04-02,2026-05-04,TREND_DOWN,intelligence_score,momentum_score,LOW,HIGH,61,UP,83.60655737704919,37.76978417266187,45.83677320438731,4.22118524590164,3.7714,8.19672131147541,8.19672131147541,83.60655737704919
5,2026-04-02,2026-05-04,TREND_DOWN,intelligence_score,momentum_score,HIGH,LOW,68,UP,48.529411764705884,37.76978417266187,10.759627592044014,0.27289558823529403,0.3426,39.705882352941174,11.76470588235294,48.529411764705884
5,2026-04-02,2026-05-04,TREND_DOWN,intelligence_score,momentum_score,HIGH,HIGH,114,UP,52.63157894736842,37.76978417266187,14.86179477470655,1.0364526315789473,0.9837,37.719298245614034,9.649122807017543,52.63157894736842
5,2026-04-02,2026-05-04,TREND_UP,intelligence_score,momentum_score,LOW,LOW,53,UP,60.37735849056604,45.84026622296173,14.537092267604306,2.3115132075471694,2.0459,28.30188679245283,11.320754716981133,60.37735849056604
5,2026-04-02,2026-05-04,TREND_UP,intelligence_score,momentum_score,LOW,HIGH,61,UP,59.01639344262295,45.84026622296173,13.176127219661222,2.1290803278688526,2.03,34.42622950819672,6.557377049180328,59.01639344262295
5,2026-04-02,2026-05-04,TREND_UP,intelligence_score,momentum_score,HIGH,LOW,56,DOWN,51.78571428571429,38.14475873544093,13.64095555027336,-0.7386928571428572,-0.6000000000000001,51.78571428571429,14.285714285714285,33.92857142857143
5,2026-04-02,2026-05-04,TREND_UP,intelligence_score,momentum_score,HIGH,HIGH,173,DOWN,46.24277456647399,38.14475873544093,8.098015831033056,-0.2827248554913296,0.1858,46.24277456647399,9.248554913294797,44.50867052023121
5,2026-04-02,2026-05-04,CHOPPY,intelligence_score,volatility_score,HIGH,LOW,32,DOWN,46.875,48.32535885167464,-1.4503588516746435,0.11137187500000012,-0.2862,46.875,12.5,40.625
5,2026-04-02,2026-05-04,HIGH_VOL,intelligence_score,volatility_score,LOW,LOW,67,UP,68.65671641791045,33.33333333333333,35.32338308457712,1.8429597014925374,1.916,17.91044776119403,13.432835820895523,68.65671641791045
5,2026-04-02,2026-05-04,HIGH_VOL,intelligence_score,volatility_score,HIGH,LOW,172,UP,69.18604651162791,33.33333333333333,35.85271317829458,2.3455215116279073,2.3509,23.25581395348837,7.55813953488372,69.18604651162791
5,2026-04-02,2026-05-04,TREND_DOWN,intelligence_score,volatility_score,LOW,LOW,155,UP,78.70967741935485,37.76978417266187,40.93989324669297,3.716175483870968,3.148,11.612903225806452,9.67741935483871,78.70967741935485
5,2026-04-02,2026-05-04,TREND_DOWN,intelligence_score,volatility_score,HIGH,LOW,165,UP,50.90909090909091,37.76978417266187,13.139306736429035,0.7727242424242424,0.6163,39.39393939393939,9.696969696969697,50.90909090909091
5,2026-04-02,2026-05-04,TREND_UP,intelligence_score,volatility_score,LOW,LOW,111,UP,59.45945945945946,45.84026622296173,13.619193236497734,2.2185126126126127,2.03,32.432432432432435,8.108108108108109,59.45945945945946
5,2026-04-02,2026-05-04,TREND_UP,intelligence_score,volatility_score,HIGH,LOW,222,DOWN,48.1981981981982,38.14475873544093,10.053439462757268,-0.49782297297297295,-0.10025,48.1981981981982,10.36036036036036,41.44144144144144
5,2026-04-02,2026-05-04,CHOPPY,intelligence_score,liquidity_score,HIGH,HIGH,29,DOWN,44.827586206896555,48.32535885167464,-3.497772644778091,0.2689206896551724,-0.2507,44.827586206896555,13.793103448275861,41.37931034482759
5,2026-04-02,2026-05-04,HIGH_VOL,intelligence_score,liquidity_score,LOW,LOW,46,UP,69.56521739130434,33.33333333333333,36.231884057971016,2.0470065217391307,1.99195,15.217391304347828,15.217391304347828,69.56521739130434
5,2026-04-02,2026-05-04,HIGH_VOL,intelligence_score,liquidity_score,LOW,HIGH,22,UP,68.18181818181817,33.33333333333333,34.848484848484844,1.4962090909090906,1.8062,22.727272727272727,9.090909090909092,68.18181818181817
5,2026-04-02,2026-05-04,HIGH_VOL,intelligence_score,liquidity_score,HIGH,LOW,31,UP,74.19354838709677,33.33333333333333,40.86021505376344,3.3994032258064513,2.9697,19.35483870967742,6.451612903225806,74.19354838709677
5,2026-04-02,2026-05-04,HIGH_VOL,intelligence_score,liquidity_score,HIGH,HIGH,146,UP,69.17808219178082,33.33333333333333,35.84474885844749,2.2411938356164387,2.3349,23.28767123287671,7.534246575342466,69.17808219178082
5,2026-04-02,2026-05-04,TREND_DOWN,intelligence_score,liquidity_score,LOW,LOW,80,UP,86.25,37.76978417266187,48.480215827338135,3.5670450000000002,2.9882,6.25,7.5,86.25
5,2026-04-02,2026-05-04,TREND_DOWN,intelligence_score,liquidity_score,LOW,HIGH,81,UP,70.37037037037037,37.76978417266187,32.6005861977085,3.732682716049383,3.6069,17.28395061728395,12.345679012345679,70.37037037037037
5,2026-04-02,2026-05-04,TREND_DOWN,intelligence_score,liquidity_score,HIGH,HIGH,167,UP,50.29940119760479,37.76978417266187,12.529617024942919,0.7428808383233534,0.6141,38.92215568862276,10.778443113772456,50.29940119760479
5,2026-04-02,2026-05-04,TREND_UP,intelligence_score,liquidity_score,LOW,LOW,63,UP,50.79365079365079,45.84026622296173,4.953384570689062,1.1108269841269844,0.6134,41.269841269841265,7.936507936507936,50.79365079365079
5,2026-04-02,2026-05-04,TREND_UP,intelligence_score,liquidity_score,LOW,HIGH,51,UP,70.58823529411765,45.84026622296173,24.74796907115592,3.576509803921569,4.4874,19.607843137254903,9.803921568627452,70.58823529411765
5,2026-04-02,2026-05-04,TREND_UP,intelligence_score,liquidity_score,HIGH,LOW,38,UP,55.26315789473685,45.84026622296173,9.422891671775119,1.0908026315789474,0.6734,39.473684210526315,5.263157894736842,55.26315789473685
5,2026-04-02,2026-05-04,TREND_UP,intelligence_score,liquidity_score,HIGH,HIGH,191,DOWN,49.21465968586388,38.14475873544093,11.069900950422944,-0.6896790575916231,-0.3158,49.21465968586388,11.518324607329843,39.26701570680628
5,2026-04-02,2026-05-04,CHOPPY,relative_strength,trend_score,HIGH,HIGH,24,DOWN,50.0,48.32535885167464,1.6746411483253565,-0.01629583333333336,-0.46515,50.0,12.5,37.5
5,2026-04-02,2026-05-04,HIGH_VOL,relative_strength,trend_score,LOW,LOW,24,UP,70.83333333333334,33.33333333333333,37.50000000000001,1.7653583333333334,1.8415,12.5,16.666666666666664,70.83333333333334
5,2026-04-02,2026-05-04,HIGH_VOL,relative_strength,trend_score,LOW,HIGH,93,UP,77.41935483870968,33.33333333333333,44.086021505376344,2.719333333333333,2.7284,16.129032258064516,6.451612903225806,77.41935483870968
5,2026-04-02,2026-05-04,HIGH_VOL,relative_strength,trend_score,HIGH,LOW,21,UP,61.904761904761905,33.33333333333333,28.571428571428577,0.9651619047619048,0.9702,28.57142857142857,9.523809523809524,61.904761904761905
5,2026-04-02,2026-05-04,HIGH_VOL,relative_strength,trend_score,HIGH,HIGH,107,UP,64.48598130841121,33.33333333333333,31.15264797507788,2.2816794392523363,2.5296,26.168224299065418,9.345794392523365,64.48598130841121
5,2026-04-02,2026-05-04,TREND_DOWN,relative_strength,trend_score,LOW,LOW,85,UP,80.0,37.76978417266187,42.230215827338135,3.96831294117647,3.2125,9.411764705882353,10.588235294117647,80.0
5,2026-04-02,2026-05-04,TREND_DOWN,relative_strength,trend_score,LOW,HIGH,82,UP,53.65853658536586,37.76978417266187,15.888752412703989,0.7932243902439023,0.6790499999999999,35.36585365853659,10.975609756097562,53.65853658536586
5,2026-04-02,2026-05-04,TREND_DOWN,relative_strength,trend_score,HIGH,LOW,61,UP,73.77049180327869,37.76978417266187,36.00070763061682,3.440606557377049,3.1319,18.0327868852459,8.19672131147541,73.77049180327869
5,2026-04-02,2026-05-04,TREND_DOWN,relative_strength,trend_score,HIGH,HIGH,115,UP,53.91304347826087,37.76978417266187,16.143259305599,0.9756121739130434,0.8769,35.65217391304348,10.434782608695652,53.91304347826087
5,2026-04-02,2026-05-04,TREND_UP,relative_strength,trend_score,LOW,LOW,50,UP,80.0,45.84026622296173,34.15973377703828,3.7675360000000007,4.2213,18.0,2.0,80.0
5,2026-04-02,2026-05-04,TREND_UP,relative_strength,trend_score,LOW,HIGH,125,DOWN,49.6,38.14475873544093,11.455241264559069,-0.6439488000000001,-0.377,49.6,12.0,38.4
5,2026-04-02,2026-05-04,TREND_UP,relative_strength,trend_score,HIGH,LOW,25,UP,76.0,45.84026622296173,30.159733777038273,3.8875120000000005,3.8365,8.0,16.0,76.0
5,2026-04-02,2026-05-04,TREND_UP,relative_strength,trend_score,HIGH,HIGH,143,DOWN,50.349650349650354,38.14475873544093,12.204891614209423,-0.3004552447552447,-0.5082,50.349650349650354,9.79020979020979,39.86013986013986
5,2026-04-02,2026-05-04,CHOPPY,relative_strength,momentum_score,LOW,LOW,23,DOWN,43.47826086956522,48.32535885167464,-4.847097982109427,-0.3660782608695653,0.2134,43.47826086956522,13.043478260869565,43.47826086956522
5,2026-04-02,2026-05-04,HIGH_VOL,relative_strength,momentum_score,LOW,LOW,51,UP,76.47058823529412,33.33333333333333,43.13725490196078,2.972270588235294,2.7021,17.647058823529413,5.88235294117647,76.47058823529412
5,2026-04-02,2026-05-04,HIGH_VOL,relative_strength,momentum_score,LOW,HIGH,66,UP,75.75757575757575,33.33333333333333,42.42424242424242,2.1769818181818184,2.05595,13.636363636363635,10.606060606060606,75.75757575757575
5,2026-04-02,2026-05-04,HIGH_VOL,relative_strength,momentum_score,HIGH,HIGH,122,UP,62.295081967213115,33.33333333333333,28.961748633879786,1.9956073770491805,2.10865,27.86885245901639,9.836065573770492,62.295081967213115
5,2026-04-02,2026-05-04,TREND_DOWN,relative_strength,momentum_score,LOW,LOW,128,UP,67.1875,37.76978417266187,29.41771582733813,2.4739109375,2.05215,21.875,10.9375,67.1875
5,2026-04-02,2026-05-04,TREND_DOWN,relative_strength,momentum_score,LOW,HIGH,39,UP,66.66666666666666,37.76978417266187,28.896882494004792,2.1971897435897434,2.0338,23.076923076923077,10.256410256410255,66.66666666666666
5,2026-04-02,2026-05-04,TREND_DOWN,relative_strength,momentum_score,HIGH,LOW,40,UP,55.00000000000001,37.76978417266187,17.230215827338135,0.8028725000000001,0.65855,32.5,12.5,55.00000000000001
5,2026-04-02,2026-05-04,TREND_DOWN,relative_strength,momentum_score,HIGH,HIGH,136,UP,62.5,37.76978417266187,24.73021582733813,2.1320404411764704,1.6066500000000001,28.676470588235293,8.823529411764707,62.5
5,2026-04-02,2026-05-04,TREND_UP,relative_strength,momentum_score,LOW,LOW,99,UP,48.484848484848484,45.84026622296173,2.6445822618867574,0.6895080808080806,0.264,40.4040404040404,11.11111111111111,48.484848484848484
5,2026-04-02,2026-05-04,TREND_UP,relative_strength,momentum_score,LOW,HIGH,76,UP,52.63157894736842,45.84026622296173,6.79131272440669,0.5213407894736842,0.7115499999999999,40.78947368421053,6.578947368421052,52.63157894736842
5,2026-04-02,2026-05-04,TREND_UP,relative_strength,momentum_score,HIGH,HIGH,158,UP,46.20253164556962,45.84026622296173,0.36226542260789363,0.26164936708860753,0.34624999999999995,44.303797468354425,9.49367088607595,46.20253164556962
5,2026-04-02,2026-05-04,CHOPPY,relative_strength,volatility_score,LOW,LOW,23,DOWN,43.47826086956522,48.32535885167464,-4.847097982109427,-0.3660782608695653,0.2134,43.47826086956522,13.043478260869565,43.47826086956522
5,2026-04-02,2026-05-04,CHOPPY,relative_strength,volatility_score,HIGH,LOW,26,DOWN,50.0,48.32535885167464,1.6746411483253565,0.042119230769230714,-0.46515,50.0,11.538461538461538,38.46153846153847
5,2026-04-02,2026-05-04,HIGH_VOL,relative_strength,volatility_score,LOW,LOW,115,UP,75.65217391304347,33.33333333333333,42.31884057971014,2.4849104347826088,2.3654,15.65217391304348,8.695652173913043,75.65217391304347
5,2026-04-02,2026-05-04,HIGH_VOL,relative_strength,volatility_score,HIGH,LOW,124,UP,62.903225806451616,33.33333333333333,29.56989247311828,1.9447040322580644,1.9428999999999998,27.419354838709676,9.67741935483871,62.903225806451616
5,2026-04-02,2026-05-04,TREND_DOWN,relative_strength,volatility_score,LOW,LOW,156,UP,66.66666666666666,37.76978417266187,28.896882494004792,2.4364826923076923,2.0281000000000002,23.717948717948715,9.615384615384617,66.66666666666666
5,2026-04-02,2026-05-04,TREND_DOWN,relative_strength,volatility_score,HIGH,LOW,164,UP,62.19512195121951,37.76978417266187,24.425337778557644,1.9720451219512194,1.5321500000000001,28.04878048780488,9.75609756097561,62.19512195121951
5,2026-04-02,2026-05-04,TREND_UP,relative_strength,volatility_score,LOW,LOW,169,UP,50.29585798816568,45.84026622296173,4.455591765203954,0.6018112426035501,0.5436,40.828402366863905,8.875739644970414,50.29585798816568
5,2026-04-02,2026-05-04,TREND_UP,relative_strength,volatility_score,HIGH,LOW,164,DOWN,45.1219512195122,38.14475873544093,6.977192484071265,0.20751280487804874,0.16349999999999998,45.1219512195122,10.365853658536585,44.51219512195122
5,2026-04-02,2026-05-04,CHOPPY,relative_strength,liquidity_score,HIGH,HIGH,22,DOWN,45.45454545454545,48.32535885167464,-2.8708133971291905,0.2929136363636363,-0.2862,45.45454545454545,13.636363636363635,40.909090909090914
5,2026-04-02,2026-05-04,HIGH_VOL,relative_strength,liquidity_score,LOW,LOW,33,UP,81.81818181818183,33.33333333333333,48.48484848484849,2.9036363636363633,2.518,9.090909090909092,9.090909090909092,81.81818181818183
5,2026-04-02,2026-05-04,HIGH_VOL,relative_strength,liquidity_score,LOW,HIGH,84,UP,73.80952380952381,33.33333333333333,40.47619047619048,2.374364285714286,2.3494,17.857142857142858,8.333333333333332,73.80952380952381
5,2026-04-02,2026-05-04,HIGH_VOL,relative_strength,liquidity_score,HIGH,LOW,44,UP,63.63636363636363,33.33333333333333,30.303030303030305,2.357359090909091,2.48985,22.727272727272727,13.636363636363635,63.63636363636363
5,2026-04-02,2026-05-04,HIGH_VOL,relative_strength,liquidity_score,HIGH,HIGH,84,UP,64.28571428571429,33.33333333333333,30.95238095238096,1.9129083333333337,2.10865,28.57142857142857,7.142857142857142,64.28571428571429
5,2026-04-02,2026-05-04,TREND_DOWN,relative_strength,liquidity_score,LOW,LOW,49,UP,81.63265306122449,37.76978417266187,43.86286888856262,3.4692244897959195,2.9298,12.244897959183673,6.122448979591836,81.63265306122449
5,2026-04-02,2026-05-04,TREND_DOWN,relative_strength,liquidity_score,LOW,HIGH,118,UP,61.016949152542374,37.76978417266187,23.24716497988051,1.9691440677966103,1.71825,26.27118644067797,12.711864406779661,61.016949152542374
5,2026-04-02,2026-05-04,TREND_DOWN,relative_strength,liquidity_score,HIGH,LOW,46,UP,82.6086956521739,37.76978417266187,44.83891147951204,2.783108695652174,2.6794,8.695652173913043,8.695652173913043,82.6086956521739
5,2026-04-02,2026-05-04,TREND_DOWN,relative_strength,liquidity_score,HIGH,HIGH,130,UP,53.07692307692308,37.76978417266187,15.307138904261208,1.4926876923076922,0.94205,36.92307692307693,10.0,53.07692307692308
5,2026-04-02,2026-05-04,TREND_UP,relative_strength,liquidity_score,LOW,LOW,45,UP,57.77777777777777,45.84026622296173,11.937511554816044,1.1313799999999998,0.9423,35.55555555555556,6.666666666666667,57.77777777777777
5,2026-04-02,2026-05-04,TREND_UP,relative_strength,liquidity_score,LOW,HIGH,130,UP,47.69230769230769,45.84026622296173,1.8520414693459664,0.43823923076923077,0.16985,42.30769230769231,10.0,47.69230769230769
5,2026-04-02,2026-05-04,TREND_UP,relative_strength,liquidity_score,HIGH,LOW,56,UP,48.214285714285715,45.84026622296173,2.3740194913239865,1.0807232142857142,0.46709999999999996,44.642857142857146,7.142857142857142,48.214285714285715
5,2026-04-02,2026-05-04,TREND_UP,relative_strength,liquidity_score,HIGH,HIGH,112,DOWN,43.75,38.14475873544093,5.605241264559069,-0.05623035714285707,0.16349999999999998,43.75,12.5,43.75
5,2026-04-02,2026-05-04,CHOPPY,trend_score,momentum_score,HIGH,LOW,24,DOWN,54.166666666666664,48.32535885167464,5.841307814992019,-0.9174916666666665,-1.19175,54.166666666666664,8.333333333333332,37.5
5,2026-04-02,2026-05-04,HIGH_VOL,trend_score,momentum_score,LOW,HIGH,30,UP,60.0,33.33333333333333,26.666666666666668,1.262023333333333,1.0855000000000001,23.333333333333332,16.666666666666664,60.0
5,2026-04-02,2026-05-04,HIGH_VOL,trend_score,momentum_score,HIGH,LOW,42,UP,78.57142857142857,33.33333333333333,45.23809523809524,3.5179404761904762,3.04515,16.666666666666664,4.761904761904762,78.57142857142857
5,2026-04-02,2026-05-04,HIGH_VOL,trend_score,momentum_score,HIGH,HIGH,158,UP,68.35443037974683,33.33333333333333,35.0210970464135,2.210659493670886,2.3509,22.78481012658228,8.860759493670885,68.35443037974683
5,2026-04-02,2026-05-04,TREND_DOWN,trend_score,momentum_score,LOW,LOW,89,UP,75.28089887640449,37.76978417266187,37.51111470374262,3.6045089887640445,3.1114,13.48314606741573,11.235955056179774,75.28089887640449
5,2026-04-02,2026-05-04,TREND_DOWN,trend_score,momentum_score,LOW,HIGH,57,UP,80.7017543859649,37.76978417266187,42.93197021330304,3.9716192982456144,3.7714,12.280701754385964,7.017543859649122,80.7017543859649
5,2026-04-02,2026-05-04,TREND_DOWN,trend_score,momentum_score,HIGH,LOW,79,UP,51.89873417721519,37.76978417266187,14.128950004553321,0.3541037974683544,0.6141,36.708860759493675,11.39240506329114,51.89873417721519
5,2026-04-02,2026-05-04,TREND_DOWN,trend_score,momentum_score,HIGH,HIGH,118,UP,55.08474576271186,37.76978417266187,17.314961590049993,1.264962711864407,1.1786500000000002,34.74576271186441,10.16949152542373,55.08474576271186
5,2026-04-02,2026-05-04,TREND_UP,trend_score,momentum_score,LOW,LOW,39,UP,69.23076923076923,45.84026622296173,23.3905030078075,3.128084615384616,3.2313,20.51282051282051,10.256410256410255,69.23076923076923
5,2026-04-02,2026-05-04,TREND_UP,trend_score,momentum_score,LOW,HIGH,36,UP,88.88888888888889,45.84026622296173,43.048622665927155,4.543591666666666,4.774649999999999,8.333333333333332,2.7777777777777777,88.88888888888889
5,2026-04-02,2026-05-04,TREND_UP,trend_score,momentum_score,HIGH,LOW,70,DOWN,51.42857142857142,38.14475873544093,13.283812693130493,-0.5835985714285715,-0.5535000000000001,51.42857142857142,14.285714285714285,34.285714285714285
5,2026-04-02,2026-05-04,TREND_UP,trend_score,momentum_score,HIGH,HIGH,198,DOWN,49.494949494949495,38.14475873544093,11.350190759508566,-0.41720606060606064,-0.10025,49.494949494949495,9.595959595959595,40.909090909090914
5,2026-04-02,2026-05-04,CHOPPY,trend_score,volatility_score,HIGH,LOW,41,DOWN,48.78048780487805,48.32535885167464,0.4551289532034042,-0.2702975609756097,-0.3217,48.78048780487805,12.195121951219512,39.02439024390244
5,2026-04-02,2026-05-04,HIGH_VOL,trend_score,volatility_score,LOW,LOW,43,UP,65.11627906976744,33.33333333333333,31.782945736434115,1.163406976744186,1.3392,20.930232558139537,13.953488372093023,65.11627906976744
5,2026-04-02,2026-05-04,HIGH_VOL,trend_score,volatility_score,HIGH,LOW,196,UP,69.89795918367348,33.33333333333333,36.56462585034014,2.4330688775510203,2.50145,21.93877551020408,8.16326530612245,69.89795918367348
5,2026-04-02,2026-05-04,TREND_DOWN,trend_score,volatility_score,LOW,LOW,141,UP,77.30496453900709,37.76978417266187,39.53518036634522,3.7714141843971634,3.1554,13.47517730496454,9.219858156028367,77.30496453900709
5,2026-04-02,2026-05-04,TREND_DOWN,trend_score,volatility_score,HIGH,LOW,179,UP,54.18994413407822,37.76978417266187,16.420159961416346,0.9594262569832402,0.8769,35.754189944134076,10.05586592178771,54.18994413407822
5,2026-04-02,2026-05-04,TREND_UP,trend_score,volatility_score,LOW,LOW,72,UP,79.16666666666666,45.84026622296173,33.326400443704934,3.8627208333333334,4.0625,15.277777777777779,5.555555555555555,79.16666666666666
5,2026-04-02,2026-05-04,TREND_UP,trend_score,volatility_score,HIGH,LOW,261,DOWN,50.57471264367817,38.14475873544093,12.429953908237234,-0.5455084291187741,-0.5344,50.57471264367817,10.727969348659004,38.69731800766284
5,2026-04-02,2026-05-04,CHOPPY,trend_score,liquidity_score,HIGH,HIGH,31,DOWN,48.38709677419355,48.32535885167464,0.06173792251890631,-0.15128709677419347,-0.3217,48.38709677419355,12.903225806451612,38.70967741935484
5,2026-04-02,2026-05-04,HIGH_VOL,trend_score,liquidity_score,LOW,HIGH,27,UP,66.66666666666666,33.33333333333333,33.33333333333333,1.4325666666666665,1.3392,22.22222222222222,11.11111111111111,66.66666666666666
5,2026-04-02,2026-05-04,HIGH_VOL,trend_score,liquidity_score,HIGH,LOW,59,UP,72.88135593220339,33.33333333333333,39.548022598870055,2.9760355932203386,2.9443,16.94915254237288,10.16949152542373,72.88135593220339
5,2026-04-02,2026-05-04,HIGH_VOL,trend_score,liquidity_score,HIGH,HIGH,141,UP,69.50354609929079,33.33333333333333,36.17021276595745,2.279798581560284,2.3654,23.404255319148938,7.092198581560284,69.50354609929079
5,2026-04-02,2026-05-04,TREND_DOWN,trend_score,liquidity_score,LOW,LOW,48,UP,95.83333333333334,37.76978417266187,58.06354916067147,4.671454166666667,4.1088000000000005,0.0,4.166666666666666,95.83333333333334
5,2026-04-02,2026-05-04,TREND_DOWN,trend_score,liquidity_score,LOW,HIGH,98,UP,68.36734693877551,37.76978417266187,30.59756276611364,3.2954469387755103,3.1029,19.387755102040817,12.244897959183673,68.36734693877551
5,2026-04-02,2026-05-04,TREND_DOWN,trend_score,liquidity_score,HIGH,LOW,47,UP,68.08510638297872,37.76978417266187,30.315322210316854,1.5698978723404255,1.3118,21.27659574468085,10.638297872340425,68.08510638297872
5,2026-04-02,2026-05-04,TREND_DOWN,trend_score,liquidity_score,HIGH,HIGH,150,UP,49.333333333333336,37.76978417266187,11.563549160671466,0.6896973333333333,0.45655,40.0,10.666666666666668,49.333333333333336
5,2026-04-02,2026-05-04,TREND_UP,trend_score,liquidity_score,LOW,LOW,22,UP,90.9090909090909,45.84026622296173,45.068824686129176,4.152163636363637,3.68465,9.090909090909092,0.0,90.9090909090909
5,2026-04-02,2026-05-04,TREND_UP,trend_score,liquidity_score,LOW,HIGH,53,UP,73.58490566037736,45.84026622296173,27.744639437415625,3.664471698113207,4.1363,16.9811320754717,9.433962264150944,73.58490566037736
5,2026-04-02,2026-05-04,TREND_UP,trend_score,liquidity_score,HIGH,LOW,79,DOWN,49.36708860759494,38.14475873544093,11.222329872154008,0.25424050632911394,-0.3578,49.36708860759494,8.860759493670885,41.77215189873418
5,2026-04-02,2026-05-04,TREND_UP,trend_score,liquidity_score,HIGH,HIGH,189,DOWN,50.264550264550266,38.14475873544093,12.119791529109335,-0.7594904761904762,-0.5082,50.264550264550266,11.64021164021164,38.095238095238095
5,2026-04-02,2026-05-04,CHOPPY,momentum_score,volatility_score,LOW,LOW,31,DOWN,51.61290322580645,48.32535885167464,3.287544374131807,-0.8352516129032258,-0.7707,51.61290322580645,9.67741935483871,38.70967741935484
5,2026-04-02,2026-05-04,HIGH_VOL,momentum_score,volatility_score,LOW,LOW,56,UP,78.57142857142857,33.33333333333333,45.23809523809524,2.967925,2.71525,16.071428571428573,5.357142857142857,78.57142857142857
5,2026-04-02,2026-05-04,HIGH_VOL,momentum_score,volatility_score,HIGH,LOW,183,UP,66.12021857923497,33.33333333333333,32.78688524590164,1.9710612021857925,1.937,23.497267759562842,10.382513661202186,66.12021857923497
5,2026-04-02,2026-05-04,TREND_DOWN,momentum_score,volatility_score,LOW,LOW,157,UP,63.05732484076433,37.76978417266187,25.28754066810246,2.0751503184713376,1.7052,26.11464968152866,10.828025477707007,63.05732484076433
5,2026-04-02,2026-05-04,TREND_DOWN,momentum_score,volatility_score,HIGH,LOW,163,UP,65.6441717791411,37.76978417266187,27.874387606479235,2.317227607361963,2.056,25.766871165644172,8.588957055214724,65.6441717791411
5,2026-04-02,2026-05-04,TREND_UP,momentum_score,volatility_score,LOW,LOW,106,UP,47.16981132075472,45.84026622296173,1.329545097792989,0.7636575471698112,0.07335,40.56603773584906,12.264150943396226,47.16981132075472
5,2026-04-02,2026-05-04,TREND_UP,momentum_score,volatility_score,HIGH,LOW,227,UP,47.57709251101321,45.84026622296173,1.736826288051485,0.24136784140969167,0.3611,44.052863436123346,8.370044052863436,47.57709251101321
5,2026-04-02,2026-05-04,CHOPPY,momentum_score,liquidity_score,LOW,HIGH,22,DOWN,63.63636363636363,48.32535885167464,15.311004784688992,-1.3784954545454546,-1.93105,63.63636363636363,4.545454545454546,31.818181818181817
5,2026-04-02,2026-05-04,HIGH_VOL,momentum_score,liquidity_score,LOW,HIGH,45,UP,75.55555555555556,33.33333333333333,42.22222222222222,2.5448866666666663,2.6316,20.0,4.444444444444445,75.55555555555556
5,2026-04-02,2026-05-04,HIGH_VOL,momentum_score,liquidity_score,HIGH,LOW,65,UP,67.6923076923077,33.33333333333333,34.358974358974365,2.177444615384615,1.937,20.0,12.307692307692308,67.6923076923077
5,2026-04-02,2026-05-04,HIGH_VOL,momentum_score,liquidity_score,HIGH,HIGH,123,UP,66.66666666666666,33.33333333333333,33.33333333333333,1.9968373983739836,2.2534,24.390243902439025,8.94308943089431,66.66666666666666
5,2026-04-02,2026-05-04,TREND_DOWN,momentum_score,liquidity_score,LOW,LOW,52,UP,78.84615384615384,37.76978417266187,41.076369673491975,2.950171153846154,2.63835,13.461538461538462,7.6923076923076925,78.84615384615384
5,2026-04-02,2026-05-04,TREND_DOWN,momentum_score,liquidity_score,LOW,HIGH,116,UP,57.758620689655174,37.76978417266187,19.988836516993302,1.6841948275862066,1.2022499999999998,29.310344827586203,12.931034482758621,57.758620689655174
5,2026-04-02,2026-05-04,TREND_DOWN,momentum_score,liquidity_score,HIGH,LOW,43,UP,86.04651162790698,37.76978417266187,48.27672745524511,3.3629325581395353,3.058,6.976744186046512,6.976744186046512,86.04651162790698
5,2026-04-02,2026-05-04,TREND_DOWN,momentum_score,liquidity_score,HIGH,HIGH,132,UP,56.060606060606055,37.76978417266187,18.290821887944187,1.7503166666666665,1.3201,34.090909090909086,9.848484848484848,56.060606060606055
5,2026-04-02,2026-05-04,TREND_UP,momentum_score,liquidity_score,LOW,LOW,28,UP,53.57142857142857,45.84026622296173,7.7311623484668415,1.169382142857143,0.6324,39.285714285714285,7.142857142857142,53.57142857142857
5,2026-04-02,2026-05-04,TREND_UP,momentum_score,liquidity_score,LOW,HIGH,81,UP,44.44444444444444,45.84026622296173,-1.3958217785172866,0.5975395061728394,0.0074,40.74074074074074,14.814814814814813,44.44444444444444
5,2026-04-02,2026-05-04,TREND_UP,momentum_score,liquidity_score,HIGH,LOW,73,UP,52.054794520547944,45.84026622296173,6.214528297586214,1.0779438356164384,0.691,41.0958904109589,6.8493150684931505,52.054794520547944
5,2026-04-02,2026-05-04,TREND_UP,momentum_score,liquidity_score,HIGH,HIGH,161,UP,46.58385093167702,45.84026622296173,0.7435847087152891,0.014115527950310541,0.2393,44.099378881987576,9.316770186335404,46.58385093167702
5,2026-04-02,2026-05-04,CHOPPY,volatility_score,liquidity_score,LOW,HIGH,37,DOWN,48.64864864864865,48.32535885167464,0.32328979697400784,-0.04773243243243245,-0.3217,48.64864864864865,10.81081081081081,40.54054054054054
5,2026-04-02,2026-05-04,HIGH_VOL,volatility_score,liquidity_score,LOW,LOW,75,UP,70.66666666666667,33.33333333333333,37.333333333333336,2.5508306666666667,2.4413,17.333333333333336,12.0,70.66666666666667
5,2026-04-02,2026-05-04,HIGH_VOL,volatility_score,liquidity_score,LOW,HIGH,164,UP,68.29268292682927,33.33333333333333,34.95934959349594,2.046315243902439,2.1681,23.78048780487805,7.926829268292683,68.29268292682927
5,2026-04-02,2026-05-04,TREND_DOWN,volatility_score,liquidity_score,LOW,LOW,88,UP,82.95454545454545,37.76978417266187,45.18476128188359,3.287215909090909,2.8785,10.227272727272728,6.8181818181818175,82.95454545454545
5,2026-04-02,2026-05-04,TREND_DOWN,volatility_score,liquidity_score,LOW,HIGH,232,UP,57.327586206896555,37.76978417266187,19.557802034234683,1.7854814655172413,1.3201,31.896551724137932,10.775862068965516,57.327586206896555
5,2026-04-02,2026-05-04,TREND_UP,volatility_score,liquidity_score,LOW,LOW,96,UP,50.0,45.84026622296173,4.159733777038271,0.8964895833333334,0.5562499999999999,42.70833333333333,7.291666666666667,50.0
5,2026-04-02,2026-05-04,TREND_UP,volatility_score,liquidity_score,LOW,HIGH,237,UP,46.41350210970464,45.84026622296173,0.5732358867429121,0.20959999999999993,0.1858,43.037974683544306,10.548523206751055,46.41350210970464
6,2026-05-05,2026-06-02,CHOPPY,change_pct,intelligence_score,LOW,LOW,76,DOWN,55.26315789473685,48.24858757062147,7.014570324115377,-0.5716486842105264,-0.86375,55.26315789473685,18.421052631578945,26.31578947368421
6,2026-05-05,2026-06-02,CHOPPY,change_pct,intelligence_score,LOW,HIGH,49,DOWN,57.14285714285714,48.24858757062147,8.894269572235668,-0.9751897959183674,-1.1115,57.14285714285714,14.285714285714285,28.57142857142857
6,2026-05-05,2026-06-02,CHOPPY,change_pct,intelligence_score,HIGH,LOW,35,UP,60.0,39.2090395480226,20.790960451977398,0.6938457142857142,0.9966,31.428571428571427,8.571428571428571,60.0
6,2026-05-05,2026-06-02,CHOPPY,change_pct,intelligence_score,HIGH,HIGH,36,DOWN,58.333333333333336,48.24858757062147,10.084745762711867,-0.7598833333333335,-0.69905,58.333333333333336,16.666666666666664,25.0
6,2026-05-05,2026-06-02,TREND_DOWN,change_pct,intelligence_score,LOW,LOW,173,UP,42.19653179190752,40.91388400702988,1.2826477848776385,0.5632398843930637,0.015,39.884393063583815,17.91907514450867,42.19653179190752
6,2026-05-05,2026-06-02,TREND_DOWN,change_pct,intelligence_score,LOW,HIGH,69,DOWN,46.3768115942029,46.291739894551846,0.08507169965105144,-0.00403333333333333,0.0403,46.3768115942029,11.594202898550725,42.028985507246375
6,2026-05-05,2026-06-02,TREND_DOWN,change_pct,intelligence_score,HIGH,LOW,66,DOWN,42.42424242424242,46.291739894551846,-3.8674974703094223,0.11631969696969698,-0.1935,42.42424242424242,15.151515151515152,42.42424242424242
6,2026-05-05,2026-06-02,TREND_DOWN,change_pct,intelligence_score,HIGH,HIGH,84,DOWN,57.14285714285714,46.291739894551846,10.851117248305291,-1.0322785714285716,-0.8567,57.14285714285714,14.285714285714285,28.57142857142857
6,2026-05-05,2026-06-02,TREND_UP,change_pct,intelligence_score,LOW,LOW,88,DOWN,55.68181818181818,38.660356752821265,17.021461428996915,-0.7894272727272728,-1.15985,55.68181818181818,12.5,31.818181818181817
6,2026-05-05,2026-06-02,TREND_UP,change_pct,intelligence_score,LOW,HIGH,87,DOWN,62.06896551724138,38.660356752821265,23.40860876442012,-1.251794252873563,-2.1295,62.06896551724138,4.597701149425287,33.33333333333333
6,2026-05-05,2026-06-02,TREND_UP,change_pct,intelligence_score,HIGH,LOW,92,DOWN,57.608695652173914,38.660356752821265,18.948338899352652,-0.917266304347826,-1.55785,57.608695652173914,10.869565217391305,31.521739130434785
6,2026-05-05,2026-06-02,TREND_UP,change_pct,intelligence_score,HIGH,HIGH,125,DOWN,68.8,38.660356752821265,30.139643247178732,-1.857704,-2.0547,68.8,8.799999999999999,22.400000000000002
6,2026-05-05,2026-06-02,CHOPPY,change_pct,relative_strength,LOW,LOW,98,DOWN,55.10204081632652,48.24858757062147,6.8534532457050545,-0.6818448979591837,-0.8706,55.10204081632652,19.387755102040817,25.510204081632654
6,2026-05-05,2026-06-02,CHOPPY,change_pct,relative_strength,LOW,HIGH,27,DOWN,59.25925925925925,48.24858757062147,11.010671688637785,-0.9040296296296296,-1.4844,59.25925925925925,7.4074074074074066,33.33333333333333
6,2026-05-05,2026-06-02,CHOPPY,change_pct,relative_strength,HIGH,HIGH,69,DOWN,44.927536231884055,48.24858757062147,-3.321051338737413,-0.09227246376811603,-0.027,44.927536231884055,13.043478260869565,42.028985507246375
6,2026-05-05,2026-06-02,TREND_DOWN,change_pct,relative_strength,LOW,LOW,194,UP,43.81443298969072,40.91388400702988,2.9005489826608444,0.5407484536082473,0.14335,38.144329896907216,18.04123711340206,43.81443298969072
6,2026-05-05,2026-06-02,TREND_DOWN,change_pct,relative_strength,LOW,HIGH,48,DOWN,56.25,46.291739894551846,9.958260105448153,-0.16131249999999994,-0.8006500000000001,56.25,8.333333333333332,35.41666666666667
6,2026-05-05,2026-06-02,TREND_DOWN,change_pct,relative_strength,HIGH,LOW,22,DOWN,59.09090909090909,46.291739894551846,12.799169196357246,-0.8941954545454543,-0.7865,59.09090909090909,18.181818181818183,22.727272727272727
6,2026-05-05,2026-06-02,TREND_DOWN,change_pct,relative_strength,HIGH,HIGH,128,DOWN,49.21875,46.291739894551846,2.9270101054481525,-0.4637656249999999,-0.47505,49.21875,14.0625,36.71875
6,2026-05-05,2026-06-02,TREND_UP,change_pct,relative_strength,LOW,LOW,151,DOWN,56.95364238410596,38.660356752821265,18.2932856312847,-0.8904933774834436,-1.648,56.95364238410596,7.9470198675496695,35.099337748344375
6,2026-05-05,2026-06-02,TREND_UP,change_pct,relative_strength,LOW,HIGH,24,DOWN,70.83333333333334,38.660356752821265,32.17297658051208,-1.8296333333333337,-3.1046,70.83333333333334,12.5,16.666666666666664
6,2026-05-05,2026-06-02,TREND_UP,change_pct,relative_strength,HIGH,LOW,27,DOWN,81.48148148148148,38.660356752821265,42.821124728660216,-2.2976740740740738,-3.1149,81.48148148148148,3.7037037037037033,14.814814814814813
6,2026-05-05,2026-06-02,TREND_UP,change_pct,relative_strength,HIGH,HIGH,190,DOWN,61.578947368421055,38.660356752821265,22.918590615599793,-1.339812105263158,-1.5574,61.578947368421055,10.526315789473683,27.89473684210526
6,2026-05-05,2026-06-02,CHOPPY,change_pct,trend_score,LOW,LOW,70,DOWN,55.714285714285715,48.24858757062147,7.465698143664246,-0.7901657142857142,-0.8706,55.714285714285715,17.142857142857142,27.142857142857142
6,2026-05-05,2026-06-02,CHOPPY,change_pct,trend_score,LOW,HIGH,55,DOWN,56.36363636363636,48.24858757062147,8.11504879301489,-0.6530545454545454,-1.1115,56.36363636363636,16.363636363636363,27.27272727272727
6,2026-05-05,2026-06-02,CHOPPY,change_pct,trend_score,HIGH,LOW,35,UP,54.285714285714285,39.2090395480226,15.07667473769168,0.732937142857143,0.6536,31.428571428571427,14.285714285714285,54.285714285714285
6,2026-05-05,2026-06-02,CHOPPY,change_pct,trend_score,HIGH,HIGH,36,DOWN,58.333333333333336,48.24858757062147,10.084745762711867,-0.797888888888889,-0.69905,58.333333333333336,11.11111111111111,30.555555555555557
6,2026-05-05,2026-06-02,TREND_DOWN,change_pct,trend_score,LOW,LOW,149,UP,42.95302013422819,40.91388400702988,2.0391361271983097,0.539171812080537,0.1324,37.58389261744966,19.463087248322147,42.95302013422819
6,2026-05-05,2026-06-02,TREND_DOWN,change_pct,trend_score,LOW,HIGH,93,DOWN,48.38709677419355,46.291739894551846,2.0953568796417024,0.1809204301075269,-0.0795,48.38709677419355,10.75268817204301,40.86021505376344
6,2026-05-05,2026-06-02,TREND_DOWN,change_pct,trend_score,HIGH,LOW,81,DOWN,46.913580246913575,46.291739894551846,0.62184035236173,-0.13502716049382718,-0.302,46.913580246913575,16.049382716049383,37.03703703703704
6,2026-05-05,2026-06-02,TREND_DOWN,change_pct,trend_score,HIGH,HIGH,69,DOWN,55.072463768115945,46.291739894551846,8.780723873564094,-0.9869144927536233,-0.7259,55.072463768115945,13.043478260869565,31.88405797101449
6,2026-05-05,2026-06-02,TREND_UP,change_pct,trend_score,LOW,LOW,80,DOWN,58.75,38.660356752821265,20.08964324717874,-1.0048549999999998,-1.5735999999999999,58.75,11.25,30.0
6,2026-05-05,2026-06-02,TREND_UP,change_pct,trend_score,LOW,HIGH,95,DOWN,58.94736842105262,38.660356752821265,20.287011668231365,-1.0314452631578945,-2.0464,58.94736842105262,6.315789473684211,34.73684210526316
6,2026-05-05,2026-06-02,TREND_UP,change_pct,trend_score,HIGH,LOW,89,DOWN,59.55056179775281,38.660356752821265,20.890205044931548,-1.0945674157303371,-1.5171,59.55056179775281,10.112359550561797,30.337078651685395
6,2026-05-05,2026-06-02,TREND_UP,change_pct,trend_score,HIGH,HIGH,128,DOWN,67.1875,38.660356752821265,28.52714324717874,-1.7123828125,-2.08925,67.1875,9.375,23.4375
6,2026-05-05,2026-06-02,CHOPPY,change_pct,momentum_score,LOW,LOW,116,DOWN,56.03448275862068,48.24858757062147,7.785895187999214,-0.7108551724137929,-0.9924,56.03448275862068,17.24137931034483,26.72413793103448
6,2026-05-05,2026-06-02,CHOPPY,change_pct,momentum_score,HIGH,HIGH,60,DOWN,50.0,48.24858757062147,1.7514124293785294,-0.3183516666666667,-0.47600000000000003,50.0,15.0,35.0
6,2026-05-05,2026-06-02,TREND_DOWN,change_pct,momentum_score,LOW,LOW,224,UP,43.75,40.91388400702988,2.836115992970123,0.46837455357142865,0.1065,40.625,15.625,43.75
6,2026-05-05,2026-06-02,TREND_DOWN,change_pct,momentum_score,HIGH,LOW,40,DOWN,50.0,46.291739894551846,3.7082601054481525,-0.4036249999999999,-0.5656,50.0,15.0,35.0
6,2026-05-05,2026-06-02,TREND_DOWN,change_pct,momentum_score,HIGH,HIGH,110,DOWN,50.90909090909091,46.291739894551846,4.617351014539056,-0.5717209090909091,-0.5349999999999999,50.90909090909091,14.545454545454545,34.54545454545455
6,2026-05-05,2026-06-02,TREND_UP,change_pct,momentum_score,LOW,LOW,134,DOWN,55.223880597014926,38.660356752821265,16.563523844193668,-0.724894776119403,-1.1127,55.223880597014926,8.208955223880597,36.56716417910448
6,2026-05-05,2026-06-02,TREND_UP,change_pct,momentum_score,LOW,HIGH,41,DOWN,70.73170731707317,38.660356752821265,32.07135056425191,-1.9814585365853659,-2.8315,70.73170731707317,9.75609756097561,19.51219512195122
6,2026-05-05,2026-06-02,TREND_UP,change_pct,momentum_score,HIGH,LOW,29,DOWN,44.827586206896555,38.660356752821265,6.16722945407529,-0.09225172413793101,0.0834,44.827586206896555,10.344827586206897,44.827586206896555
6,2026-05-05,2026-06-02,TREND_UP,change_pct,momentum_score,HIGH,HIGH,188,DOWN,67.02127659574468,38.660356752821265,28.360919842923423,-1.6698202127659574,-2.01785,67.02127659574468,9.574468085106384,23.404255319148938
6,2026-05-05,2026-06-02,CHOPPY,change_pct,volatility_score,LOW,LOW,95,DOWN,57.89473684210527,48.24858757062147,9.646149271483795,-0.851678947368421,-1.1113,57.89473684210527,15.789473684210526,26.31578947368421
6,2026-05-05,2026-06-02,CHOPPY,change_pct,volatility_score,LOW,HIGH,30,DOWN,50.0,48.24858757062147,1.7514124293785294,-0.3440033333333333,-0.51845,50.0,20.0,30.0
6,2026-05-05,2026-06-02,CHOPPY,change_pct,volatility_score,HIGH,LOW,53,UP,45.28301886792453,39.2090395480226,6.0739793199019285,0.13887358490566035,0.3191,43.39622641509434,11.320754716981133,45.28301886792453
6,2026-05-05,2026-06-02,TREND_DOWN,change_pct,volatility_score,LOW,LOW,181,UP,43.646408839779006,40.91388400702988,2.732524832749128,0.4764276243093923,0.1324,40.88397790055249,15.469613259668508,43.646408839779006
6,2026-05-05,2026-06-02,TREND_DOWN,change_pct,volatility_score,LOW,HIGH,61,DOWN,44.26229508196721,46.291739894551846,-2.0294448125846354,0.17916065573770487,-0.2626,44.26229508196721,18.0327868852459,37.704918032786885
6,2026-05-05,2026-06-02,TREND_DOWN,change_pct,volatility_score,HIGH,LOW,110,DOWN,50.90909090909091,46.291739894551846,4.617351014539056,-0.5270172727272726,-0.5349999999999999,50.90909090909091,14.545454545454545,34.54545454545455
6,2026-05-05,2026-06-02,TREND_DOWN,change_pct,volatility_score,HIGH,HIGH,40,DOWN,50.0,46.291739894551846,3.7082601054481525,-0.5265599999999999,-0.45765,50.0,15.0,35.0
6,2026-05-05,2026-06-02,TREND_UP,change_pct,volatility_score,LOW,LOW,133,DOWN,61.65413533834586,38.660356752821265,22.9937785855246,-1.252521052631579,-1.9146,61.65413533834586,7.518796992481203,30.82706766917293
6,2026-05-05,2026-06-02,TREND_UP,change_pct,volatility_score,LOW,HIGH,42,DOWN,50.0,38.660356752821265,11.339643247178739,-0.28072380952380954,-0.8038500000000001,50.0,11.904761904761903,38.095238095238095
6,2026-05-05,2026-06-02,TREND_UP,change_pct,volatility_score,HIGH,LOW,157,DOWN,66.2420382165605,38.660356752821265,27.581681463739244,-1.6688280254777068,-2.0532,66.2420382165605,10.191082802547772,23.56687898089172
6,2026-05-05,2026-06-02,TREND_UP,change_pct,volatility_score,HIGH,HIGH,60,DOWN,58.333333333333336,38.660356752821265,19.672976580512074,-0.9099249999999999,-1.29025,58.333333333333336,8.333333333333332,33.33333333333333
6,2026-05-05,2026-06-02,CHOPPY,change_pct,liquidity_score,LOW,LOW,30,DOWN,56.666666666666664,48.24858757062147,8.418079096045194,-0.2717099999999999,-0.94645,56.666666666666664,13.333333333333334,30.0
6,2026-05-05,2026-06-02,CHOPPY,change_pct,liquidity_score,LOW,HIGH,95,DOWN,55.78947368421052,48.24858757062147,7.5408861135890515,-0.8745084210526317,-1.0399,55.78947368421052,17.894736842105264,26.31578947368421
6,2026-05-05,2026-06-02,CHOPPY,change_pct,liquidity_score,HIGH,LOW,27,UP,48.148148148148145,39.2090395480226,8.939108600125545,0.14818888888888881,0.4914,40.74074074074074,11.11111111111111,48.148148148148145
6,2026-05-05,2026-06-02,CHOPPY,change_pct,liquidity_score,HIGH,HIGH,44,DOWN,47.72727272727273,48.24858757062147,-0.5213148433487413,-0.1607340909090909,-0.1681,47.72727272727273,13.636363636363635,38.63636363636363
6,2026-05-05,2026-06-02,TREND_DOWN,change_pct,liquidity_score,LOW,LOW,74,DOWN,45.94594594594595,46.291739894551846,-0.3457939486058992,0.42657702702702716,-0.22415000000000002,45.94594594594595,13.513513513513514,40.54054054054054
6,2026-05-05,2026-06-02,TREND_DOWN,change_pct,liquidity_score,LOW,HIGH,168,UP,42.857142857142854,40.91388400702988,1.9432588501129777,0.39044940476190476,0.07339999999999999,39.88095238095239,17.261904761904763,42.857142857142854
6,2026-05-05,2026-06-02,TREND_DOWN,change_pct,liquidity_score,HIGH,LOW,37,DOWN,43.24324324324324,46.291739894551846,-3.048496651308602,0.12441351351351351,-0.263,43.24324324324324,13.513513513513514,43.24324324324324
6,2026-05-05,2026-06-02,TREND_DOWN,change_pct,liquidity_score,HIGH,HIGH,113,DOWN,53.09734513274337,46.291739894551846,6.80560523819152,-0.7401557522123893,-0.7291,53.09734513274337,15.04424778761062,31.858407079646017
6,2026-05-05,2026-06-02,TREND_UP,change_pct,liquidity_score,LOW,LOW,48,DOWN,54.166666666666664,38.660356752821265,15.506309913845401,-0.4740500000000001,-1.0743,54.166666666666664,10.416666666666668,35.41666666666667
6,2026-05-05,2026-06-02,TREND_UP,change_pct,liquidity_score,LOW,HIGH,127,DOWN,60.629921259842526,38.660356752821265,21.96956450702126,-1.2253645669291342,-1.9146,60.629921259842526,7.874015748031496,31.496062992125985
6,2026-05-05,2026-06-02,TREND_UP,change_pct,liquidity_score,HIGH,LOW,75,DOWN,62.66666666666667,38.660356752821265,24.00630991384541,-1.3347786666666668,-1.7008,62.66666666666667,13.333333333333334,24.0
6,2026-05-05,2026-06-02,TREND_UP,change_pct,liquidity_score,HIGH,HIGH,142,DOWN,64.7887323943662,38.660356752821265,26.128375641544938,-1.524599295774648,-1.7859500000000001,64.7887323943662,7.746478873239436,27.464788732394368
6,2026-05-05,2026-06-02,CHOPPY,intelligence_score,relative_strength,LOW,LOW,67,DOWN,50.74626865671642,48.24858757062147,2.4976810860949494,-0.22926716417910448,-0.5866,50.74626865671642,20.8955223880597,28.35820895522388
6,2026-05-05,2026-06-02,CHOPPY,intelligence_score,relative_strength,LOW,HIGH,44,UP,50.0,39.2090395480226,10.7909604519774,-0.08635909090909091,0.5404,43.18181818181818,6.8181818181818175,50.0
6,2026-05-05,2026-06-02,CHOPPY,intelligence_score,relative_strength,HIGH,LOW,33,DOWN,63.63636363636363,48.24858757062147,15.387776065742164,-1.4595242424242425,-1.7557,63.63636363636363,15.151515151515152,21.21212121212121
6,2026-05-05,2026-06-02,CHOPPY,intelligence_score,relative_strength,HIGH,HIGH,52,DOWN,53.84615384615385,48.24858757062147,5.5975662755323725,-0.5187653846153846,-0.6237,53.84615384615385,15.384615384615385,30.76923076923077
6,2026-05-05,2026-06-02,TREND_DOWN,intelligence_score,relative_strength,LOW,LOW,160,UP,43.125,40.91388400702988,2.211115992970125,0.6019206250000001,0.14845,37.5,19.375,43.125
6,2026-05-05,2026-06-02,TREND_DOWN,intelligence_score,relative_strength,LOW,HIGH,79,DOWN,46.835443037974684,46.291739894551846,0.5437031434228357,0.11152278481012656,-0.3643,46.835443037974684,12.658227848101266,40.50632911392405
6,2026-05-05,2026-06-02,TREND_DOWN,intelligence_score,relative_strength,HIGH,LOW,56,DOWN,48.214285714285715,46.291739894551846,1.9225458197338674,-0.19775714285714288,-0.12605,48.214285714285715,14.285714285714285,37.5
6,2026-05-05,2026-06-02,TREND_DOWN,intelligence_score,relative_strength,HIGH,HIGH,97,DOWN,54.63917525773196,46.291739894551846,8.347435363180105,-0.7826319587628866,-0.7493,54.63917525773196,12.371134020618557,32.98969072164948
6,2026-05-05,2026-06-02,TREND_UP,intelligence_score,relative_strength,LOW,LOW,91,DOWN,58.24175824175825,38.660356752821265,19.581401488936983,-0.9512703296703295,-1.648,58.24175824175825,9.89010989010989,31.868131868131865
6,2026-05-05,2026-06-02,TREND_UP,intelligence_score,relative_strength,LOW,HIGH,89,DOWN,55.0561797752809,38.660356752821265,16.395823022459638,-0.7560955056179776,-1.4082,55.0561797752809,13.48314606741573,31.46067415730337
6,2026-05-05,2026-06-02,TREND_UP,intelligence_score,relative_strength,HIGH,LOW,87,DOWN,63.2183908045977,38.660356752821265,24.55803405177644,-1.2636333333333334,-2.0116,63.2183908045977,4.597701149425287,32.18390804597701
6,2026-05-05,2026-06-02,TREND_UP,intelligence_score,relative_strength,HIGH,HIGH,125,DOWN,68.0,38.660356752821265,29.339643247178742,-1.849464,-2.1238,68.0,8.799999999999999,23.200000000000003
6,2026-05-05,2026-06-02,CHOPPY,intelligence_score,trend_score,LOW,LOW,89,DOWN,46.06741573033708,48.24858757062147,-2.1811718402843905,-0.1023876404494382,-0.2568,46.06741573033708,15.730337078651685,38.20224719101123
6,2026-05-05,2026-06-02,CHOPPY,intelligence_score,trend_score,LOW,HIGH,22,DOWN,54.54545454545454,48.24858757062147,6.296866974833071,-0.4567363636363637,-0.9863500000000001,54.54545454545454,13.636363636363635,31.818181818181817
6,2026-05-05,2026-06-02,CHOPPY,intelligence_score,trend_score,HIGH,HIGH,69,DOWN,57.971014492753625,48.24858757062147,9.722426922132154,-0.7912144927536233,-1.0427,57.971014492753625,14.492753623188406,27.536231884057973
6,2026-05-05,2026-06-02,TREND_DOWN,intelligence_score,trend_score,LOW,LOW,194,UP,41.75257731958763,40.91388400702988,0.8386933125577534,0.3774567010309279,-0.08135,40.20618556701031,18.04123711340206,41.75257731958763
6,2026-05-05,2026-06-02,TREND_DOWN,intelligence_score,trend_score,LOW,HIGH,45,UP,44.44444444444444,40.91388400702988,3.530560437414565,0.7086888888888888,0.0436,42.22222222222222,13.333333333333334,44.44444444444444
6,2026-05-05,2026-06-02,TREND_DOWN,intelligence_score,trend_score,HIGH,LOW,36,DOWN,44.44444444444444,46.291739894551846,-1.8472954501074057,-0.10631111111111109,0.05325,44.44444444444444,19.444444444444446,36.11111111111111
6,2026-05-05,2026-06-02,TREND_DOWN,intelligence_score,trend_score,HIGH,HIGH,117,DOWN,54.700854700854705,46.291739894551846,8.409114806302858,-0.7107905982905982,-0.7493,54.700854700854705,11.11111111111111,34.18803418803419
6,2026-05-05,2026-06-02,TREND_UP,intelligence_score,trend_score,LOW,LOW,132,DOWN,53.78787878787878,38.660356752821265,15.127522035057522,-0.718219696969697,-1.31585,53.78787878787878,12.121212121212121,34.090909090909086
6,2026-05-05,2026-06-02,TREND_UP,intelligence_score,trend_score,LOW,HIGH,48,DOWN,64.58333333333334,38.660356752821265,25.922976580512074,-1.2302729166666666,-2.5446999999999997,64.58333333333334,10.416666666666668,25.0
6,2026-05-05,2026-06-02,TREND_UP,intelligence_score,trend_score,HIGH,LOW,37,DOWN,78.37837837837837,38.660356752821265,39.718021625557114,-2.243240540540541,-2.4396,78.37837837837837,5.405405405405405,16.216216216216218
6,2026-05-05,2026-06-02,TREND_UP,intelligence_score,trend_score,HIGH,HIGH,175,DOWN,63.42857142857142,38.660356752821265,24.768214675750162,-1.474966857142857,-1.981,63.42857142857142,7.428571428571429,29.142857142857142
6,2026-05-05,2026-06-02,CHOPPY,intelligence_score,momentum_score,LOW,LOW,79,DOWN,51.89873417721519,48.24858757062147,3.6501466065937183,-0.3247443037974684,-0.5866,51.89873417721519,16.455696202531644,31.645569620253166
6,2026-05-05,2026-06-02,CHOPPY,intelligence_score,momentum_score,LOW,HIGH,32,UP,50.0,39.2090395480226,10.7909604519774,0.20294062499999999,0.5404,37.5,12.5,50.0
6,2026-05-05,2026-06-02,CHOPPY,intelligence_score,momentum_score,HIGH,LOW,48,DOWN,54.166666666666664,48.24858757062147,5.918079096045192,-0.8494687499999999,-1.0756000000000001,54.166666666666664,14.583333333333334,31.25
6,2026-05-05,2026-06-02,CHOPPY,intelligence_score,momentum_score,HIGH,HIGH,37,DOWN,62.16216216216216,48.24858757062147,13.913574591540689,-0.9288000000000002,-0.9056,62.16216216216216,16.216216216216218,21.62162162162162
6,2026-05-05,2026-06-02,TREND_DOWN,intelligence_score,momentum_score,LOW,LOW,201,UP,42.28855721393035,40.91388400702988,1.374673206900473,0.4404019900497513,0.0,41.29353233830846,16.417910447761194,42.28855721393035
6,2026-05-05,2026-06-02,TREND_DOWN,intelligence_score,momentum_score,LOW,HIGH,38,UP,42.10526315789473,40.91388400702988,1.1913791508648575,0.43675789473684196,-0.0381,36.84210526315789,21.052631578947366,42.10526315789473
6,2026-05-05,2026-06-02,TREND_DOWN,intelligence_score,momentum_score,HIGH,LOW,63,DOWN,44.44444444444444,46.291739894551846,-1.8472954501074057,0.0039698412698412665,0.0662,44.44444444444444,12.698412698412698,42.857142857142854
6,2026-05-05,2026-06-02,TREND_DOWN,intelligence_score,momentum_score,HIGH,HIGH,90,DOWN,57.77777777777777,46.291739894551846,11.486037883225924,-0.9693311111111113,-0.884,57.77777777777777,13.333333333333334,28.888888888888886
6,2026-05-05,2026-06-02,TREND_UP,intelligence_score,momentum_score,LOW,LOW,98,DOWN,51.02040816326531,38.660356752821265,12.360051410444045,-0.37911122448979595,-0.6813499999999999,51.02040816326531,11.224489795918368,37.755102040816325
6,2026-05-05,2026-06-02,TREND_UP,intelligence_score,momentum_score,LOW,HIGH,82,DOWN,63.41463414634146,38.660356752821265,24.7542773935202,-1.4232341463414637,-2.14015,63.41463414634146,12.195121951219512,24.390243902439025
6,2026-05-05,2026-06-02,TREND_UP,intelligence_score,momentum_score,HIGH,LOW,65,DOWN,56.92307692307692,38.660356752821265,18.26272017025566,-0.9639738461538462,-1.7097,56.92307692307692,4.615384615384616,38.46153846153847
6,2026-05-05,2026-06-02,TREND_UP,intelligence_score,momentum_score,HIGH,HIGH,147,DOWN,70.06802721088435,38.660356752821265,31.40767045806309,-1.894291156462585,-2.1492,70.06802721088435,8.16326530612245,21.768707482993197
6,2026-05-05,2026-06-02,CHOPPY,intelligence_score,volatility_score,LOW,LOW,81,DOWN,48.148148148148145,48.24858757062147,-0.10043942247332516,-0.21525679012345675,-0.283,48.148148148148145,16.049382716049383,35.80246913580247
6,2026-05-05,2026-06-02,CHOPPY,intelligence_score,volatility_score,LOW,HIGH,30,DOWN,46.666666666666664,48.24858757062147,-1.5819209039548032,-0.05749666666666663,-0.28135,46.666666666666664,13.333333333333334,40.0
6,2026-05-05,2026-06-02,CHOPPY,intelligence_score,volatility_score,HIGH,LOW,67,DOWN,58.2089552238806,48.24858757062147,9.960367653259128,-0.8375134328358209,-1.0427,58.2089552238806,11.940298507462686,29.850746268656714
6,2026-05-05,2026-06-02,TREND_DOWN,intelligence_score,volatility_score,LOW,LOW,177,UP,44.632768361581924,40.91388400702988,3.7188843545520434,0.6198231638418079,0.2866,38.983050847457626,16.38418079096045,44.632768361581924
6,2026-05-05,2026-06-02,TREND_DOWN,intelligence_score,volatility_score,LOW,HIGH,62,DOWN,45.16129032258064,46.291739894551846,-1.1304495719712038,-0.07405000000000007,-0.35335,45.16129032258064,19.35483870967742,35.483870967741936
6,2026-05-05,2026-06-02,TREND_DOWN,intelligence_score,volatility_score,HIGH,LOW,114,DOWN,53.50877192982456,46.291739894551846,7.217032035272713,-0.7144491228070176,-0.8029,53.50877192982456,13.157894736842104,33.33333333333333
6,2026-05-05,2026-06-02,TREND_DOWN,intelligence_score,volatility_score,HIGH,HIGH,39,DOWN,48.717948717948715,46.291739894551846,2.4262088233968693,-0.14211538461538453,-0.263,48.717948717948715,12.82051282051282,38.46153846153847
6,2026-05-05,2026-06-02,TREND_UP,intelligence_score,volatility_score,LOW,LOW,125,DOWN,62.4,38.660356752821265,23.739643247178737,-1.3246951999999996,-1.7008,62.4,11.200000000000001,26.400000000000002
6,2026-05-05,2026-06-02,TREND_UP,intelligence_score,volatility_score,LOW,HIGH,55,DOWN,43.63636363636363,38.660356752821265,4.976006883542372,0.213250909090909,0.077,43.63636363636363,12.727272727272727,43.63636363636363
6,2026-05-05,2026-06-02,TREND_UP,intelligence_score,volatility_score,HIGH,LOW,165,DOWN,65.45454545454545,38.660356752821265,26.79418870172419,-1.5939660606060608,-2.1238,65.45454545454545,7.2727272727272725,27.27272727272727
6,2026-05-05,2026-06-02,TREND_UP,intelligence_score,volatility_score,HIGH,HIGH,47,DOWN,68.08510638297872,38.660356752821265,29.42474963015746,-1.6620148936170211,-2.0116,68.08510638297872,6.382978723404255,25.53191489361702
6,2026-05-05,2026-06-02,CHOPPY,intelligence_score,liquidity_score,LOW,LOW,41,DOWN,51.21951219512195,48.24858757062147,2.9709246245004817,-0.030868292682926766,-0.5187,51.21951219512195,7.317073170731707,41.46341463414634
6,2026-05-05,2026-06-02,CHOPPY,intelligence_score,liquidity_score,LOW,HIGH,70,DOWN,45.714285714285715,48.24858757062147,-2.534301856335758,-0.2556442857142857,-0.2699,45.714285714285715,20.0,34.285714285714285
6,2026-05-05,2026-06-02,CHOPPY,intelligence_score,liquidity_score,HIGH,HIGH,69,DOWN,60.86956521739131,48.24858757062147,12.620977646769838,-1.0471811594202896,-1.1115,60.86956521739131,13.043478260869565,26.08695652173913
6,2026-05-05,2026-06-02,TREND_DOWN,intelligence_score,liquidity_score,LOW,LOW,89,DOWN,48.31460674157304,46.291739894551846,2.0228668470211875,0.16777078651685387,-0.4705,48.31460674157304,14.606741573033707,37.07865168539326
6,2026-05-05,2026-06-02,TREND_DOWN,intelligence_score,liquidity_score,LOW,HIGH,150,UP,45.33333333333333,40.91388400702988,4.419449326303454,0.60124,0.31715,36.0,18.666666666666668,45.33333333333333
6,2026-05-05,2026-06-02,TREND_DOWN,intelligence_score,liquidity_score,HIGH,LOW,22,UP,59.09090909090909,40.91388400702988,18.177025083879215,0.9653818181818182,0.7583500000000001,31.818181818181817,9.090909090909092,59.09090909090909
6,2026-05-05,2026-06-02,TREND_DOWN,intelligence_score,liquidity_score,HIGH,HIGH,131,DOWN,55.72519083969466,46.291739894551846,9.433450945142813,-0.8261687022900764,-0.8624,55.72519083969466,13.740458015267176,30.53435114503817
6,2026-05-05,2026-06-02,TREND_UP,intelligence_score,liquidity_score,LOW,LOW,79,DOWN,63.29113924050633,38.660356752821265,24.63078248768507,-1.149103797468354,-2.093,63.29113924050633,10.126582278481013,26.582278481012654
6,2026-05-05,2026-06-02,TREND_UP,intelligence_score,liquidity_score,LOW,HIGH,101,DOWN,51.48514851485149,38.660356752821265,12.824791762030225,-0.6245435643564358,-0.5726,51.48514851485149,12.871287128712872,35.64356435643564
6,2026-05-05,2026-06-02,TREND_UP,intelligence_score,liquidity_score,HIGH,LOW,44,DOWN,52.27272727272727,38.660356752821265,13.612370519906008,-0.7291727272727272,-0.64605,52.27272727272727,15.909090909090908,31.818181818181817
6,2026-05-05,2026-06-02,TREND_UP,intelligence_score,liquidity_score,HIGH,HIGH,168,DOWN,69.64285714285714,38.660356752821265,30.982500390035877,-1.8394970238095238,-2.40405,69.64285714285714,4.761904761904762,25.595238095238095
6,2026-05-05,2026-06-02,CHOPPY,relative_strength,trend_score,LOW,LOW,59,DOWN,52.54237288135594,48.24858757062147,4.2937853107344655,-0.5807033898305085,-0.6009,52.54237288135594,20.33898305084746,27.11864406779661
6,2026-05-05,2026-06-02,CHOPPY,relative_strength,trend_score,LOW,HIGH,41,DOWN,58.536585365853654,48.24858757062147,10.287997795232185,-0.7137487804878049,-1.1243,58.536585365853654,17.073170731707318,24.390243902439025
6,2026-05-05,2026-06-02,CHOPPY,relative_strength,trend_score,HIGH,LOW,46,UP,47.82608695652174,39.2090395480226,8.61704740849914,0.1000586956521739,0.3903,41.30434782608695,10.869565217391305,47.82608695652174
6,2026-05-05,2026-06-02,CHOPPY,relative_strength,trend_score,HIGH,HIGH,50,DOWN,56.00000000000001,48.24858757062147,7.751412429378535,-0.7075660000000003,-0.69905,56.00000000000001,12.0,32.0
6,2026-05-05,2026-06-02,TREND_DOWN,relative_strength,trend_score,LOW,LOW,144,UP,41.66666666666667,40.91388400702988,0.7527826596367915,0.5370805555555555,0.10189999999999999,36.80555555555556,21.52777777777778,41.66666666666667
6,2026-05-05,2026-06-02,TREND_DOWN,relative_strength,trend_score,LOW,HIGH,72,DOWN,47.22222222222222,46.291739894551846,0.9304823276703733,0.10962916666666661,-0.07365,47.22222222222222,11.11111111111111,41.66666666666667
6,2026-05-05,2026-06-02,TREND_DOWN,relative_strength,trend_score,HIGH,LOW,86,DOWN,47.674418604651166,46.291739894551846,1.3826787100993165,-0.09232790697674419,-0.41535,47.674418604651166,12.790697674418606,39.53488372093023
6,2026-05-05,2026-06-02,TREND_DOWN,relative_strength,trend_score,HIGH,HIGH,90,DOWN,54.44444444444444,46.291739894551846,8.152704549892592,-0.6573866666666666,-0.7376,54.44444444444444,12.222222222222221,33.33333333333333
6,2026-05-05,2026-06-02,TREND_UP,relative_strength,trend_score,LOW,LOW,85,DOWN,61.1764705882353,38.660356752821265,22.516113835414036,-1.2080070588235297,-1.8529,61.1764705882353,9.411764705882353,29.411764705882355
6,2026-05-05,2026-06-02,TREND_UP,relative_strength,trend_score,LOW,HIGH,93,DOWN,60.215053763440864,38.660356752821265,21.5546970106196,-1.0088290322580642,-1.9146,60.215053763440864,5.376344086021505,34.40860215053764
6,2026-05-05,2026-06-02,TREND_UP,relative_strength,trend_score,HIGH,LOW,84,DOWN,57.14285714285714,38.660356752821265,18.482500390035877,-0.8943369047619049,-1.2839,57.14285714285714,11.904761904761903,30.952380952380953
6,2026-05-05,2026-06-02,TREND_UP,relative_strength,trend_score,HIGH,HIGH,130,DOWN,66.15384615384615,38.660356752821265,27.49348940102489,-1.7180861538461538,-2.1436,66.15384615384615,10.0,23.846153846153847
6,2026-05-05,2026-06-02,CHOPPY,relative_strength,momentum_score,LOW,LOW,94,DOWN,54.25531914893617,48.24858757062147,6.006731578314694,-0.6035234042553191,-0.8552500000000001,54.25531914893617,19.148936170212767,26.595744680851062
6,2026-05-05,2026-06-02,CHOPPY,relative_strength,momentum_score,HIGH,LOW,33,DOWN,48.484848484848484,48.24858757062147,0.23626091422701556,-0.2938818181818181,0.0214,48.484848484848484,6.0606060606060606,45.45454545454545
6,2026-05-05,2026-06-02,CHOPPY,relative_strength,momentum_score,HIGH,HIGH,63,DOWN,49.2063492063492,48.24858757062147,0.957761635727733,-0.33456349206349206,-0.4333,49.2063492063492,14.285714285714285,36.507936507936506
6,2026-05-05,2026-06-02,TREND_DOWN,relative_strength,momentum_score,LOW,LOW,199,UP,43.21608040201005,40.91388400702988,2.3021963949801716,0.4749783919597991,0.1376,39.698492462311556,17.08542713567839,43.21608040201005
6,2026-05-05,2026-06-02,TREND_DOWN,relative_strength,momentum_score,HIGH,LOW,65,DOWN,49.23076923076923,46.291739894551846,2.939029336217386,-0.08845846153846144,-0.4286,49.23076923076923,10.76923076923077,40.0
6,2026-05-05,2026-06-02,TREND_DOWN,relative_strength,momentum_score,HIGH,HIGH,111,DOWN,52.25225225225225,46.291739894551846,5.960512357700404,-0.5527495495495495,-0.6133,52.25225225225225,13.513513513513514,34.234234234234236
6,2026-05-05,2026-06-02,TREND_UP,relative_strength,momentum_score,LOW,LOW,128,DOWN,55.46875,38.660356752821265,16.80839324717874,-0.7581015624999998,-1.1127,55.46875,7.8125,36.71875
6,2026-05-05,2026-06-02,TREND_UP,relative_strength,momentum_score,LOW,HIGH,50,DOWN,74.0,38.660356752821265,35.339643247178735,-1.9892940000000001,-2.8707000000000003,74.0,6.0,20.0
6,2026-05-05,2026-06-02,TREND_UP,relative_strength,momentum_score,HIGH,LOW,35,DOWN,45.714285714285715,38.660356752821265,7.05392896146445,-0.07926285714285701,0.077,45.714285714285715,11.428571428571429,42.857142857142854
6,2026-05-05,2026-06-02,TREND_UP,relative_strength,momentum_score,HIGH,HIGH,179,DOWN,65.92178770949721,38.660356752821265,27.26143095667594,-1.6519625698324023,-1.981,65.92178770949721,10.614525139664805,23.463687150837988
6,2026-05-05,2026-06-02,CHOPPY,relative_strength,volatility_score,LOW,LOW,78,DOWN,57.692307692307686,48.24858757062147,9.443720121686216,-0.7650371794871796,-1.0413000000000001,57.692307692307686,17.94871794871795,24.358974358974358
6,2026-05-05,2026-06-02,CHOPPY,relative_strength,volatility_score,LOW,HIGH,22,DOWN,45.45454545454545,48.24858757062147,-2.7940421160760174,-0.17510454545454554,-0.2581,45.45454545454545,22.727272727272727,31.818181818181817
6,2026-05-05,2026-06-02,CHOPPY,relative_strength,volatility_score,HIGH,LOW,70,DOWN,47.14285714285714,48.24858757062147,-1.1057304277643287,-0.19823285714285716,-0.0028000000000000004,47.14285714285714,10.0,42.857142857142854
6,2026-05-05,2026-06-02,CHOPPY,relative_strength,volatility_score,HIGH,HIGH,26,DOWN,53.84615384615385,48.24858757062147,5.5975662755323725,-0.649973076923077,-0.60415,53.84615384615385,15.384615384615385,30.76923076923077
6,2026-05-05,2026-06-02,TREND_DOWN,relative_strength,volatility_score,LOW,LOW,166,UP,43.373493975903614,40.91388400702988,2.459609968873738,0.47162108433734934,0.11485000000000001,40.36144578313253,16.265060240963855,43.373493975903614
6,2026-05-05,2026-06-02,TREND_DOWN,relative_strength,volatility_score,LOW,HIGH,50,DOWN,40.0,46.291739894551846,-6.291739894551846,0.13887599999999992,-0.16815,40.0,24.0,36.0
6,2026-05-05,2026-06-02,TREND_DOWN,relative_strength,volatility_score,HIGH,LOW,125,DOWN,50.4,46.291739894551846,4.108260105448153,-0.4002208,-0.506,50.4,13.600000000000001,36.0
6,2026-05-05,2026-06-02,TREND_DOWN,relative_strength,volatility_score,HIGH,HIGH,51,DOWN,52.94117647058824,46.291739894551846,6.649436576036388,-0.33485098039215666,-0.6133,52.94117647058824,9.803921568627452,37.254901960784316
6,2026-05-05,2026-06-02,TREND_UP,relative_strength,volatility_score,LOW,LOW,134,DOWN,62.68656716417911,38.660356752821265,24.026210411357845,-1.3170216417910448,-1.8545,62.68656716417911,7.462686567164178,29.850746268656714
6,2026-05-05,2026-06-02,TREND_UP,relative_strength,volatility_score,LOW,HIGH,44,DOWN,54.54545454545454,38.660356752821265,15.88509779263328,-0.45501818181818193,-1.7769,54.54545454545454,6.8181818181818175,38.63636363636363
6,2026-05-05,2026-06-02,TREND_UP,relative_strength,volatility_score,HIGH,LOW,156,DOWN,65.38461538461539,38.660356752821265,26.72425863179412,-1.616092307692308,-2.07285,65.38461538461539,10.256410256410255,24.358974358974358
6,2026-05-05,2026-06-02,TREND_UP,relative_strength,volatility_score,HIGH,HIGH,58,DOWN,55.172413793103445,38.660356752821265,16.512057040282187,-0.7993982758620689,-0.96275,55.172413793103445,12.068965517241379,32.758620689655174
6,2026-05-05,2026-06-02,CHOPPY,relative_strength,liquidity_score,LOW,LOW,25,DOWN,56.00000000000001,48.24858757062147,7.751412429378535,-0.04468799999999998,-0.8484,56.00000000000001,16.0,28.000000000000004
6,2026-05-05,2026-06-02,CHOPPY,relative_strength,liquidity_score,LOW,HIGH,75,DOWN,54.666666666666664,48.24858757062147,6.418079096045193,-0.8321066666666667,-0.8791,54.666666666666664,20.0,25.333333333333336
6,2026-05-05,2026-06-02,CHOPPY,relative_strength,liquidity_score,HIGH,LOW,32,UP,46.875,39.2090395480226,7.6659604519774,-0.09478124999999998,0.1895,43.75,9.375,46.875
6,2026-05-05,2026-06-02,CHOPPY,relative_strength,liquidity_score,HIGH,HIGH,64,DOWN,51.5625,48.24858757062147,3.3139124293785294,-0.43347812499999994,-0.5909,51.5625,12.5,35.9375
6,2026-05-05,2026-06-02,TREND_DOWN,relative_strength,liquidity_score,LOW,LOW,65,DOWN,46.15384615384615,46.291739894551846,-0.13789374070569127,0.37585076923076927,-0.2626,46.15384615384615,13.846153846153847,40.0
6,2026-05-05,2026-06-02,TREND_DOWN,relative_strength,liquidity_score,LOW,HIGH,151,UP,42.384105960264904,40.91388400702988,1.4702219532350236,0.4026662251655629,0.0806,37.74834437086093,19.867549668874172,42.384105960264904
6,2026-05-05,2026-06-02,TREND_DOWN,relative_strength,liquidity_score,HIGH,LOW,46,DOWN,43.47826086956522,46.291739894551846,-2.8134790249866315,0.2552108695652174,-0.1097,43.47826086956522,13.043478260869565,43.47826086956522
6,2026-05-05,2026-06-02,TREND_DOWN,relative_strength,liquidity_score,HIGH,HIGH,130,DOWN,53.84615384615385,46.291739894551846,7.554413951601996,-0.6064976923076922,-0.6813,53.84615384615385,12.307692307692308,33.84615384615385
6,2026-05-05,2026-06-02,TREND_UP,relative_strength,liquidity_score,LOW,LOW,48,DOWN,58.333333333333336,38.660356752821265,19.672976580512074,-0.47931041666666657,-1.3192,58.333333333333336,6.25,35.41666666666667
6,2026-05-05,2026-06-02,TREND_UP,relative_strength,liquidity_score,LOW,HIGH,130,DOWN,61.53846153846154,38.660356752821265,22.87810478564028,-1.3345753846153845,-1.9194,61.53846153846154,7.6923076923076925,30.76923076923077
6,2026-05-05,2026-06-02,TREND_UP,relative_strength,liquidity_score,HIGH,LOW,75,DOWN,60.0,38.660356752821265,21.339643247178735,-1.3314119999999998,-1.7008,60.0,16.0,24.0
6,2026-05-05,2026-06-02,TREND_UP,relative_strength,liquidity_score,HIGH,HIGH,139,DOWN,64.02877697841727,38.660356752821265,25.368420225596005,-1.4289179856115108,-1.6652,64.02877697841727,7.913669064748201,28.05755395683453
6,2026-05-05,2026-06-02,CHOPPY,trend_score,momentum_score,LOW,LOW,75,DOWN,53.333333333333336,48.24858757062147,5.0847457627118615,-0.6020146666666668,-0.6009,53.333333333333336,14.666666666666666,32.0
6,2026-05-05,2026-06-02,CHOPPY,trend_score,momentum_score,LOW,HIGH,30,UP,46.666666666666664,39.2090395480226,7.457627118644067,0.5164099999999999,0.3903,33.33333333333333,20.0,46.666666666666664
6,2026-05-05,2026-06-02,CHOPPY,trend_score,momentum_score,HIGH,LOW,52,DOWN,51.92307692307693,48.24858757062147,3.6744893524554567,-0.40919615384615365,-0.94415,51.92307692307693,17.307692307692307,30.76923076923077
6,2026-05-05,2026-06-02,CHOPPY,trend_score,momentum_score,HIGH,HIGH,39,DOWN,64.1025641025641,48.24858757062147,15.853976531942637,-1.1118923076923077,-1.0838,64.1025641025641,10.256410256410255,25.64102564102564
6,2026-05-05,2026-06-02,TREND_DOWN,trend_score,momentum_score,LOW,LOW,185,UP,41.62162162162162,40.91388400702988,0.7077376145917469,0.3766216216216216,0.0662,40.0,18.37837837837838,41.62162162162162
6,2026-05-05,2026-06-02,TREND_DOWN,trend_score,momentum_score,LOW,HIGH,45,DOWN,44.44444444444444,46.291739894551846,-1.8472954501074057,-0.006124444444444421,-0.2568,44.44444444444444,17.77777777777778,37.77777777777778
6,2026-05-05,2026-06-02,TREND_DOWN,trend_score,momentum_score,HIGH,LOW,79,DOWN,46.835443037974684,46.291739894551846,0.5437031434228357,0.24172025316455714,-0.0678,46.835443037974684,8.860759493670885,44.303797468354425
6,2026-05-05,2026-06-02,TREND_DOWN,trend_score,momentum_score,HIGH,HIGH,83,DOWN,55.42168674698795,46.291739894551846,9.129946852436104,-0.8478,-0.7493,55.42168674698795,14.457831325301203,30.120481927710845
6,2026-05-05,2026-06-02,TREND_UP,trend_score,momentum_score,LOW,LOW,96,DOWN,56.25,38.660356752821265,17.58964324717874,-0.7968125,-1.5735999999999999,56.25,9.375,34.375
6,2026-05-05,2026-06-02,TREND_UP,trend_score,momentum_score,LOW,HIGH,73,DOWN,63.013698630136986,38.660356752821265,24.35334187731572,-1.3878205479452055,-1.4838,63.013698630136986,12.32876712328767,24.65753424657534
6,2026-05-05,2026-06-02,TREND_UP,trend_score,momentum_score,HIGH,LOW,67,DOWN,49.25373134328358,38.660356752821265,10.593374590462318,-0.34801791044776126,-0.3392,49.25373134328358,7.462686567164178,43.28358208955223
6,2026-05-05,2026-06-02,TREND_UP,trend_score,momentum_score,HIGH,HIGH,156,DOWN,69.87179487179486,38.660356752821265,31.211438118973607,-1.8836865384615384,-2.53895,69.87179487179486,8.333333333333332,21.794871794871796
6,2026-05-05,2026-06-02,CHOPPY,trend_score,volatility_score,LOW,LOW,78,DOWN,47.43589743589743,48.24858757062147,-0.8126901347240367,-0.26133333333333336,-0.2699,47.43589743589743,16.666666666666664,35.8974358974359
6,2026-05-05,2026-06-02,CHOPPY,trend_score,volatility_score,LOW,HIGH,27,DOWN,48.148148148148145,48.24858757062147,-0.10043942247332516,-0.3435111111111111,-0.4503,48.148148148148145,14.814814814814813,37.03703703703704
6,2026-05-05,2026-06-02,CHOPPY,trend_score,volatility_score,HIGH,LOW,70,DOWN,58.57142857142858,48.24858757062147,10.322841000807104,-0.7595028571428571,-1.09755,58.57142857142858,11.428571428571429,30.0
6,2026-05-05,2026-06-02,CHOPPY,trend_score,volatility_score,HIGH,HIGH,21,DOWN,52.38095238095239,48.24858757062147,4.1323648103309125,-0.5465142857142858,-0.5834,52.38095238095239,23.809523809523807,23.809523809523807
6,2026-05-05,2026-06-02,TREND_DOWN,trend_score,volatility_score,LOW,LOW,169,UP,44.37869822485207,40.91388400702988,3.464814217822193,0.5484508875739644,0.2866,38.46153846153847,17.159763313609467,44.37869822485207
6,2026-05-05,2026-06-02,TREND_DOWN,trend_score,volatility_score,LOW,HIGH,61,DOWN,47.540983606557376,46.291739894551846,1.2492437120055266,-0.381783606557377,-0.4286,47.540983606557376,21.311475409836063,31.147540983606557
6,2026-05-05,2026-06-02,TREND_DOWN,trend_score,volatility_score,HIGH,LOW,122,DOWN,53.278688524590166,46.291739894551846,6.98694863003832,-0.5280877049180328,-0.71855,53.278688524590166,12.295081967213115,34.42622950819672
6,2026-05-05,2026-06-02,TREND_DOWN,trend_score,volatility_score,HIGH,HIGH,40,DOWN,45.0,46.291739894551846,-1.2917398945518466,0.32887999999999995,-0.01795,45.0,10.0,45.0
6,2026-05-05,2026-06-02,TREND_UP,trend_score,volatility_score,LOW,LOW,120,DOWN,60.83333333333333,38.660356752821265,22.172976580512067,-1.1890558333333336,-1.55785,60.83333333333333,10.833333333333334,28.333333333333332
6,2026-05-05,2026-06-02,TREND_UP,trend_score,volatility_score,LOW,HIGH,49,DOWN,55.10204081632652,38.660356752821265,16.441684063505264,-0.7166979591836735,-1.5422,55.10204081632652,10.204081632653061,34.69387755102041
6,2026-05-05,2026-06-02,TREND_UP,trend_score,volatility_score,HIGH,LOW,170,DOWN,66.47058823529412,38.660356752821265,27.81023148247285,-1.6817917647058824,-2.16665,66.47058823529412,7.647058823529412,25.882352941176475
6,2026-05-05,2026-06-02,TREND_UP,trend_score,volatility_score,HIGH,HIGH,53,DOWN,54.71698113207547,38.660356752821265,16.05662437925421,-0.5899566037735849,-0.9139,54.71698113207547,9.433962264150944,35.84905660377358
6,2026-05-05,2026-06-02,CHOPPY,trend_score,liquidity_score,LOW,LOW,24,DOWN,45.83333333333333,48.24858757062147,-2.4152542372881394,0.26321666666666665,-0.03275,45.83333333333333,8.333333333333332,45.83333333333333
6,2026-05-05,2026-06-02,CHOPPY,trend_score,liquidity_score,LOW,HIGH,81,DOWN,48.148148148148145,48.24858757062147,-0.10043942247332516,-0.4441481481481481,-0.3092,48.148148148148145,18.51851851851852,33.33333333333333
6,2026-05-05,2026-06-02,CHOPPY,trend_score,liquidity_score,HIGH,LOW,33,DOWN,51.515151515151516,48.24858757062147,3.266563944530043,-0.3171939393939394,-0.5834,51.515151515151516,15.151515151515152,33.33333333333333
6,2026-05-05,2026-06-02,CHOPPY,trend_score,liquidity_score,HIGH,HIGH,58,DOWN,60.3448275862069,48.24858757062147,12.096240015585424,-0.934044827586207,-1.1179000000000001,60.3448275862069,13.793103448275861,25.862068965517242
6,2026-05-05,2026-06-02,TREND_DOWN,trend_score,liquidity_score,LOW,LOW,51,DOWN,49.01960784313725,46.291739894551846,2.727867948585405,-0.014523529411764753,-0.4971,49.01960784313725,19.607843137254903,31.372549019607842
6,2026-05-05,2026-06-02,TREND_DOWN,trend_score,liquidity_score,LOW,HIGH,179,UP,43.575418994413404,40.91388400702988,2.6615349873835292,0.3918441340782122,0.1324,38.547486033519554,17.877094972067038,43.575418994413404
6,2026-05-05,2026-06-02,TREND_DOWN,trend_score,liquidity_score,HIGH,LOW,60,UP,50.0,40.91388400702988,9.086115992970123,0.6151783333333333,0.4282,41.66666666666667,8.333333333333332,50.0
6,2026-05-05,2026-06-02,TREND_DOWN,trend_score,liquidity_score,HIGH,HIGH,102,DOWN,56.86274509803921,46.291739894551846,10.571005203487365,-0.8645313725490196,-0.869,56.86274509803921,13.725490196078432,29.411764705882355
6,2026-05-05,2026-06-02,TREND_UP,trend_score,liquidity_score,LOW,LOW,37,DOWN,56.75675675675676,38.660356752821265,18.096400003935493,-0.7652081081081082,-1.4082,56.75675675675676,13.513513513513514,29.72972972972973
6,2026-05-05,2026-06-02,TREND_UP,trend_score,liquidity_score,LOW,HIGH,132,DOWN,59.84848484848485,38.660356752821265,21.18812809566359,-1.1325166666666668,-1.6265,59.84848484848485,9.848484848484848,30.303030303030305
6,2026-05-05,2026-06-02,TREND_UP,trend_score,liquidity_score,HIGH,LOW,86,DOWN,60.46511627906976,38.660356752821265,21.804759526248503,-1.0994197674418602,-2.0558,60.46511627906976,11.627906976744185,27.906976744186046
6,2026-05-05,2026-06-02,TREND_UP,trend_score,liquidity_score,HIGH,HIGH,137,DOWN,65.69343065693431,38.660356752821265,27.033073904113042,-1.6249795620437955,-2.0547,65.69343065693431,5.839416058394161,28.467153284671532
6,2026-05-05,2026-06-02,CHOPPY,momentum_score,volatility_score,LOW,LOW,96,DOWN,53.125,48.24858757062147,4.876412429378529,-0.5300291666666667,-0.7346,53.125,14.583333333333334,32.29166666666667
6,2026-05-05,2026-06-02,CHOPPY,momentum_score,volatility_score,LOW,HIGH,31,DOWN,51.61290322580645,48.24858757062147,3.3643156551849795,-0.5015,-0.5866,51.61290322580645,19.35483870967742,29.03225806451613
6,2026-05-05,2026-06-02,CHOPPY,momentum_score,volatility_score,HIGH,LOW,52,DOWN,51.92307692307693,48.24858757062147,3.6744893524554567,-0.4358923076923078,-0.5706,51.92307692307693,13.461538461538462,34.61538461538461
6,2026-05-05,2026-06-02,TREND_DOWN,momentum_score,volatility_score,LOW,LOW,196,UP,42.857142857142854,40.91388400702988,1.9432588501129777,0.41983316326530623,0.14075,41.3265306122449,15.816326530612246,42.857142857142854
6,2026-05-05,2026-06-02,TREND_DOWN,momentum_score,volatility_score,LOW,HIGH,68,DOWN,44.11764705882353,46.291739894551846,-2.1740928357283194,0.09534705882352948,-0.17105,44.11764705882353,14.705882352941178,41.17647058823529
6,2026-05-05,2026-06-02,TREND_DOWN,momentum_score,volatility_score,HIGH,LOW,95,DOWN,51.578947368421055,46.291739894551846,5.28720747386921,-0.5686926315789473,-0.564,51.578947368421055,13.684210526315791,34.73684210526316
6,2026-05-05,2026-06-02,TREND_DOWN,momentum_score,volatility_score,HIGH,HIGH,33,DOWN,51.515151515151516,46.291739894551846,5.223411620599666,-0.5035515151515152,-0.6133,51.515151515151516,21.21212121212121,27.27272727272727
6,2026-05-05,2026-06-02,TREND_UP,momentum_score,volatility_score,LOW,LOW,112,DOWN,56.25,38.660356752821265,17.58964324717874,-0.8868178571428572,-1.3140999999999998,56.25,7.142857142857142,36.607142857142854
6,2026-05-05,2026-06-02,TREND_UP,momentum_score,volatility_score,LOW,HIGH,51,DOWN,47.05882352941176,38.660356752821265,8.398466776590501,-0.00956078431372554,-0.4679,47.05882352941176,11.76470588235294,41.17647058823529
6,2026-05-05,2026-06-02,TREND_UP,momentum_score,volatility_score,HIGH,LOW,178,DOWN,69.10112359550563,38.660356752821265,30.440766842684358,-1.8498185393258426,-2.18145,69.10112359550563,10.112359550561797,20.786516853932586
6,2026-05-05,2026-06-02,TREND_UP,momentum_score,volatility_score,HIGH,HIGH,51,DOWN,62.745098039215684,38.660356752821265,24.084741286394422,-1.2921235294117648,-1.7158,62.745098039215684,7.8431372549019605,29.411764705882355
6,2026-05-05,2026-06-02,CHOPPY,momentum_score,liquidity_score,LOW,LOW,32,DOWN,46.875,48.24858757062147,-1.3735875706214706,0.21934374999999998,0.08775,46.875,12.5,40.625
6,2026-05-05,2026-06-02,CHOPPY,momentum_score,liquidity_score,LOW,HIGH,95,DOWN,54.736842105263165,48.24858757062147,6.48825453464169,-0.7731399999999999,-0.8791,54.736842105263165,16.842105263157894,28.421052631578945
6,2026-05-05,2026-06-02,CHOPPY,momentum_score,liquidity_score,HIGH,LOW,25,DOWN,52.0,48.24858757062147,3.751412429378531,-0.446768,-0.5187,52.0,12.0,36.0
6,2026-05-05,2026-06-02,CHOPPY,momentum_score,liquidity_score,HIGH,HIGH,44,DOWN,50.0,48.24858757062147,1.7514124293785294,-0.3795977272727274,-0.46585,50.0,15.909090909090908,34.090909090909086
6,2026-05-05,2026-06-02,TREND_DOWN,momentum_score,liquidity_score,LOW,LOW,78,DOWN,44.871794871794876,46.291739894551846,-1.4199450227569743,0.3404589743589744,-0.22415000000000002,44.871794871794876,14.102564102564102,41.02564102564102
6,2026-05-05,2026-06-02,TREND_DOWN,momentum_score,liquidity_score,LOW,HIGH,186,UP,43.01075268817204,40.91388400702988,2.0968686811421664,0.3344897849462366,0.1065,40.86021505376344,16.129032258064516,43.01075268817204
6,2026-05-05,2026-06-02,TREND_DOWN,momentum_score,liquidity_score,HIGH,LOW,33,DOWN,45.45454545454545,46.291739894551846,-0.8371944400063946,0.29133939393939384,-0.263,45.45454545454545,12.121212121212121,42.42424242424242
6,2026-05-05,2026-06-02,TREND_DOWN,momentum_score,liquidity_score,HIGH,HIGH,95,DOWN,53.68421052631579,46.291739894551846,7.392470631763942,-0.8448126315789474,-0.7493,53.68421052631579,16.842105263157894,29.47368421052631
6,2026-05-05,2026-06-02,TREND_UP,momentum_score,liquidity_score,LOW,LOW,40,DOWN,47.5,38.660356752821265,8.839643247178735,0.20956499999999995,-0.33089999999999997,47.5,7.5,45.0
6,2026-05-05,2026-06-02,TREND_UP,momentum_score,liquidity_score,LOW,HIGH,123,DOWN,55.28455284552846,38.660356752821265,16.624196092707194,-0.8796243902439025,-1.605,55.28455284552846,8.94308943089431,35.77235772357724
6,2026-05-05,2026-06-02,TREND_UP,momentum_score,liquidity_score,HIGH,LOW,83,DOWN,65.06024096385542,38.660356752821265,26.39988421103416,-1.5812698795180724,-2.1295,65.06024096385542,14.457831325301203,20.481927710843372
6,2026-05-05,2026-06-02,TREND_UP,momentum_score,liquidity_score,HIGH,HIGH,146,DOWN,69.17808219178082,38.660356752821265,30.51772543895956,-1.8076753424657537,-2.16825,69.17808219178082,6.8493150684931505,23.972602739726025
6,2026-05-05,2026-06-02,CHOPPY,volatility_score,liquidity_score,LOW,LOW,39,DOWN,53.84615384615385,48.24858757062147,5.5975662755323725,-0.3249435897435897,-0.752,53.84615384615385,10.256410256410255,35.8974358974359
6,2026-05-05,2026-06-02,CHOPPY,volatility_score,liquidity_score,LOW,HIGH,109,DOWN,52.293577981651374,48.24858757062147,4.044990411029903,-0.5584990825688074,-0.6208,52.293577981651374,15.59633027522936,32.11009174311927
6,2026-05-05,2026-06-02,CHOPPY,volatility_score,liquidity_score,HIGH,HIGH,30,DOWN,56.666666666666664,48.24858757062147,8.418079096045194,-0.9758066666666667,-1.0282,56.666666666666664,20.0,23.333333333333332
6,2026-05-05,2026-06-02,TREND_DOWN,volatility_score,liquidity_score,LOW,LOW,71,DOWN,47.88732394366197,46.291739894551846,1.5955840491101214,0.11084507042253522,-0.4021,47.88732394366197,15.492957746478872,36.61971830985916
6,2026-05-05,2026-06-02,TREND_DOWN,volatility_score,liquidity_score,LOW,HIGH,220,DOWN,43.63636363636363,46.291739894551846,-2.6553762581882134,0.09268863636363636,0.0075,43.63636363636363,15.0,41.36363636363637
6,2026-05-05,2026-06-02,TREND_DOWN,volatility_score,liquidity_score,HIGH,LOW,40,UP,50.0,40.91388400702988,9.086115992970123,0.7074999999999999,0.28375,40.0,10.0,50.0
6,2026-05-05,2026-06-02,TREND_DOWN,volatility_score,liquidity_score,HIGH,HIGH,61,DOWN,50.81967213114754,46.291739894551846,4.527932236595694,-0.6300590163934426,-0.5307,50.81967213114754,21.311475409836063,27.86885245901639
6,2026-05-05,2026-06-02,TREND_UP,volatility_score,liquidity_score,LOW,LOW,81,DOWN,66.66666666666666,38.660356752821265,28.0063099138454,-1.5995530864197534,-2.1577,66.66666666666666,12.345679012345679,20.98765432098765
6,2026-05-05,2026-06-02,TREND_UP,volatility_score,liquidity_score,LOW,HIGH,209,DOWN,63.1578947368421,38.660356752821265,24.49753798402084,-1.4307535885167466,-1.7705,63.1578947368421,7.655502392344498,29.1866028708134
6,2026-05-05,2026-06-02,TREND_UP,volatility_score,liquidity_score,HIGH,LOW,42,DOWN,45.23809523809524,38.660356752821265,6.577738485273976,0.15954761904761908,-0.05040000000000001,45.23809523809524,11.904761904761903,42.857142857142854
6,2026-05-05,2026-06-02,TREND_UP,volatility_score,liquidity_score,HIGH,HIGH,60,DOWN,61.66666666666667,38.660356752821265,23.006309913845406,-1.218115,-1.9963000000000002,61.66666666666667,8.333333333333332,30.0
7,2026-06-03,2026-07-01,CHOPPY,change_pct,intelligence_score,LOW,LOW,45,UP,57.77777777777777,38.02035152636448,19.757426251413296,1.6694688888888891,0.9436,35.55555555555556,6.666666666666667,57.77777777777777
7,2026-06-03,2026-07-01,CHOPPY,change_pct,intelligence_score,LOW,HIGH,31,UP,54.83870967741935,38.02035152636448,16.818358151054873,1.3185967741935485,1.1215,22.58064516129032,22.58064516129032,54.83870967741935
7,2026-06-03,2026-07-01,CHOPPY,change_pct,intelligence_score,HIGH,LOW,23,UP,52.17391304347826,38.02035152636448,14.153561517113783,-0.2708608695652174,0.5249,30.434782608695656,17.391304347826086,52.17391304347826
7,2026-06-03,2026-07-01,CHOPPY,change_pct,intelligence_score,HIGH,HIGH,48,UP,54.166666666666664,38.02035152636448,16.146315140302185,0.8508291666666667,0.8833,20.833333333333336,25.0,54.166666666666664
7,2026-06-03,2026-07-01,TREND_DOWN,change_pct,intelligence_score,LOW,LOW,194,UP,56.18556701030928,40.71671300586963,15.468854004439647,1.5494999999999997,1.0953,33.50515463917525,10.309278350515463,56.18556701030928
7,2026-06-03,2026-07-01,TREND_DOWN,change_pct,intelligence_score,LOW,HIGH,73,UP,47.94520547945205,40.71671300586963,7.2284924735824205,0.0506945205479452,0.2636,45.20547945205479,6.8493150684931505,47.94520547945205
7,2026-06-03,2026-07-01,TREND_DOWN,change_pct,intelligence_score,HIGH,LOW,98,UP,58.16326530612245,40.71671300586963,17.446552300252815,1.1480989795918368,1.23745,30.612244897959183,11.224489795918368,58.16326530612245
7,2026-06-03,2026-07-01,TREND_DOWN,change_pct,intelligence_score,HIGH,HIGH,76,UP,59.210526315789465,40.71671300586963,18.493813309919837,1.1508052631578949,1.9502000000000002,35.526315789473685,5.263157894736842,59.210526315789465
7,2026-06-03,2026-07-01,TREND_UP,change_pct,intelligence_score,LOW,LOW,87,UP,50.57471264367817,43.963045555909524,6.611667087768641,0.5730689655172414,0.5012,37.93103448275862,11.494252873563218,50.57471264367817
7,2026-06-03,2026-07-01,TREND_UP,change_pct,intelligence_score,LOW,HIGH,52,UP,48.07692307692308,43.963045555909524,4.113877521013554,0.07351538461538458,0.295,42.30769230769231,9.615384615384617,48.07692307692308
7,2026-06-03,2026-07-01,TREND_UP,change_pct,intelligence_score,HIGH,LOW,91,DOWN,50.54945054945055,41.54189232239567,9.00755822705488,-0.5862802197802197,-0.5582,50.54945054945055,17.582417582417584,31.868131868131865
7,2026-06-03,2026-07-01,TREND_UP,change_pct,intelligence_score,HIGH,HIGH,162,DOWN,47.53086419753087,41.54189232239567,5.988971875135196,-0.1653283950617284,-0.28245,47.53086419753087,13.580246913580247,38.88888888888889
7,2026-06-03,2026-07-01,CHOPPY,change_pct,relative_strength,LOW,LOW,71,UP,56.33802816901409,38.02035152636448,18.317676642649612,1.464757746478873,1.1215,29.577464788732392,14.084507042253522,56.33802816901409
7,2026-06-03,2026-07-01,CHOPPY,change_pct,relative_strength,HIGH,HIGH,62,UP,58.06451612903226,38.02035152636448,20.044164602667784,0.6640048387096773,0.8886000000000001,24.193548387096776,17.741935483870968,58.06451612903226
7,2026-06-03,2026-07-01,TREND_DOWN,change_pct,relative_strength,LOW,LOW,217,UP,56.68202764976959,40.71671300586963,15.965314643899953,1.3557129032258066,1.0907,35.02304147465438,8.294930875576037,56.68202764976959
7,2026-06-03,2026-07-01,TREND_DOWN,change_pct,relative_strength,LOW,HIGH,50,DOWN,44.0,46.15384615384615,-2.153846153846156,0.20228000000000002,-0.19755,44.0,14.000000000000002,42.0
7,2026-06-03,2026-07-01,TREND_DOWN,change_pct,relative_strength,HIGH,HIGH,167,UP,59.2814371257485,40.71671300586963,18.56472411987887,1.1878592814371256,1.4473,32.33532934131736,8.383233532934131,59.2814371257485
7,2026-06-03,2026-07-01,TREND_UP,change_pct,relative_strength,LOW,LOW,128,UP,50.78125,43.963045555909524,6.818204444090475,0.48367109375,0.52855,38.28125,10.9375,50.78125
7,2026-06-03,2026-07-01,TREND_UP,change_pct,relative_strength,HIGH,LOW,80,UP,42.5,43.963045555909524,-1.4630455559095257,0.0899125000000001,0.0245,40.0,17.5,42.5
7,2026-06-03,2026-07-01,TREND_UP,change_pct,relative_strength,HIGH,HIGH,173,DOWN,52.601156069364166,41.54189232239567,11.059263746968496,-0.5047843930635838,-0.6439,52.601156069364166,13.872832369942195,33.52601156069364
7,2026-06-03,2026-07-01,CHOPPY,change_pct,trend_score,LOW,LOW,41,UP,56.09756097560976,38.02035152636448,18.077209449245284,1.518236585365854,0.9436,34.146341463414636,9.75609756097561,56.09756097560976
7,2026-06-03,2026-07-01,CHOPPY,change_pct,trend_score,LOW,HIGH,35,UP,57.14285714285714,38.02035152636448,19.122505616492663,1.5358542857142856,1.1215,25.71428571428571,17.142857142857142,57.14285714285714
7,2026-06-03,2026-07-01,CHOPPY,change_pct,trend_score,HIGH,HIGH,52,UP,55.769230769230774,38.02035152636448,17.748879242866295,0.9067826923076923,0.8833,19.230769230769234,25.0,55.769230769230774
7,2026-06-03,2026-07-01,TREND_DOWN,change_pct,trend_score,LOW,LOW,187,UP,59.893048128342244,40.71671300586963,19.176335122472608,1.8719475935828875,1.2999,31.550802139037433,8.55614973262032,59.893048128342244
7,2026-06-03,2026-07-01,TREND_DOWN,change_pct,trend_score,LOW,HIGH,80,DOWN,48.75,46.15384615384615,2.5961538461538423,-0.5718812499999999,-0.41345,48.75,11.25,40.0
7,2026-06-03,2026-07-01,TREND_DOWN,change_pct,trend_score,HIGH,LOW,103,UP,58.252427184466015,40.71671300586963,17.535714178596386,1.232880582524272,1.2952,32.038834951456316,9.70873786407767,58.252427184466015
7,2026-06-03,2026-07-01,TREND_DOWN,change_pct,trend_score,HIGH,HIGH,71,UP,59.154929577464785,40.71671300586963,18.438216571595156,1.0280028169014086,1.7996,33.80281690140845,7.042253521126761,59.154929577464785
7,2026-06-03,2026-07-01,TREND_UP,change_pct,trend_score,LOW,LOW,70,UP,52.85714285714286,43.963045555909524,8.894097301233334,0.6904257142857144,0.6650499999999999,37.142857142857146,10.0,52.85714285714286
7,2026-06-03,2026-07-01,TREND_UP,change_pct,trend_score,LOW,HIGH,69,UP,46.3768115942029,43.963045555909524,2.4137660382933745,0.077536231884058,0.1274,42.028985507246375,11.594202898550725,46.3768115942029
7,2026-06-03,2026-07-01,TREND_UP,change_pct,trend_score,HIGH,LOW,96,UP,48.95833333333333,43.963045555909524,4.9952877774238065,0.06665312500000008,0.38405,43.75,7.291666666666667,48.95833333333333
7,2026-06-03,2026-07-01,TREND_UP,change_pct,trend_score,HIGH,HIGH,157,DOWN,51.59235668789809,41.54189232239567,10.050464365502421,-0.5511681528662422,-0.5657,51.59235668789809,19.745222929936308,28.662420382165603
7,2026-06-03,2026-07-01,CHOPPY,change_pct,momentum_score,LOW,LOW,75,UP,57.333333333333336,38.02035152636448,19.31298180696886,1.5608360000000001,1.1215,29.333333333333332,13.333333333333334,57.333333333333336
7,2026-06-03,2026-07-01,CHOPPY,change_pct,momentum_score,HIGH,HIGH,59,UP,55.932203389830505,38.02035152636448,17.911851863466026,0.5864542372881357,0.9009,23.728813559322035,20.33898305084746,55.932203389830505
7,2026-06-03,2026-07-01,TREND_DOWN,change_pct,momentum_score,LOW,LOW,261,UP,53.63984674329502,40.71671300586963,12.923133737425385,1.1349639846743296,0.8612,36.7816091954023,9.578544061302683,53.63984674329502
7,2026-06-03,2026-07-01,TREND_DOWN,change_pct,momentum_score,HIGH,LOW,39,UP,51.28205128205128,40.71671300586963,10.565338276181645,0.5120743589743589,0.6706,35.8974358974359,12.82051282051282,51.28205128205128
7,2026-06-03,2026-07-01,TREND_DOWN,change_pct,momentum_score,HIGH,HIGH,135,UP,60.74074074074074,40.71671300586963,20.024027734871108,1.3333629629629626,1.7848,31.851851851851855,7.4074074074074066,60.74074074074074
7,2026-06-03,2026-07-01,TREND_UP,change_pct,momentum_score,LOW,LOW,102,UP,53.92156862745098,43.963045555909524,9.958523071541453,0.6029745098039216,0.7090000000000001,35.294117647058826,10.784313725490197,53.92156862745098
7,2026-06-03,2026-07-01,TREND_UP,change_pct,momentum_score,LOW,HIGH,37,DOWN,51.35135135135135,41.54189232239567,9.809459028955681,-0.21144864864864862,-0.7374,51.35135135135135,10.81081081081081,37.83783783783784
7,2026-06-03,2026-07-01,TREND_UP,change_pct,momentum_score,HIGH,LOW,20,DOWN,45.0,41.54189232239567,3.4581076776043327,-0.43931000000000003,-0.1404,45.0,15.0,40.0
7,2026-06-03,2026-07-01,TREND_UP,change_pct,momentum_score,HIGH,HIGH,233,DOWN,48.927038626609445,41.54189232239567,7.385146304213775,-0.3062167381974249,-0.4007,48.927038626609445,15.021459227467812,36.05150214592275
7,2026-06-03,2026-07-01,CHOPPY,change_pct,volatility_score,LOW,LOW,37,UP,59.45945945945946,38.02035152636448,21.439107933094988,1.5431324324324325,0.8039,29.72972972972973,10.81081081081081,59.45945945945946
7,2026-06-03,2026-07-01,CHOPPY,change_pct,volatility_score,LOW,HIGH,39,UP,53.84615384615385,38.02035152636448,15.825802319789368,1.5104282051282052,1.3124,30.76923076923077,15.384615384615385,53.84615384615385
7,2026-06-03,2026-07-01,CHOPPY,change_pct,volatility_score,HIGH,LOW,34,UP,55.88235294117647,38.02035152636448,17.862001414811996,0.2616205882352941,1.2058,29.411764705882355,14.705882352941178,55.88235294117647
7,2026-06-03,2026-07-01,CHOPPY,change_pct,volatility_score,HIGH,HIGH,37,UP,51.35135135135135,38.02035152636448,13.330999824986872,0.6949972972972974,0.5249,18.91891891891892,29.72972972972973,51.35135135135135
7,2026-06-03,2026-07-01,TREND_DOWN,change_pct,volatility_score,LOW,LOW,154,UP,47.4025974025974,40.71671300586963,6.68588439672777,0.6628357142857141,0.2572,43.506493506493506,9.090909090909092,47.4025974025974
7,2026-06-03,2026-07-01,TREND_DOWN,change_pct,volatility_score,LOW,HIGH,113,UP,62.83185840707964,40.71671300586963,22.11514540121001,1.7896194690265488,2.18,27.43362831858407,9.734513274336283,62.83185840707964
7,2026-06-03,2026-07-01,TREND_DOWN,change_pct,volatility_score,HIGH,LOW,77,DOWN,46.75324675324675,46.15384615384615,0.5994005994005958,0.3461584415584416,-0.2976,46.75324675324675,7.792207792207792,45.45454545454545
7,2026-06-03,2026-07-01,TREND_DOWN,change_pct,volatility_score,HIGH,HIGH,97,UP,69.0721649484536,40.71671300586963,28.355451942583976,1.7868113402061852,1.9033,21.649484536082475,9.278350515463918,69.0721649484536
7,2026-06-03,2026-07-01,TREND_UP,change_pct,volatility_score,LOW,LOW,60,DOWN,45.0,41.54189232239567,3.4581076776043327,0.2060566666666667,0.02495,45.0,11.666666666666666,43.333333333333336
7,2026-06-03,2026-07-01,TREND_UP,change_pct,volatility_score,LOW,HIGH,79,UP,54.43037974683544,43.963045555909524,10.46733419092592,0.522992405063291,0.8085,35.44303797468354,10.126582278481013,54.43037974683544
7,2026-06-03,2026-07-01,TREND_UP,change_pct,volatility_score,HIGH,LOW,129,DOWN,51.162790697674424,41.54189232239567,9.620898375278752,-0.4369294573643412,-0.5657,51.162790697674424,15.503875968992247,33.33333333333333
7,2026-06-03,2026-07-01,TREND_UP,change_pct,volatility_score,HIGH,HIGH,124,DOWN,45.96774193548387,41.54189232239567,4.425849613088201,-0.19169999999999998,-0.10305,45.96774193548387,14.516129032258066,39.516129032258064
7,2026-06-03,2026-07-01,CHOPPY,change_pct,liquidity_score,LOW,LOW,29,UP,68.96551724137932,38.02035152636448,30.945165715014838,2.4015586206896553,2.3567,24.137931034482758,6.896551724137931,68.96551724137932
7,2026-06-03,2026-07-01,CHOPPY,change_pct,liquidity_score,LOW,HIGH,47,UP,48.93617021276596,38.02035152636448,10.91581868640148,0.986327659574468,0.4402,34.04255319148936,17.02127659574468,48.93617021276596
7,2026-06-03,2026-07-01,CHOPPY,change_pct,liquidity_score,HIGH,LOW,24,UP,62.5,38.02035152636448,24.479648473635525,0.7296166666666667,0.91835,16.666666666666664,20.833333333333336,62.5
7,2026-06-03,2026-07-01,CHOPPY,change_pct,liquidity_score,HIGH,HIGH,47,UP,48.93617021276596,38.02035152636448,10.91581868640148,0.3638127659574469,0.4772,27.659574468085108,23.404255319148938,48.93617021276596
7,2026-06-03,2026-07-01,TREND_DOWN,change_pct,liquidity_score,LOW,LOW,81,UP,59.25925925925925,40.71671300586963,18.542546253389624,1.8363111111111114,1.8787,34.5679012345679,6.172839506172839,59.25925925925925
7,2026-06-03,2026-07-01,TREND_DOWN,change_pct,liquidity_score,LOW,HIGH,186,UP,51.61290322580645,40.71671300586963,10.89619021993682,0.8363575268817203,0.68725,37.634408602150536,10.75268817204301,51.61290322580645
7,2026-06-03,2026-07-01,TREND_DOWN,change_pct,liquidity_score,HIGH,LOW,64,UP,65.625,40.71671300586963,24.908286994130368,1.512090625,1.6312000000000002,23.4375,10.9375,65.625
7,2026-06-03,2026-07-01,TREND_DOWN,change_pct,liquidity_score,HIGH,HIGH,110,UP,54.54545454545454,40.71671300586963,13.828741539584911,0.9381918181818183,1.2759,38.18181818181819,7.2727272727272725,54.54545454545454
7,2026-06-03,2026-07-01,TREND_UP,change_pct,liquidity_score,LOW,LOW,57,UP,50.877192982456144,43.963045555909524,6.914147426546618,0.4772964912280702,0.5012,36.84210526315789,12.280701754385964,50.877192982456144
7,2026-06-03,2026-07-01,TREND_UP,change_pct,liquidity_score,LOW,HIGH,82,UP,48.78048780487805,43.963045555909524,4.817442248968523,0.32285243902439026,0.4032,41.46341463414634,9.75609756097561,48.78048780487805
7,2026-06-03,2026-07-01,TREND_UP,change_pct,liquidity_score,HIGH,LOW,89,DOWN,42.69662921348314,41.54189232239567,1.1547368910874767,0.1286775280898877,-0.1008,42.69662921348314,21.34831460674157,35.95505617977528
7,2026-06-03,2026-07-01,TREND_UP,change_pct,liquidity_score,HIGH,HIGH,164,DOWN,51.829268292682926,41.54189232239567,10.287375970287261,-0.5584573170731708,-0.7082999999999999,51.829268292682926,11.585365853658537,36.58536585365854
7,2026-06-03,2026-07-01,CHOPPY,intelligence_score,relative_strength,LOW,LOW,44,UP,54.54545454545454,38.02035152636448,16.525103019090064,1.2391772727272725,0.87375,36.36363636363637,9.090909090909092,54.54545454545454
7,2026-06-03,2026-07-01,CHOPPY,intelligence_score,relative_strength,LOW,HIGH,24,UP,58.333333333333336,38.02035152636448,20.31298180696886,0.5988541666666666,0.60815,29.166666666666668,12.5,58.333333333333336
7,2026-06-03,2026-07-01,CHOPPY,intelligence_score,relative_strength,HIGH,LOW,36,UP,50.0,38.02035152636448,11.979648473635523,1.1921027777777775,0.56505,19.444444444444446,30.555555555555557,50.0
7,2026-06-03,2026-07-01,CHOPPY,intelligence_score,relative_strength,HIGH,HIGH,43,UP,58.139534883720934,38.02035152636448,20.11918335735646,0.9023395348837209,0.9604,23.25581395348837,18.6046511627907,58.139534883720934
7,2026-06-03,2026-07-01,TREND_DOWN,intelligence_score,relative_strength,LOW,LOW,171,UP,59.06432748538012,40.71671300586963,18.347614479510487,1.7980286549707598,1.2932,32.748538011695906,8.187134502923977,59.06432748538012
7,2026-06-03,2026-07-01,TREND_DOWN,intelligence_score,relative_strength,LOW,HIGH,121,UP,53.71900826446281,40.71671300586963,13.002295258593177,0.8731719008264464,0.8788,32.231404958677686,14.049586776859504,53.71900826446281
7,2026-06-03,2026-07-01,TREND_DOWN,intelligence_score,relative_strength,HIGH,LOW,53,UP,47.16981132075472,40.71671300586963,6.453098314885086,-0.22020377358490573,0.2636,43.39622641509434,9.433962264150944,47.16981132075472
7,2026-06-03,2026-07-01,TREND_DOWN,intelligence_score,relative_strength,HIGH,HIGH,96,UP,57.291666666666664,40.71671300586963,16.574953660797032,1.0711739583333333,1.82415,38.54166666666667,4.166666666666666,57.291666666666664
7,2026-06-03,2026-07-01,TREND_UP,intelligence_score,relative_strength,LOW,LOW,114,UP,47.368421052631575,43.963045555909524,3.4053754967220518,0.5230421052631578,0.38405,38.59649122807017,14.035087719298245,47.368421052631575
7,2026-06-03,2026-07-01,TREND_UP,intelligence_score,relative_strength,LOW,HIGH,64,DOWN,54.6875,41.54189232239567,13.145607677604332,-0.9862703125,-0.8322,54.6875,15.625,29.6875
7,2026-06-03,2026-07-01,TREND_UP,intelligence_score,relative_strength,HIGH,LOW,94,UP,47.87234042553192,43.963045555909524,3.909294869622393,0.1008095744680851,0.32915,39.361702127659576,12.76595744680851,47.87234042553192
7,2026-06-03,2026-07-01,TREND_UP,intelligence_score,relative_strength,HIGH,HIGH,120,DOWN,51.66666666666667,41.54189232239567,10.124774344271003,-0.2703041666666667,-0.5918,51.66666666666667,12.5,35.833333333333336
7,2026-06-03,2026-07-01,CHOPPY,intelligence_score,trend_score,LOW,LOW,52,UP,51.92307692307693,38.02035152636448,13.902725396712452,0.7120403846153847,0.60815,40.38461538461539,7.6923076923076925,51.92307692307693
7,2026-06-03,2026-07-01,CHOPPY,intelligence_score,trend_score,HIGH,HIGH,71,UP,53.52112676056338,38.02035152636448,15.5007752341989,0.9723577464788733,0.8657,23.943661971830984,22.535211267605636,53.52112676056338
7,2026-06-03,2026-07-01,TREND_DOWN,intelligence_score,trend_score,LOW,LOW,254,UP,58.26771653543307,40.71671300586963,17.551003529563435,1.6101496062992129,1.1997499999999999,31.496062992125985,10.236220472440944,58.26771653543307
7,2026-06-03,2026-07-01,TREND_DOWN,intelligence_score,trend_score,LOW,HIGH,38,UP,47.368421052631575,40.71671300586963,6.651708046761945,0.10891315789473684,0.2186,39.473684210526315,13.157894736842104,47.368421052631575
7,2026-06-03,2026-07-01,TREND_DOWN,intelligence_score,trend_score,HIGH,LOW,36,UP,66.66666666666666,40.71671300586963,25.949953660797032,1.8906361111111114,2.1833,33.33333333333333,0.0,66.66666666666666
7,2026-06-03,2026-07-01,TREND_DOWN,intelligence_score,trend_score,HIGH,HIGH,113,UP,49.557522123893804,40.71671300586963,8.840809118024174,0.20441592920353985,0.4063,42.47787610619469,7.964601769911504,49.557522123893804
7,2026-06-03,2026-07-01,TREND_UP,intelligence_score,trend_score,LOW,LOW,125,DOWN,44.800000000000004,41.54189232239567,3.2581076776043325,0.015856800000000077,0.0296,44.800000000000004,11.200000000000001,44.0
7,2026-06-03,2026-07-01,TREND_UP,intelligence_score,trend_score,LOW,HIGH,53,DOWN,43.39622641509434,41.54189232239567,1.8543340926986729,-0.10333207547169812,-0.1525,43.39622641509434,22.641509433962266,33.9622641509434
7,2026-06-03,2026-07-01,TREND_UP,intelligence_score,trend_score,HIGH,LOW,41,UP,70.73170731707317,43.963045555909524,26.768661761163642,1.28649756097561,1.6116,29.268292682926827,0.0,70.73170731707317
7,2026-06-03,2026-07-01,TREND_UP,intelligence_score,trend_score,HIGH,HIGH,173,DOWN,50.28901734104046,41.54189232239567,8.747125018644796,-0.4376115606936416,-0.5278,50.28901734104046,15.606936416184972,34.104046242774565
7,2026-06-03,2026-07-01,CHOPPY,intelligence_score,momentum_score,LOW,LOW,53,UP,58.490566037735846,38.02035152636448,20.47021451137137,1.4468056603773582,0.8763,33.9622641509434,7.547169811320755,58.490566037735846
7,2026-06-03,2026-07-01,CHOPPY,intelligence_score,momentum_score,HIGH,LOW,34,UP,50.0,38.02035152636448,11.979648473635523,1.1879764705882352,0.56505,20.588235294117645,29.411764705882355,50.0
7,2026-06-03,2026-07-01,CHOPPY,intelligence_score,momentum_score,HIGH,HIGH,45,UP,57.77777777777777,38.02035152636448,19.757426251413296,0.9183355555555553,0.9604,22.22222222222222,20.0,57.77777777777777
7,2026-06-03,2026-07-01,TREND_DOWN,intelligence_score,momentum_score,LOW,LOW,226,UP,55.75221238938053,40.71671300586963,15.035499383510897,1.40813407079646,1.02595,33.1858407079646,11.061946902654867,55.75221238938053
7,2026-06-03,2026-07-01,TREND_DOWN,intelligence_score,momentum_score,LOW,HIGH,66,UP,60.60606060606061,40.71671300586963,19.889347600190977,1.4375515151515152,1.38165,30.303030303030305,9.090909090909092,60.60606060606061
7,2026-06-03,2026-07-01,TREND_DOWN,intelligence_score,momentum_score,HIGH,LOW,74,DOWN,47.2972972972973,46.15384615384615,1.1434511434511407,-0.027591891891891818,0.001899999999999999,47.2972972972973,6.756756756756757,45.94594594594595
7,2026-06-03,2026-07-01,TREND_DOWN,intelligence_score,momentum_score,HIGH,HIGH,75,UP,61.33333333333333,40.71671300586963,20.616620327463696,1.2427160000000002,2.1905,33.33333333333333,5.333333333333334,61.33333333333333
7,2026-06-03,2026-07-01,TREND_UP,intelligence_score,momentum_score,LOW,LOW,89,UP,51.68539325842697,43.963045555909524,7.722347702517446,0.530047191011236,0.6734,35.95505617977528,12.359550561797752,51.68539325842697
7,2026-06-03,2026-07-01,TREND_UP,intelligence_score,momentum_score,LOW,HIGH,89,DOWN,52.80898876404494,41.54189232239567,11.267096441649272,-0.5693112359550561,-0.7142,52.80898876404494,16.853932584269664,30.337078651685395
7,2026-06-03,2026-07-01,TREND_UP,intelligence_score,momentum_score,HIGH,LOW,33,UP,51.515151515151516,43.963045555909524,7.552105959241989,0.1679696969696969,0.6567,39.39393939393939,9.090909090909092,51.515151515151516
7,2026-06-03,2026-07-01,TREND_UP,intelligence_score,momentum_score,HIGH,HIGH,181,DOWN,47.51381215469613,41.54189232239567,5.971919832300465,-0.1574773480662983,-0.227,47.51381215469613,13.259668508287293,39.226519337016576
7,2026-06-03,2026-07-01,CHOPPY,intelligence_score,volatility_score,LOW,LOW,29,DOWN,48.275862068965516,48.93617021276596,-0.6603081438004366,-0.056396551724137996,-0.4196,48.275862068965516,6.896551724137931,44.827586206896555
7,2026-06-03,2026-07-01,CHOPPY,intelligence_score,volatility_score,LOW,HIGH,39,UP,64.1025641025641,38.02035152636448,26.08221257619963,1.8085076923076921,1.3124,23.076923076923077,12.82051282051282,64.1025641025641
7,2026-06-03,2026-07-01,CHOPPY,intelligence_score,volatility_score,HIGH,LOW,42,UP,66.66666666666666,38.02035152636448,28.646315140302185,1.610154761904762,1.4496,16.666666666666664,16.666666666666664,66.66666666666666
7,2026-06-03,2026-07-01,CHOPPY,intelligence_score,volatility_score,HIGH,HIGH,37,UP,40.54054054054054,38.02035152636448,2.5201890141760663,0.38080540540540536,0.1544,27.027027027027028,32.432432432432435,40.54054054054054
7,2026-06-03,2026-07-01,TREND_DOWN,intelligence_score,volatility_score,LOW,LOW,156,UP,46.15384615384615,40.71671300586963,5.437133147976525,0.9052493589743591,0.1049,42.30769230769231,11.538461538461538,46.15384615384615
7,2026-06-03,2026-07-01,TREND_DOWN,intelligence_score,volatility_score,LOW,HIGH,136,UP,69.11764705882352,40.71671300586963,28.400934052953897,1.9992485294117643,2.2174,21.323529411764707,9.558823529411764,69.11764705882352
7,2026-06-03,2026-07-01,TREND_DOWN,intelligence_score,volatility_score,HIGH,LOW,75,DOWN,49.333333333333336,46.15384615384615,3.179487179487178,-0.1665066666666667,-0.4221,49.333333333333336,2.666666666666667,48.0
7,2026-06-03,2026-07-01,TREND_DOWN,intelligence_score,volatility_score,HIGH,HIGH,74,UP,59.45945945945946,40.71671300586963,18.74274645358983,1.400674324324324,1.3889,31.08108108108108,9.45945945945946,59.45945945945946
7,2026-06-03,2026-07-01,TREND_UP,intelligence_score,volatility_score,LOW,LOW,75,DOWN,56.00000000000001,41.54189232239567,14.458107677604337,-0.7369266666666665,-0.9701,56.00000000000001,16.0,28.000000000000004
7,2026-06-03,2026-07-01,TREND_UP,intelligence_score,volatility_score,LOW,HIGH,103,UP,50.48543689320388,43.963045555909524,6.5223913372943585,0.5026699029126214,0.5012,35.92233009708738,13.592233009708737,50.48543689320388
7,2026-06-03,2026-07-01,TREND_UP,intelligence_score,volatility_score,HIGH,LOW,114,DOWN,44.73684210526316,41.54189232239567,3.19494978286749,0.09885087719298247,-0.16899999999999998,44.73684210526316,13.157894736842104,42.10526315789473
7,2026-06-03,2026-07-01,TREND_UP,intelligence_score,volatility_score,HIGH,HIGH,100,DOWN,48.0,41.54189232239567,6.45810767760433,-0.34229400000000004,-0.17495,48.0,12.0,40.0
7,2026-06-03,2026-07-01,CHOPPY,intelligence_score,liquidity_score,LOW,LOW,38,UP,65.78947368421053,38.02035152636448,27.769122157846056,1.980492105263158,1.5728,21.052631578947366,13.157894736842104,65.78947368421053
7,2026-06-03,2026-07-01,CHOPPY,intelligence_score,liquidity_score,LOW,HIGH,30,DOWN,50.0,48.93617021276596,1.063829787234044,-0.21207999999999996,-0.48535,50.0,6.666666666666667,43.333333333333336
7,2026-06-03,2026-07-01,CHOPPY,intelligence_score,liquidity_score,HIGH,HIGH,64,UP,51.5625,38.02035152636448,13.542148473635523,1.0909218750000003,0.623,21.875,26.5625,51.5625
7,2026-06-03,2026-07-01,TREND_DOWN,intelligence_score,liquidity_score,LOW,LOW,119,UP,62.18487394957983,40.71671300586963,21.468160943710203,1.8682445378151262,1.7996,29.411764705882355,8.403361344537815,62.18487394957983
7,2026-06-03,2026-07-01,TREND_DOWN,intelligence_score,liquidity_score,LOW,HIGH,173,UP,53.179190751445084,40.71671300586963,12.462477745575452,1.1028647398843934,0.7543,34.68208092485549,12.138728323699421,53.179190751445084
7,2026-06-03,2026-07-01,TREND_DOWN,intelligence_score,liquidity_score,HIGH,LOW,26,UP,61.53846153846154,40.71671300586963,20.82174853259191,0.8920730769230766,1.28895,30.76923076923077,7.6923076923076925,61.53846153846154
7,2026-06-03,2026-07-01,TREND_DOWN,intelligence_score,liquidity_score,HIGH,HIGH,123,UP,52.03252032520326,40.71671300586963,11.315807319333626,0.5525853658536586,0.7152,42.27642276422765,5.691056910569105,52.03252032520326
7,2026-06-03,2026-07-01,TREND_UP,intelligence_score,liquidity_score,LOW,LOW,102,UP,44.11764705882353,43.963045555909524,0.15460150291400354,0.4412833333333333,0.17220000000000002,38.23529411764706,17.647058823529413,44.11764705882353
7,2026-06-03,2026-07-01,TREND_UP,intelligence_score,liquidity_score,LOW,HIGH,76,DOWN,52.63157894736842,41.54189232239567,11.08968662497275,-0.6382289473684208,-0.9161999999999999,52.63157894736842,10.526315789473683,36.84210526315789
7,2026-06-03,2026-07-01,TREND_UP,intelligence_score,liquidity_score,HIGH,LOW,44,DOWN,45.45454545454545,41.54189232239567,3.912653132149785,-0.14437954545454545,-0.13845000000000002,45.45454545454545,18.181818181818183,36.36363636363637
7,2026-06-03,2026-07-01,TREND_UP,intelligence_score,liquidity_score,HIGH,HIGH,170,DOWN,46.470588235294116,41.54189232239567,4.928695912898451,-0.09769235294117652,-0.178,46.470588235294116,11.176470588235295,42.35294117647059
7,2026-06-03,2026-07-01,CHOPPY,relative_strength,trend_score,LOW,LOW,40,UP,55.00000000000001,38.02035152636448,16.979648473635528,1.199675,1.08525,35.0,10.0,55.00000000000001
7,2026-06-03,2026-07-01,CHOPPY,relative_strength,trend_score,LOW,HIGH,40,UP,50.0,38.02035152636448,11.979648473635523,1.2363125000000001,0.54495,22.5,27.500000000000004,50.0
7,2026-06-03,2026-07-01,CHOPPY,relative_strength,trend_score,HIGH,LOW,20,UP,50.0,38.02035152636448,11.979648473635523,0.08589999999999995,0.33635,35.0,15.0,50.0
7,2026-06-03,2026-07-01,CHOPPY,relative_strength,trend_score,HIGH,HIGH,47,UP,61.702127659574465,38.02035152636448,23.681776133209993,1.0947893617021276,1.1041,21.27659574468085,17.02127659574468,61.702127659574465
7,2026-06-03,2026-07-01,TREND_DOWN,relative_strength,trend_score,LOW,LOW,163,UP,62.57668711656442,40.71671300586963,21.85997411069479,2.105249079754601,1.8787,30.67484662576687,6.748466257668712,62.57668711656442
7,2026-06-03,2026-07-01,TREND_DOWN,relative_strength,trend_score,LOW,HIGH,61,DOWN,47.540983606557376,46.15384615384615,1.387137452711218,-0.7764508196721311,-0.2122,47.540983606557376,13.114754098360656,39.34426229508197
7,2026-06-03,2026-07-01,TREND_DOWN,relative_strength,trend_score,HIGH,LOW,127,UP,55.118110236220474,40.71671300586963,14.401397230350844,1.0542149606299214,0.9338,33.07086614173229,11.811023622047244,55.118110236220474
7,2026-06-03,2026-07-01,TREND_DOWN,relative_strength,trend_score,HIGH,HIGH,90,UP,55.55555555555556,40.71671300586963,14.838842549685927,0.8289022222222223,1.38165,37.77777777777778,6.666666666666667,55.55555555555556
7,2026-06-03,2026-07-01,TREND_UP,relative_strength,trend_score,LOW,LOW,95,UP,54.736842105263165,43.963045555909524,10.773796549353637,0.7908515789473686,0.7388,34.73684210526316,10.526315789473683,54.736842105263165
7,2026-06-03,2026-07-01,TREND_UP,relative_strength,trend_score,LOW,HIGH,113,DOWN,42.47787610619469,41.54189232239567,0.9359837837990215,-0.05334513274336279,-0.1,42.47787610619469,15.929203539823009,41.5929203539823
7,2026-06-03,2026-07-01,TREND_UP,relative_strength,trend_score,HIGH,LOW,71,DOWN,49.29577464788733,41.54189232239567,7.753882325491657,-0.28735774647887324,-0.1008,49.29577464788733,5.633802816901409,45.07042253521127
7,2026-06-03,2026-07-01,TREND_UP,relative_strength,trend_score,HIGH,HIGH,113,DOWN,54.86725663716814,41.54189232239567,13.32536431477247,-0.6650920353982303,-0.7077,54.86725663716814,18.58407079646018,26.548672566371685
7,2026-06-03,2026-07-01,CHOPPY,relative_strength,momentum_score,LOW,LOW,75,UP,54.666666666666664,38.02035152636448,16.646315140302185,1.3075386666666666,0.9436,29.333333333333332,16.0,54.666666666666664
7,2026-06-03,2026-07-01,CHOPPY,relative_strength,momentum_score,HIGH,HIGH,55,UP,58.18181818181818,38.02035152636448,20.1614666554537,0.6212109090909091,0.9604,25.454545454545453,16.363636363636363,58.18181818181818
7,2026-06-03,2026-07-01,TREND_DOWN,relative_strength,momentum_score,LOW,LOW,219,UP,56.62100456621004,40.71671300586963,15.904291560340411,1.3556894977168947,1.0827,34.70319634703196,8.67579908675799,56.62100456621004
7,2026-06-03,2026-07-01,TREND_DOWN,relative_strength,momentum_score,HIGH,LOW,81,UP,44.44444444444444,40.71671300586963,3.7277314385748106,0.23827777777777778,0.2223,41.9753086419753,13.580246913580247,44.44444444444444
7,2026-06-03,2026-07-01,TREND_DOWN,relative_strength,momentum_score,HIGH,HIGH,136,UP,61.76470588235294,40.71671300586963,21.047992876483313,1.3910735294117647,1.79245,30.88235294117647,7.352941176470589,61.76470588235294
7,2026-06-03,2026-07-01,TREND_UP,relative_strength,momentum_score,LOW,LOW,111,UP,51.35135135135135,43.963045555909524,7.388305795441824,0.44913963963963965,0.6567,36.03603603603604,12.612612612612612,51.35135135135135
7,2026-06-03,2026-07-01,TREND_UP,relative_strength,momentum_score,LOW,HIGH,97,UP,43.29896907216495,43.963045555909524,-0.6640764837445745,0.19843711340206188,0.058,42.2680412371134,14.432989690721648,43.29896907216495
7,2026-06-03,2026-07-01,TREND_UP,relative_strength,momentum_score,HIGH,HIGH,173,DOWN,53.179190751445084,41.54189232239567,11.637298429049414,-0.5689046242774568,-0.7077,53.179190751445084,14.450867052023122,32.369942196531795
7,2026-06-03,2026-07-01,CHOPPY,relative_strength,volatility_score,LOW,LOW,36,UP,55.55555555555556,38.02035152636448,17.535204029191082,1.0441694444444445,0.7283999999999999,30.555555555555557,13.88888888888889,55.55555555555556
7,2026-06-03,2026-07-01,CHOPPY,relative_strength,volatility_score,LOW,HIGH,44,UP,50.0,38.02035152636448,11.979648473635523,1.3602136363636363,0.70095,27.27272727272727,22.727272727272727,50.0
7,2026-06-03,2026-07-01,CHOPPY,relative_strength,volatility_score,HIGH,LOW,35,UP,60.0,38.02035152636448,21.97964847363552,0.8114542857142856,1.3335,28.57142857142857,11.428571428571429,60.0
7,2026-06-03,2026-07-01,CHOPPY,relative_strength,volatility_score,HIGH,HIGH,32,UP,56.25,38.02035152636448,18.229648473635525,0.7741312499999999,0.63945,21.875,21.875,56.25
7,2026-06-03,2026-07-01,TREND_DOWN,relative_strength,volatility_score,LOW,LOW,128,UP,48.4375,40.71671300586963,7.720786994130369,0.863275,0.38734999999999997,42.96875,8.59375,48.4375
7,2026-06-03,2026-07-01,TREND_DOWN,relative_strength,volatility_score,LOW,HIGH,96,UP,66.66666666666666,40.71671300586963,25.949953660797032,1.930134375,2.29365,25.0,8.333333333333332,66.66666666666666
7,2026-06-03,2026-07-01,TREND_DOWN,relative_strength,volatility_score,HIGH,LOW,103,DOWN,46.601941747572816,46.15384615384615,0.44809559372666063,0.17700679611650488,-0.2976,46.601941747572816,8.737864077669903,44.66019417475729
7,2026-06-03,2026-07-01,TREND_DOWN,relative_strength,volatility_score,HIGH,HIGH,114,UP,64.91228070175438,40.71671300586963,24.195567695884755,1.6689017543859648,1.8244,24.561403508771928,10.526315789473683,64.91228070175438
7,2026-06-03,2026-07-01,TREND_UP,relative_strength,volatility_score,LOW,LOW,91,DOWN,46.15384615384615,41.54189232239567,4.611953831450489,0.05264395604395598,-0.1376,46.15384615384615,10.989010989010989,42.857142857142854
7,2026-06-03,2026-07-01,TREND_UP,relative_strength,volatility_score,LOW,HIGH,117,UP,51.28205128205128,43.963045555909524,7.319005726141753,0.5496777777777778,0.5711,33.33333333333333,15.384615384615385,51.28205128205128
7,2026-06-03,2026-07-01,TREND_UP,relative_strength,volatility_score,HIGH,LOW,98,DOWN,52.04081632653062,41.54189232239567,10.498924004134945,-0.4978683673469386,-0.5918,52.04081632653062,17.346938775510203,30.612244897959183
7,2026-06-03,2026-07-01,TREND_UP,relative_strength,volatility_score,HIGH,HIGH,86,DOWN,53.48837209302325,41.54189232239567,11.946479770627583,-0.5437988372093021,-0.8585,53.48837209302325,9.30232558139535,37.2093023255814
7,2026-06-03,2026-07-01,CHOPPY,relative_strength,liquidity_score,LOW,LOW,32,UP,65.625,38.02035152636448,27.604648473635525,2.0098000000000003,1.59785,25.0,9.375,65.625
7,2026-06-03,2026-07-01,CHOPPY,relative_strength,liquidity_score,LOW,HIGH,48,UP,43.75,38.02035152636448,5.729648473635524,0.6901229166666666,0.23205,31.25,25.0,43.75
7,2026-06-03,2026-07-01,CHOPPY,relative_strength,liquidity_score,HIGH,LOW,21,UP,66.66666666666666,38.02035152636448,28.646315140302185,1.0877333333333332,0.9604,14.285714285714285,19.047619047619047,66.66666666666666
7,2026-06-03,2026-07-01,CHOPPY,relative_strength,liquidity_score,HIGH,HIGH,46,UP,54.347826086956516,38.02035152636448,16.32747456059204,0.6593630434782609,0.63945,30.434782608695656,15.217391304347828,54.347826086956516
7,2026-06-03,2026-07-01,TREND_DOWN,relative_strength,liquidity_score,LOW,LOW,66,UP,65.15151515151516,40.71671300586963,24.434802145645516,2.3236393939393944,2.5802500000000004,28.78787878787879,6.0606060606060606,65.15151515151516
7,2026-06-03,2026-07-01,TREND_DOWN,relative_strength,liquidity_score,LOW,HIGH,158,UP,52.53164556962025,40.71671300586963,11.814932563750624,0.9014677215189875,0.71495,37.9746835443038,9.49367088607595,52.53164556962025
7,2026-06-03,2026-07-01,TREND_DOWN,relative_strength,liquidity_score,HIGH,LOW,79,UP,59.49367088607595,40.71671300586963,18.776957880206314,1.1665164556962024,1.3703,30.37974683544304,10.126582278481013,59.49367088607595
7,2026-06-03,2026-07-01,TREND_DOWN,relative_strength,liquidity_score,HIGH,HIGH,138,UP,52.89855072463768,40.71671300586963,12.181837718768051,0.8429833333333333,0.84405,37.68115942028986,9.420289855072465,52.89855072463768
7,2026-06-03,2026-07-01,TREND_UP,relative_strength,liquidity_score,LOW,LOW,77,UP,46.75324675324675,43.963045555909524,2.7902011973372276,0.3429675324675324,0.2713,37.66233766233766,15.584415584415584,46.75324675324675
7,2026-06-03,2026-07-01,TREND_UP,relative_strength,liquidity_score,LOW,HIGH,131,UP,48.091603053435115,43.963045555909524,4.128557497525592,0.32591145038167935,0.4219,39.69465648854962,12.213740458015266,48.091603053435115
7,2026-06-03,2026-07-01,TREND_UP,relative_strength,liquidity_score,HIGH,LOW,69,DOWN,43.47826086956522,41.54189232239567,1.936368547169548,0.17753188405797096,-0.1708,43.47826086956522,20.28985507246377,36.231884057971016
7,2026-06-03,2026-07-01,TREND_UP,relative_strength,liquidity_score,HIGH,HIGH,115,DOWN,58.26086956521739,41.54189232239567,16.71897724282172,-0.9374565217391306,-1.0042,58.26086956521739,9.565217391304348,32.17391304347826
7,2026-06-03,2026-07-01,CHOPPY,trend_score,momentum_score,LOW,LOW,49,UP,57.14285714285714,38.02035152636448,19.122505616492663,1.302087755102041,0.8763,32.6530612244898,10.204081632653061,57.14285714285714
7,2026-06-03,2026-07-01,CHOPPY,trend_score,momentum_score,HIGH,LOW,38,UP,52.63157894736842,38.02035152636448,14.611227421003942,1.4018315789473683,0.6328,23.684210526315788,23.684210526315788,52.63157894736842
7,2026-06-03,2026-07-01,CHOPPY,trend_score,momentum_score,HIGH,HIGH,49,UP,59.183673469387756,38.02035152636448,21.163321943023277,0.972204081632653,0.9604,20.408163265306122,20.408163265306122,59.183673469387756
7,2026-06-03,2026-07-01,TREND_DOWN,trend_score,momentum_score,LOW,LOW,221,UP,58.82352941176471,40.71671300586963,18.106816405895078,1.6650692307692307,1.2553,32.126696832579185,9.049773755656108,58.82352941176471
7,2026-06-03,2026-07-01,TREND_DOWN,trend_score,momentum_score,LOW,HIGH,69,UP,60.86956521739131,40.71671300586963,20.152852211521676,1.5805884057971016,1.5386,30.434782608695656,8.695652173913043,60.86956521739131
7,2026-06-03,2026-07-01,TREND_DOWN,trend_score,momentum_score,HIGH,LOW,79,DOWN,49.36708860759494,46.15384615384615,3.2132424537487827,-0.6554911392405063,-0.4776,49.36708860759494,12.658227848101266,37.9746835443038
7,2026-06-03,2026-07-01,TREND_DOWN,trend_score,momentum_score,HIGH,HIGH,72,UP,61.111111111111114,40.71671300586963,20.394398105241486,1.0975208333333333,1.8603,33.33333333333333,5.555555555555555,61.111111111111114
7,2026-06-03,2026-07-01,TREND_UP,trend_score,momentum_score,LOW,LOW,81,UP,51.85185185185185,43.963045555909524,7.888806295942325,0.4657629629629631,0.6567,38.2716049382716,9.876543209876543,51.85185185185185
7,2026-06-03,2026-07-01,TREND_UP,trend_score,momentum_score,LOW,HIGH,85,UP,49.411764705882355,43.963045555909524,5.44871914997283,0.20002000000000011,0.4219,43.529411764705884,7.0588235294117645,49.411764705882355
7,2026-06-03,2026-07-01,TREND_UP,trend_score,momentum_score,HIGH,LOW,41,UP,51.21951219512195,43.963045555909524,7.2564666392124275,0.36561951219512195,0.6792,34.146341463414636,14.634146341463413,51.21951219512195
7,2026-06-03,2026-07-01,TREND_UP,trend_score,momentum_score,HIGH,HIGH,185,DOWN,51.891891891891895,41.54189232239567,10.349999569496227,-0.5198583783783783,-0.5788,51.891891891891895,17.83783783783784,30.270270270270274
7,2026-06-03,2026-07-01,CHOPPY,trend_score,volatility_score,LOW,LOW,25,DOWN,48.0,48.93617021276596,-0.9361702127659577,-0.647364,-0.4196,48.0,12.0,40.0
7,2026-06-03,2026-07-01,CHOPPY,trend_score,volatility_score,LOW,HIGH,35,UP,62.857142857142854,38.02035152636448,24.83679133077838,1.8825457142857143,1.5603,25.71428571428571,11.428571428571429,62.857142857142854
7,2026-06-03,2026-07-01,CHOPPY,trend_score,volatility_score,HIGH,LOW,46,UP,67.3913043478261,38.02035152636448,29.37095282146161,1.7864152173913044,1.59175,19.565217391304348,13.043478260869565,67.3913043478261
7,2026-06-03,2026-07-01,CHOPPY,trend_score,volatility_score,HIGH,HIGH,41,UP,43.90243902439025,38.02035152636448,5.882087498025768,0.45689024390243904,0.4091,24.390243902439025,31.70731707317073,43.90243902439025
7,2026-06-03,2026-07-01,TREND_DOWN,trend_score,volatility_score,LOW,LOW,151,UP,48.34437086092716,40.71671300586963,7.627657855057524,1.1023735099337748,0.4304,42.384105960264904,9.271523178807946,48.34437086092716
7,2026-06-03,2026-07-01,TREND_DOWN,trend_score,volatility_score,LOW,HIGH,139,UP,71.22302158273382,40.71671300586963,30.506308576864182,2.234406474820144,2.4007,20.14388489208633,8.633093525179856,71.22302158273382
7,2026-06-03,2026-07-01,TREND_DOWN,trend_score,volatility_score,HIGH,LOW,80,DOWN,48.75,46.15384615384615,2.5961538461538423,-0.47159375,-0.4366,48.75,7.5,43.75
7,2026-06-03,2026-07-01,TREND_DOWN,trend_score,volatility_score,HIGH,HIGH,71,UP,54.929577464788736,40.71671300586963,14.212864458919105,0.9150028169014084,1.0907,33.80281690140845,11.267605633802818,54.929577464788736
7,2026-06-03,2026-07-01,TREND_UP,trend_score,volatility_score,LOW,LOW,84,DOWN,51.19047619047619,41.54189232239567,9.648583868080518,-0.3409107142857142,-0.76275,51.19047619047619,8.333333333333332,40.476190476190474
7,2026-06-03,2026-07-01,TREND_UP,trend_score,volatility_score,LOW,HIGH,82,UP,60.97560975609756,43.963045555909524,17.012564200188034,1.0166463414634146,1.16675,30.48780487804878,8.536585365853659,60.97560975609756
7,2026-06-03,2026-07-01,TREND_UP,trend_score,volatility_score,HIGH,LOW,105,DOWN,47.61904761904761,41.54189232239567,6.077155296651949,-0.14632380952380952,-0.395,47.61904761904761,19.047619047619047,33.33333333333333
7,2026-06-03,2026-07-01,TREND_UP,trend_score,volatility_score,HIGH,HIGH,121,DOWN,49.586776859504134,41.54189232239567,8.044884537108466,-0.5439619834710744,-0.4468,49.586776859504134,15.702479338842975,34.710743801652896
7,2026-06-03,2026-07-01,CHOPPY,trend_score,liquidity_score,LOW,LOW,23,UP,65.21739130434783,38.02035152636448,27.19703977798335,2.002608695652174,1.8332,26.08695652173913,8.695652173913043,65.21739130434783
7,2026-06-03,2026-07-01,CHOPPY,trend_score,liquidity_score,LOW,HIGH,37,UP,45.94594594594595,38.02035152636448,7.925594419581472,0.09851351351351348,0.0421,40.54054054054054,13.513513513513514,45.94594594594595
7,2026-06-03,2026-07-01,CHOPPY,trend_score,liquidity_score,HIGH,LOW,30,UP,66.66666666666666,38.02035152636448,28.646315140302185,1.3698666666666666,1.15725,16.666666666666664,16.666666666666664,66.66666666666666
7,2026-06-03,2026-07-01,CHOPPY,trend_score,liquidity_score,HIGH,HIGH,57,UP,50.877192982456144,38.02035152636448,12.856841456091667,1.0493263157894737,0.5931,24.561403508771928,24.561403508771928,50.877192982456144
7,2026-06-03,2026-07-01,TREND_DOWN,trend_score,liquidity_score,LOW,LOW,92,UP,63.04347826086957,40.71671300586963,22.326765254999938,2.21853152173913,2.2681500000000003,28.26086956521739,8.695652173913043,63.04347826086957
7,2026-06-03,2026-07-01,TREND_DOWN,trend_score,liquidity_score,LOW,HIGH,198,UP,57.57575757575758,40.71671300586963,16.85904456988795,1.3784646464646464,1.1085,33.33333333333333,9.090909090909092,57.57575757575758
7,2026-06-03,2026-07-01,TREND_DOWN,trend_score,liquidity_score,HIGH,LOW,53,UP,60.37735849056604,40.71671300586963,19.660645484696403,0.7813226415094339,1.316,32.075471698113205,7.547169811320755,60.37735849056604
7,2026-06-03,2026-07-01,TREND_DOWN,trend_score,liquidity_score,HIGH,HIGH,98,DOWN,46.93877551020408,46.15384615384615,0.7849293563579274,-0.14461632653061215,-0.26765,46.93877551020408,10.204081632653061,42.857142857142854
7,2026-06-03,2026-07-01,TREND_UP,trend_score,liquidity_score,LOW,LOW,54,UP,59.25925925925925,43.963045555909524,15.296213703349732,1.375531481481481,1.09415,29.629629629629626,11.11111111111111,59.25925925925925
7,2026-06-03,2026-07-01,TREND_UP,trend_score,liquidity_score,LOW,HIGH,112,DOWN,46.42857142857143,41.54189232239567,4.886679106175762,-0.17455535714285708,0.03275,46.42857142857143,7.142857142857142,46.42857142857143
7,2026-06-03,2026-07-01,TREND_UP,trend_score,liquidity_score,HIGH,LOW,92,DOWN,46.73913043478261,41.54189232239567,5.197238112386943,-0.38717934782608693,-0.20265,46.73913043478261,21.73913043478261,31.521739130434785
7,2026-06-03,2026-07-01,TREND_UP,trend_score,liquidity_score,HIGH,HIGH,134,DOWN,50.0,41.54189232239567,8.458107677604332,-0.34002164179104466,-0.50625,50.0,14.17910447761194,35.82089552238806
7,2026-06-03,2026-07-01,CHOPPY,momentum_score,volatility_score,LOW,LOW,43,UP,53.48837209302325,38.02035152636448,15.468020566658774,1.148286046511628,0.6127,32.55813953488372,13.953488372093023,53.48837209302325
7,2026-06-03,2026-07-01,CHOPPY,momentum_score,volatility_score,LOW,HIGH,44,UP,56.81818181818182,38.02035152636448,18.79783029181735,1.538536363636364,1.1280000000000001,25.0,18.181818181818183,56.81818181818182
7,2026-06-03,2026-07-01,CHOPPY,momentum_score,volatility_score,HIGH,LOW,28,UP,64.28571428571429,38.02035152636448,26.265362759349813,0.5933821428571429,1.4214,25.0,10.714285714285714,64.28571428571429
7,2026-06-03,2026-07-01,CHOPPY,momentum_score,volatility_score,HIGH,HIGH,32,UP,46.875,38.02035152636448,8.854648473635523,0.5289375000000001,0.43025,25.0,28.125,46.875
7,2026-06-03,2026-07-01,TREND_DOWN,momentum_score,volatility_score,LOW,LOW,168,UP,45.83333333333333,40.71671300586963,5.1166203274637,0.5162392857142857,0.059899999999999995,44.642857142857146,9.523809523809524,45.83333333333333
7,2026-06-03,2026-07-01,TREND_DOWN,momentum_score,volatility_score,LOW,HIGH,132,UP,62.878787878787875,40.71671300586963,22.162074872918247,1.7383962121212122,1.56,26.515151515151516,10.606060606060606,62.878787878787875
7,2026-06-03,2026-07-01,TREND_DOWN,momentum_score,volatility_score,HIGH,LOW,63,UP,49.2063492063492,40.71671300586963,8.489636200479572,0.6667095238095238,0.0789,44.44444444444444,6.349206349206349,49.2063492063492
7,2026-06-03,2026-07-01,TREND_DOWN,momentum_score,volatility_score,HIGH,HIGH,78,UP,70.51282051282051,40.71671300586963,29.796107506950886,1.8728128205128196,2.19165,21.794871794871796,7.6923076923076925,70.51282051282051
7,2026-06-03,2026-07-01,TREND_UP,momentum_score,volatility_score,LOW,LOW,53,DOWN,52.83018867924528,41.54189232239567,11.288296356849614,-0.37567358490566033,-0.7322,52.83018867924528,9.433962264150944,37.735849056603776
7,2026-06-03,2026-07-01,TREND_UP,momentum_score,volatility_score,LOW,HIGH,69,UP,62.31884057971014,43.963045555909524,18.35579502380062,1.0525782608695653,1.1561,24.637681159420293,13.043478260869565,62.31884057971014
7,2026-06-03,2026-07-01,TREND_UP,momentum_score,volatility_score,HIGH,LOW,136,DOWN,47.794117647058826,41.54189232239567,6.252225324663158,-0.17713088235294125,-0.36645,47.794117647058826,16.176470588235293,36.029411764705884
7,2026-06-03,2026-07-01,TREND_UP,momentum_score,volatility_score,HIGH,HIGH,134,DOWN,50.74626865671642,41.54189232239567,9.204376334320752,-0.4110619402985076,-0.5533,50.74626865671642,12.686567164179104,36.56716417910448
7,2026-06-03,2026-07-01,CHOPPY,momentum_score,liquidity_score,LOW,LOW,33,UP,66.66666666666666,38.02035152636448,28.646315140302185,2.132309090909091,1.8332,24.242424242424242,9.090909090909092,66.66666666666666
7,2026-06-03,2026-07-01,CHOPPY,momentum_score,liquidity_score,LOW,HIGH,54,UP,48.148148148148145,38.02035152636448,10.12779662178367,0.8649203703703705,0.4587,31.48148148148148,20.37037037037037,48.148148148148145
7,2026-06-03,2026-07-01,CHOPPY,momentum_score,liquidity_score,HIGH,LOW,20,UP,65.0,38.02035152636448,26.979648473635525,0.8394899999999998,1.0322500000000001,15.0,20.0,65.0
7,2026-06-03,2026-07-01,CHOPPY,momentum_score,liquidity_score,HIGH,HIGH,40,UP,50.0,38.02035152636448,11.979648473635523,0.41877250000000005,0.52225,30.0,20.0,50.0
7,2026-06-03,2026-07-01,TREND_DOWN,momentum_score,liquidity_score,LOW,LOW,90,UP,58.88888888888889,40.71671300586963,18.17217588301926,1.8405955555555558,1.5089000000000001,31.11111111111111,10.0,58.88888888888889
7,2026-06-03,2026-07-01,TREND_DOWN,momentum_score,liquidity_score,LOW,HIGH,210,UP,50.95238095238095,40.71671300586963,10.235667946511317,0.7168709523809524,0.6635500000000001,39.04761904761905,10.0,50.95238095238095
7,2026-06-03,2026-07-01,TREND_DOWN,momentum_score,liquidity_score,HIGH,LOW,55,UP,67.27272727272727,40.71671300586963,26.55601426685764,1.4520254545454545,1.7996,27.27272727272727,5.454545454545454,67.27272727272727
7,2026-06-03,2026-07-01,TREND_DOWN,momentum_score,liquidity_score,HIGH,HIGH,86,UP,56.97674418604651,40.71671300586963,16.26003118017688,1.2583802325581397,1.62205,34.883720930232556,8.13953488372093,56.97674418604651
7,2026-06-03,2026-07-01,TREND_UP,momentum_score,liquidity_score,LOW,LOW,44,UP,59.09090909090909,43.963045555909524,15.12786353499957,0.9949045454545457,1.02725,25.0,15.909090909090908,59.09090909090909
7,2026-06-03,2026-07-01,TREND_UP,momentum_score,liquidity_score,LOW,HIGH,78,UP,47.43589743589743,43.963045555909524,3.4728518799879096,0.11463333333333345,0.2578,43.58974358974359,8.974358974358974,47.43589743589743
7,2026-06-03,2026-07-01,TREND_UP,momentum_score,liquidity_score,HIGH,LOW,102,DOWN,47.05882352941176,41.54189232239567,5.516931207016096,-0.05017254901960779,-0.20265,47.05882352941176,18.627450980392158,34.31372549019608
7,2026-06-03,2026-07-01,TREND_UP,momentum_score,liquidity_score,HIGH,HIGH,168,DOWN,50.595238095238095,41.54189232239567,9.053345772842425,-0.44080059523809517,-0.6048,50.595238095238095,11.904761904761903,37.5
7,2026-06-03,2026-07-01,CHOPPY,volatility_score,liquidity_score,LOW,HIGH,54,UP,53.70370370370371,38.02035152636448,15.683352177339232,0.7504740740740741,0.7283999999999999,29.629629629629626,16.666666666666664,53.70370370370371
7,2026-06-03,2026-07-01,CHOPPY,volatility_score,liquidity_score,HIGH,LOW,36,UP,63.888888888888886,38.02035152636448,25.868537362524407,1.713627777777778,1.2309999999999999,16.666666666666664,19.444444444444446,63.888888888888886
7,2026-06-03,2026-07-01,CHOPPY,volatility_score,liquidity_score,HIGH,HIGH,40,UP,42.5,38.02035152636448,4.479648473635523,0.573275,0.09825,32.5,25.0,42.5
7,2026-06-03,2026-07-01,TREND_DOWN,volatility_score,liquidity_score,LOW,LOW,57,UP,61.40350877192983,40.71671300586963,20.686795766060197,1.6062771929824562,1.4473,33.33333333333333,5.263157894736842,61.40350877192983
7,2026-06-03,2026-07-01,TREND_DOWN,volatility_score,liquidity_score,LOW,HIGH,174,DOWN,48.275862068965516,46.15384615384615,2.1220159151193627,0.21363850574712648,-0.4193,48.275862068965516,9.770114942528735,41.95402298850575
7,2026-06-03,2026-07-01,TREND_DOWN,volatility_score,liquidity_score,HIGH,LOW,88,UP,62.5,40.71671300586963,21.783286994130368,1.7495136363636363,1.832,27.27272727272727,10.227272727272728,62.5
7,2026-06-03,2026-07-01,TREND_DOWN,volatility_score,liquidity_score,HIGH,HIGH,122,UP,68.0327868852459,40.71671300586963,27.31607387937627,1.816315573770492,2.0505,22.950819672131146,9.01639344262295,68.0327868852459
7,2026-06-03,2026-07-01,TREND_UP,volatility_score,liquidity_score,LOW,LOW,47,DOWN,36.17021276595745,41.54189232239567,-5.371679556438219,0.6033936170212768,0.1274,36.17021276595745,27.659574468085108,36.17021276595745
7,2026-06-03,2026-07-01,TREND_UP,volatility_score,liquidity_score,LOW,HIGH,142,DOWN,53.52112676056338,41.54189232239567,11.979234438167708,-0.5095774647887324,-0.7558499999999999,53.52112676056338,9.859154929577464,36.61971830985916
7,2026-06-03,2026-07-01,TREND_UP,volatility_score,liquidity_score,HIGH,LOW,99,UP,44.44444444444444,43.963045555909524,0.4813988885349174,0.10402727272727279,0.0059,42.42424242424242,13.131313131313133,44.44444444444444
7,2026-06-03,2026-07-01,TREND_UP,volatility_score,liquidity_score,HIGH,HIGH,104,UP,46.15384615384615,43.963045555909524,2.190800597936632,0.0696817307692308,0.20800000000000002,41.34615384615385,12.5,46.15384615384615
8,2026-07-02,2026-07-29,CHOPPY,change_pct,intelligence_score,LOW,LOW,74,UP,44.5945945945946,40.06514657980456,4.529448014790033,0.2756094594594594,0.10464999999999999,32.432432432432435,22.972972972972975,44.5945945945946
8,2026-07-02,2026-07-29,CHOPPY,change_pct,intelligence_score,LOW,HIGH,57,UP,57.89473684210527,40.06514657980456,17.829590262300705,1.284256140350877,1.0788,31.57894736842105,10.526315789473683,57.89473684210527
8,2026-07-02,2026-07-29,CHOPPY,change_pct,intelligence_score,HIGH,LOW,65,DOWN,43.07692307692308,46.33550488599349,-3.2585818090704044,-0.20730000000000004,-0.3162,43.07692307692308,29.230769230769234,27.692307692307693
8,2026-07-02,2026-07-29,CHOPPY,change_pct,intelligence_score,HIGH,HIGH,98,DOWN,53.06122448979592,46.33550488599349,6.725719603802438,-0.6059530612244898,-0.7189,53.06122448979592,12.244897959183673,34.69387755102041
8,2026-07-02,2026-07-29,FLAT,change_pct,intelligence_score,LOW,LOW,20,UP,50.0,40.725806451612904,9.274193548387094,-0.10226499999999998,0.47775,25.0,25.0,50.0
8,2026-07-02,2026-07-29,TREND_DOWN,change_pct,intelligence_score,LOW,LOW,115,UP,68.69565217391305,42.523110386079395,26.17254178783365,1.52246,1.4601,17.391304347826086,13.91304347826087,68.69565217391305
8,2026-07-02,2026-07-29,TREND_DOWN,change_pct,intelligence_score,LOW,HIGH,55,UP,67.27272727272727,42.523110386079395,24.74961688664788,2.0176545454545454,1.6271,23.636363636363637,9.090909090909092,67.27272727272727
8,2026-07-02,2026-07-29,TREND_DOWN,change_pct,intelligence_score,HIGH,LOW,70,UP,55.714285714285715,42.523110386079395,13.191175328206322,1.1519914285714283,0.96055,24.285714285714285,20.0,55.714285714285715
8,2026-07-02,2026-07-29,TREND_DOWN,change_pct,intelligence_score,HIGH,HIGH,103,UP,66.01941747572816,42.523110386079395,23.496307089648766,1.9464728155339803,1.3331,22.330097087378643,11.650485436893204,66.01941747572816
8,2026-07-02,2026-07-29,TREND_UP,change_pct,intelligence_score,LOW,LOW,52,UP,53.84615384615385,43.642027754177285,10.204126091976557,0.6740365384615384,0.6845,34.61538461538461,11.538461538461538,53.84615384615385
8,2026-07-02,2026-07-29,TREND_UP,change_pct,intelligence_score,LOW,HIGH,60,DOWN,56.666666666666664,41.971112999150385,14.69555366751628,-0.6520383333333334,-0.97665,56.666666666666664,10.0,33.33333333333333
8,2026-07-02,2026-07-29,TREND_UP,change_pct,intelligence_score,HIGH,LOW,67,UP,43.28358208955223,43.642027754177285,-0.3584456646250511,0.5523716417910447,0.1557,31.343283582089555,25.37313432835821,43.28358208955223
8,2026-07-02,2026-07-29,TREND_UP,change_pct,intelligence_score,HIGH,HIGH,115,DOWN,50.43478260869565,41.971112999150385,8.463669609545265,-0.6231130434782609,-0.5903,50.43478260869565,13.043478260869565,36.52173913043478
8,2026-07-02,2026-07-29,CHOPPY,change_pct,relative_strength,LOW,LOW,88,UP,47.72727272727273,40.06514657980456,7.662126147468168,0.4838590909090909,0.1838,34.090909090909086,18.181818181818183,47.72727272727273
8,2026-07-02,2026-07-29,CHOPPY,change_pct,relative_strength,LOW,HIGH,43,UP,55.81395348837209,40.06514657980456,15.74880690856753,1.186467441860465,1.2981,27.906976744186046,16.27906976744186,55.81395348837209
8,2026-07-02,2026-07-29,CHOPPY,change_pct,relative_strength,HIGH,LOW,34,DOWN,41.17647058823529,46.33550488599349,-5.159034297758192,0.028261764705882347,-0.0568,41.17647058823529,17.647058823529413,41.17647058823529
8,2026-07-02,2026-07-29,CHOPPY,change_pct,relative_strength,HIGH,HIGH,129,DOWN,51.162790697674424,46.33550488599349,4.827285811680937,-0.5722387596899225,-0.6097,51.162790697674424,19.379844961240313,29.457364341085274
8,2026-07-02,2026-07-29,FLAT,change_pct,relative_strength,LOW,LOW,26,UP,46.15384615384615,40.725806451612904,5.42803970223325,-0.2395038461538461,0.33594999999999997,26.923076923076923,26.923076923076923,46.15384615384615
8,2026-07-02,2026-07-29,FLAT,change_pct,relative_strength,HIGH,HIGH,23,UP,47.82608695652174,40.725806451612904,7.1002805049088344,0.9944173913043478,0.4787,34.78260869565217,17.391304347826086,47.82608695652174
8,2026-07-02,2026-07-29,TREND_DOWN,change_pct,relative_strength,LOW,LOW,147,UP,70.74829931972789,42.523110386079395,28.2251889336485,1.739950340136054,1.584,17.687074829931973,11.564625850340136,70.74829931972789
8,2026-07-02,2026-07-29,TREND_DOWN,change_pct,relative_strength,LOW,HIGH,23,UP,52.17391304347826,42.523110386079395,9.650802657398867,1.3165739130434782,0.6878,30.434782608695656,17.391304347826086,52.17391304347826
8,2026-07-02,2026-07-29,TREND_DOWN,change_pct,relative_strength,HIGH,LOW,28,UP,64.28571428571429,42.523110386079395,21.762603899634897,1.5034571428571433,1.2875999999999999,17.857142857142858,17.857142857142858,64.28571428571429
8,2026-07-02,2026-07-29,TREND_DOWN,change_pct,relative_strength,HIGH,HIGH,145,UP,61.37931034482759,42.523110386079395,18.856199958748192,1.648477931034483,1.233,24.137931034482758,14.482758620689657,61.37931034482759
8,2026-07-02,2026-07-29,TREND_UP,change_pct,relative_strength,LOW,LOW,108,DOWN,44.44444444444444,41.971112999150385,2.473331445294058,0.05258703703703711,-0.07975,44.44444444444444,11.11111111111111,44.44444444444444
8,2026-07-02,2026-07-29,TREND_UP,change_pct,relative_strength,HIGH,LOW,50,UP,42.0,43.642027754177285,-1.6420277541772887,0.0014280000000000649,0.26795,38.0,20.0,42.0
8,2026-07-02,2026-07-29,TREND_UP,change_pct,relative_strength,HIGH,HIGH,132,DOWN,45.45454545454545,41.971112999150385,3.483432455395069,-0.2630340909090909,-0.29745,45.45454545454545,16.666666666666664,37.878787878787875
8,2026-07-02,2026-07-29,CHOPPY,change_pct,trend_score,LOW,LOW,66,UP,42.42424242424242,40.06514657980456,2.359095844437864,0.02888333333333333,-0.04375,36.36363636363637,21.21212121212121,42.42424242424242
8,2026-07-02,2026-07-29,CHOPPY,change_pct,trend_score,LOW,HIGH,65,UP,58.46153846153847,40.06514657980456,18.396391881733905,1.4106369230769231,1.0788,27.692307692307693,13.846153846153847,58.46153846153847
8,2026-07-02,2026-07-29,CHOPPY,change_pct,trend_score,HIGH,LOW,59,DOWN,50.847457627118644,46.33550488599349,4.5119527411251585,-0.7246033898305085,-0.6504,50.847457627118644,27.11864406779661,22.033898305084744
8,2026-07-02,2026-07-29,CHOPPY,change_pct,trend_score,HIGH,HIGH,104,DOWN,48.07692307692308,46.33550488599349,1.7414181909295945,-0.28948365384615377,-0.3157,48.07692307692308,14.423076923076922,37.5
8,2026-07-02,2026-07-29,TREND_DOWN,change_pct,trend_score,LOW,LOW,111,UP,63.96396396396396,42.523110386079395,21.44085357788457,1.4629891891891889,1.2542,21.62162162162162,14.414414414414415,63.96396396396396
8,2026-07-02,2026-07-29,TREND_DOWN,change_pct,trend_score,LOW,HIGH,59,UP,76.27118644067797,42.523110386079395,33.74807605459857,2.0959677966101693,1.7205,15.254237288135593,8.47457627118644,76.27118644067797
8,2026-07-02,2026-07-29,TREND_DOWN,change_pct,trend_score,HIGH,LOW,64,UP,56.25,42.523110386079395,13.726889613920607,1.16995625,1.00555,29.6875,14.0625,56.25
8,2026-07-02,2026-07-29,TREND_DOWN,change_pct,trend_score,HIGH,HIGH,109,UP,65.13761467889908,42.523110386079395,22.61450429281969,1.892191743119266,1.3134,19.26605504587156,15.59633027522936,65.13761467889908
8,2026-07-02,2026-07-29,TREND_UP,change_pct,trend_score,LOW,LOW,49,UP,55.10204081632652,43.642027754177285,11.460013062149239,0.6009897959183673,0.6835,32.6530612244898,12.244897959183673,55.10204081632652
8,2026-07-02,2026-07-29,TREND_UP,change_pct,trend_score,LOW,HIGH,63,DOWN,57.14285714285714,41.971112999150385,15.171744143706755,-0.5320777777777779,-0.9437,57.14285714285714,9.523809523809524,33.33333333333333
8,2026-07-02,2026-07-29,TREND_UP,change_pct,trend_score,HIGH,LOW,60,UP,43.333333333333336,43.642027754177285,-0.3086944208439524,0.5049600000000001,0.15955,35.0,21.666666666666668,43.333333333333336
8,2026-07-02,2026-07-29,TREND_UP,change_pct,trend_score,HIGH,HIGH,122,DOWN,47.540983606557376,41.971112999150385,5.56987060740699,-0.53235,-0.43325,47.540983606557376,15.573770491803279,36.885245901639344
8,2026-07-02,2026-07-29,CHOPPY,change_pct,momentum_score,LOW,LOW,115,UP,47.82608695652174,40.06514657980456,7.760940376717179,0.6617556521739131,0.3967,33.04347826086956,19.130434782608695,47.82608695652174
8,2026-07-02,2026-07-29,CHOPPY,change_pct,momentum_score,HIGH,HIGH,146,DOWN,51.369863013698634,46.33550488599349,5.034358127705152,-0.5026890410958904,-0.6288,51.369863013698634,15.753424657534246,32.87671232876712
8,2026-07-02,2026-07-29,FLAT,change_pct,momentum_score,LOW,LOW,23,UP,47.82608695652174,40.725806451612904,7.1002805049088344,-0.21601739130434786,0.445,26.08695652173913,26.08695652173913,47.82608695652174
8,2026-07-02,2026-07-29,TREND_DOWN,change_pct,momentum_score,LOW,LOW,157,UP,68.15286624203821,42.523110386079395,25.62975585595882,1.6568197452229296,1.4218,18.471337579617835,13.375796178343949,68.15286624203821
8,2026-07-02,2026-07-29,TREND_DOWN,change_pct,momentum_score,HIGH,LOW,38,UP,60.526315789473685,42.523110386079395,18.00320540339429,0.9421631578947368,1.10505,26.31578947368421,13.157894736842104,60.526315789473685
8,2026-07-02,2026-07-29,TREND_DOWN,change_pct,momentum_score,HIGH,HIGH,135,UP,62.22222222222222,42.523110386079395,19.69911183614283,1.8172140740740736,1.2625,22.22222222222222,15.555555555555555,62.22222222222222
8,2026-07-02,2026-07-29,TREND_UP,change_pct,momentum_score,LOW,LOW,76,DOWN,42.10526315789473,41.971112999150385,0.13415015874435054,-0.1710631578947368,-0.07975,42.10526315789473,15.789473684210526,42.10526315789473
8,2026-07-02,2026-07-29,TREND_UP,change_pct,momentum_score,LOW,HIGH,36,DOWN,55.55555555555556,41.971112999150385,13.584442556405174,0.2480111111111111,-0.83965,55.55555555555556,0.0,44.44444444444444
8,2026-07-02,2026-07-29,TREND_UP,change_pct,momentum_score,HIGH,HIGH,170,DOWN,41.76470588235294,41.971112999150385,-0.20640711679744128,-0.1442641176470588,-0.013499999999999998,41.76470588235294,18.235294117647058,40.0
8,2026-07-02,2026-07-29,CHOPPY,change_pct,volatility_score,LOW,LOW,72,UP,59.72222222222222,40.06514657980456,19.65707564241766,1.265777777777778,1.0808,30.555555555555557,9.722222222222223,59.72222222222222
8,2026-07-02,2026-07-29,CHOPPY,change_pct,volatility_score,LOW,HIGH,59,UP,38.983050847457626,40.06514657980456,-1.0820957323469327,0.0417237288135593,0.0,33.89830508474576,27.11864406779661,38.983050847457626
8,2026-07-02,2026-07-29,CHOPPY,change_pct,volatility_score,HIGH,LOW,76,DOWN,47.368421052631575,46.33550488599349,1.0329161666380926,0.005910526315789403,-0.31855,47.368421052631575,15.789473684210526,36.84210526315789
8,2026-07-02,2026-07-29,CHOPPY,change_pct,volatility_score,HIGH,HIGH,87,DOWN,50.57471264367817,46.33550488599349,4.239207757684682,-0.8426103448275862,-0.6097,50.57471264367817,21.839080459770116,27.586206896551722
8,2026-07-02,2026-07-29,TREND_DOWN,change_pct,volatility_score,LOW,LOW,89,UP,71.91011235955057,42.523110386079395,29.387001973471165,2.2387988764044944,1.6465,17.97752808988764,10.112359550561797,71.91011235955057
8,2026-07-02,2026-07-29,TREND_DOWN,change_pct,volatility_score,LOW,HIGH,81,UP,64.19753086419753,42.523110386079395,21.674420478118133,1.0716148148148146,1.4218,20.98765432098765,14.814814814814813,64.19753086419753
8,2026-07-02,2026-07-29,TREND_DOWN,change_pct,volatility_score,HIGH,LOW,93,UP,72.04301075268818,42.523110386079395,29.51990036660878,2.593195698924731,1.9715,19.35483870967742,8.60215053763441,72.04301075268818
8,2026-07-02,2026-07-29,TREND_DOWN,change_pct,volatility_score,HIGH,HIGH,80,UP,50.0,42.523110386079395,7.476889613920607,0.4994862500000001,0.49875,27.500000000000004,22.5,50.0
8,2026-07-02,2026-07-29,TREND_UP,change_pct,volatility_score,LOW,LOW,46,UP,52.17391304347826,43.642027754177285,8.531885289300972,0.7463608695652174,0.5757,39.130434782608695,8.695652173913043,52.17391304347826
8,2026-07-02,2026-07-29,TREND_UP,change_pct,volatility_score,LOW,HIGH,66,DOWN,51.515151515151516,41.971112999150385,9.54403851600113,-0.5818939393939392,-0.6305499999999999,51.515151515151516,12.121212121212121,36.36363636363637
8,2026-07-02,2026-07-29,TREND_UP,change_pct,volatility_score,HIGH,LOW,97,DOWN,46.391752577319586,41.971112999150385,4.420639578169205,-0.14594020618556702,-0.2798,46.391752577319586,13.402061855670103,40.20618556701031
8,2026-07-02,2026-07-29,TREND_UP,change_pct,volatility_score,HIGH,HIGH,85,DOWN,40.0,41.971112999150385,-1.9711129991503817,-0.24109294117647048,0.0448,40.0,22.35294117647059,37.64705882352941
8,2026-07-02,2026-07-29,CHOPPY,change_pct,liquidity_score,LOW,LOW,49,UP,48.97959183673469,40.06514657980456,8.914445256930131,0.46025918367346935,0.4398,26.53061224489796,24.489795918367346,48.97959183673469
8,2026-07-02,2026-07-29,CHOPPY,change_pct,liquidity_score,LOW,HIGH,82,UP,51.21951219512195,40.06514657980456,11.15436561531739,0.8664024390243901,0.6432500000000001,35.36585365853659,13.414634146341465,51.21951219512195
8,2026-07-02,2026-07-29,CHOPPY,change_pct,liquidity_score,HIGH,LOW,66,UP,40.909090909090914,40.06514657980456,0.8439443292863502,0.051196969696969685,0.0211,37.878787878787875,21.21212121212121,40.909090909090914
8,2026-07-02,2026-07-29,CHOPPY,change_pct,liquidity_score,HIGH,HIGH,97,DOWN,56.70103092783505,46.33550488599349,10.365526041841566,-0.7859474226804123,-0.7893,56.70103092783505,17.525773195876287,25.773195876288657
8,2026-07-02,2026-07-29,TREND_DOWN,change_pct,liquidity_score,LOW,LOW,61,UP,70.49180327868852,42.523110386079395,27.96869289260913,1.6462344262295083,1.5888,16.39344262295082,13.114754098360656,70.49180327868852
8,2026-07-02,2026-07-29,TREND_DOWN,change_pct,liquidity_score,LOW,HIGH,109,UP,66.97247706422019,42.523110386079395,24.449366678140787,1.7030605504587153,1.4164,21.100917431192663,11.926605504587156,66.97247706422019
8,2026-07-02,2026-07-29,TREND_DOWN,change_pct,liquidity_score,HIGH,LOW,67,UP,64.17910447761194,42.523110386079395,21.655994091532545,1.1651611940298507,1.1422,22.388059701492537,13.432835820895523,64.17910447761194
8,2026-07-02,2026-07-29,TREND_DOWN,change_pct,liquidity_score,HIGH,HIGH,106,UP,60.37735849056604,42.523110386079395,17.854248104486643,1.91566320754717,1.30305,23.58490566037736,16.037735849056602,60.37735849056604
8,2026-07-02,2026-07-29,TREND_UP,change_pct,liquidity_score,LOW,LOW,42,UP,52.38095238095239,43.642027754177285,8.738924626775097,0.16461190476190474,0.70105,47.61904761904761,0.0,52.38095238095239
8,2026-07-02,2026-07-29,TREND_UP,change_pct,liquidity_score,LOW,HIGH,70,DOWN,45.714285714285715,41.971112999150385,3.743172715135329,-0.15694428571428565,-0.38675000000000004,45.714285714285715,17.142857142857142,37.142857142857146
8,2026-07-02,2026-07-29,TREND_UP,change_pct,liquidity_score,HIGH,LOW,76,DOWN,42.10526315789473,41.971112999150385,0.13415015874435054,-0.952721052631579,-0.29745,42.10526315789473,26.31578947368421,31.57894736842105
8,2026-07-02,2026-07-29,TREND_UP,change_pct,liquidity_score,HIGH,HIGH,106,DOWN,44.339622641509436,41.971112999150385,2.3685096423590513,0.3562047169811322,0.26795,44.339622641509436,11.320754716981133,44.339622641509436
8,2026-07-02,2026-07-29,CHOPPY,intelligence_score,relative_strength,LOW,LOW,73,UP,42.465753424657535,40.06514657980456,2.4006068448529705,0.2892808219178082,0.0,32.87671232876712,24.65753424657534,42.465753424657535
8,2026-07-02,2026-07-29,CHOPPY,intelligence_score,relative_strength,LOW,HIGH,66,DOWN,42.42424242424242,46.33550488599349,-3.9112624617510585,-0.21510454545454544,-0.25415,42.42424242424242,27.27272727272727,30.303030303030305
8,2026-07-02,2026-07-29,CHOPPY,intelligence_score,relative_strength,HIGH,LOW,49,UP,51.02040816326531,40.06514657980456,10.955261583460747,0.45761224489795915,0.5944,40.816326530612244,8.16326530612245,51.02040816326531
8,2026-07-02,2026-07-29,CHOPPY,intelligence_score,relative_strength,HIGH,HIGH,106,DOWN,47.16981132075472,46.33550488599349,0.8343064347612339,-0.08116792452830192,-0.2187,47.16981132075472,13.20754716981132,39.62264150943396
8,2026-07-02,2026-07-29,FLAT,intelligence_score,relative_strength,LOW,LOW,20,UP,50.0,40.725806451612904,9.274193548387094,-0.10226499999999998,0.47775,25.0,25.0,50.0
8,2026-07-02,2026-07-29,TREND_DOWN,intelligence_score,relative_strength,LOW,LOW,119,UP,69.74789915966386,42.523110386079395,27.224788773584468,1.6359647058823528,1.4601,15.126050420168067,15.126050420168067,69.74789915966386
8,2026-07-02,2026-07-29,TREND_DOWN,intelligence_score,relative_strength,LOW,HIGH,66,UP,53.03030303030303,42.523110386079395,10.507192644223634,0.9248863636363637,0.6937,28.78787878787879,18.181818181818183,53.03030303030303
8,2026-07-02,2026-07-29,TREND_DOWN,intelligence_score,relative_strength,HIGH,LOW,56,UP,69.64285714285714,42.523110386079395,27.119746756777747,1.8426732142857143,1.67165,23.214285714285715,7.142857142857142,69.64285714285714
8,2026-07-02,2026-07-29,TREND_DOWN,intelligence_score,relative_strength,HIGH,HIGH,102,UP,64.70588235294117,42.523110386079395,22.182771966861786,2.041843137254902,1.31475,22.54901960784314,12.745098039215685,64.70588235294117
8,2026-07-02,2026-07-29,TREND_UP,intelligence_score,relative_strength,LOW,LOW,70,UP,55.714285714285715,43.642027754177285,12.072257960108429,0.7663185714285714,0.7020500000000001,30.0,14.285714285714285,55.714285714285715
8,2026-07-02,2026-07-29,TREND_UP,intelligence_score,relative_strength,LOW,HIGH,49,DOWN,36.734693877551024,41.971112999150385,-5.236419121599361,0.3758469387755102,-0.0452,36.734693877551024,26.53061224489796,36.734693877551024
8,2026-07-02,2026-07-29,TREND_UP,intelligence_score,relative_strength,HIGH,LOW,88,DOWN,52.27272727272727,41.971112999150385,10.301614273576886,-0.5442215909090908,-0.72295,52.27272727272727,13.636363636363635,34.090909090909086
8,2026-07-02,2026-07-29,TREND_UP,intelligence_score,relative_strength,HIGH,HIGH,87,DOWN,52.87356321839081,41.971112999150385,10.902450219240423,-0.7228597701149424,-0.7248,52.87356321839081,10.344827586206897,36.7816091954023
8,2026-07-02,2026-07-29,CHOPPY,intelligence_score,trend_score,LOW,LOW,98,DOWN,40.816326530612244,46.33550488599349,-5.5191783553812375,-0.26792857142857146,-0.28059999999999996,40.816326530612244,27.55102040816326,31.63265306122449
8,2026-07-02,2026-07-29,CHOPPY,intelligence_score,trend_score,LOW,HIGH,41,UP,48.78048780487805,40.06514657980456,8.715341225073486,0.809209756097561,0.1366,29.268292682926827,21.951219512195124,48.78048780487805
8,2026-07-02,2026-07-29,CHOPPY,intelligence_score,trend_score,HIGH,LOW,27,DOWN,51.85185185185185,46.33550488599349,5.516346965858365,-0.5403074074074073,-0.9856,51.85185185185185,11.11111111111111,37.03703703703704
8,2026-07-02,2026-07-29,CHOPPY,intelligence_score,trend_score,HIGH,HIGH,128,UP,44.53125,40.06514657980456,4.466103420195439,0.22193359375000005,0.0568,43.75,11.71875,44.53125
8,2026-07-02,2026-07-29,FLAT,intelligence_score,trend_score,LOW,LOW,25,UP,48.0,40.725806451612904,7.2741935483870925,0.31736800000000004,0.445,28.000000000000004,24.0,48.0
8,2026-07-02,2026-07-29,TREND_DOWN,intelligence_score,trend_score,LOW,LOW,148,UP,62.16216216216216,42.523110386079395,19.639051776082766,1.3451959459459457,1.0589,22.972972972972975,14.864864864864865,62.16216216216216
8,2026-07-02,2026-07-29,TREND_DOWN,intelligence_score,trend_score,LOW,HIGH,37,UP,70.27027027027027,42.523110386079395,27.747159884190882,1.5306297297297298,1.3948,8.108108108108109,21.62162162162162,70.27027027027027
8,2026-07-02,2026-07-29,TREND_DOWN,intelligence_score,trend_score,HIGH,LOW,27,UP,55.55555555555556,42.523110386079395,13.032445169476164,1.4140740740740738,1.233,33.33333333333333,11.11111111111111,55.55555555555556
8,2026-07-02,2026-07-29,TREND_DOWN,intelligence_score,trend_score,HIGH,HIGH,131,UP,68.70229007633588,42.523110386079395,26.179179690256486,2.086089312977099,1.6634,20.610687022900763,10.687022900763358,68.70229007633588
8,2026-07-02,2026-07-29,TREND_UP,intelligence_score,trend_score,LOW,LOW,88,UP,48.86363636363637,43.642027754177285,5.221608609459078,0.7105340909090909,0.43989999999999996,31.818181818181817,19.318181818181817,48.86363636363637
8,2026-07-02,2026-07-29,TREND_UP,intelligence_score,trend_score,LOW,HIGH,31,UP,45.16129032258064,43.642027754177285,1.5192625684033567,0.30747741935483874,-0.1024,35.483870967741936,19.35483870967742,45.16129032258064
8,2026-07-02,2026-07-29,TREND_UP,intelligence_score,trend_score,HIGH,LOW,21,UP,47.61904761904761,43.642027754177285,3.9770198648703294,-0.13242380952380944,0.1279,42.857142857142854,9.523809523809524,47.61904761904761
8,2026-07-02,2026-07-29,TREND_UP,intelligence_score,trend_score,HIGH,HIGH,154,DOWN,53.896103896103895,41.971112999150385,11.924990896953513,-0.7012948051948052,-0.77855,53.896103896103895,12.337662337662337,33.76623376623377
8,2026-07-02,2026-07-29,CHOPPY,intelligence_score,momentum_score,LOW,LOW,84,UP,39.285714285714285,40.06514657980456,-0.7794322940902765,0.17414166666666664,-0.0568,32.142857142857146,28.57142857142857,39.285714285714285
8,2026-07-02,2026-07-29,CHOPPY,intelligence_score,momentum_score,LOW,HIGH,55,DOWN,45.45454545454545,46.33550488599349,-0.8809594314480307,-0.14013272727272733,-0.2633,45.45454545454545,21.818181818181817,32.72727272727273
8,2026-07-02,2026-07-29,CHOPPY,intelligence_score,momentum_score,HIGH,LOW,48,UP,54.166666666666664,40.06514657980456,14.101520086862102,1.2918479166666668,0.87965,33.33333333333333,12.5,54.166666666666664
8,2026-07-02,2026-07-29,CHOPPY,intelligence_score,momentum_score,HIGH,HIGH,107,DOWN,50.467289719626166,46.33550488599349,4.131784833632679,-0.45036915887850465,-0.5599,50.467289719626166,11.214953271028037,38.31775700934579
8,2026-07-02,2026-07-29,FLAT,intelligence_score,momentum_score,LOW,LOW,22,UP,50.0,40.725806451612904,9.274193548387094,0.08717272727272722,0.47775,27.27272727272727,22.727272727272727,50.0
8,2026-07-02,2026-07-29,TREND_DOWN,intelligence_score,momentum_score,LOW,LOW,138,UP,64.4927536231884,42.523110386079395,21.96964323710901,1.2885543478260868,1.18195,21.014492753623188,14.492753623188406,64.4927536231884
8,2026-07-02,2026-07-29,TREND_DOWN,intelligence_score,momentum_score,LOW,HIGH,47,UP,61.702127659574465,42.523110386079395,19.179017273495074,1.6574851063829785,1.2338,17.02127659574468,21.27659574468085,61.702127659574465
8,2026-07-02,2026-07-29,TREND_DOWN,intelligence_score,momentum_score,HIGH,LOW,57,UP,71.9298245614035,42.523110386079395,29.406714175324115,2.0719719298245614,1.6271,17.543859649122805,10.526315789473683,71.9298245614035
8,2026-07-02,2026-07-29,TREND_DOWN,intelligence_score,momentum_score,HIGH,HIGH,101,UP,63.366336633663366,42.523110386079395,20.843226247583974,1.9144089108910889,1.3331,25.742574257425744,10.891089108910892,63.366336633663366
8,2026-07-02,2026-07-29,TREND_UP,intelligence_score,momentum_score,LOW,LOW,51,UP,49.01960784313725,43.642027754177285,5.377580088959966,0.33000196078431376,0.4951,37.254901960784316,13.725490196078432,49.01960784313725
8,2026-07-02,2026-07-29,TREND_UP,intelligence_score,momentum_score,LOW,HIGH,68,UP,47.05882352941176,43.642027754177285,3.416795775234477,0.8121867647058822,0.33655,29.411764705882355,23.52941176470588,47.05882352941176
8,2026-07-02,2026-07-29,TREND_UP,intelligence_score,momentum_score,HIGH,LOW,37,DOWN,56.75675675675676,41.971112999150385,14.78564375760637,-1.0798675675675675,-1.177,56.75675675675676,16.216216216216218,27.027027027027028
8,2026-07-02,2026-07-29,TREND_UP,intelligence_score,momentum_score,HIGH,HIGH,138,DOWN,51.449275362318836,41.971112999150385,9.478162363168451,-0.5132260869565218,-0.67715,51.449275362318836,10.869565217391305,37.68115942028986
8,2026-07-02,2026-07-29,CHOPPY,intelligence_score,volatility_score,LOW,LOW,64,UP,46.875,40.06514657980456,6.809853420195439,0.48465312499999996,0.19,35.9375,17.1875,46.875
8,2026-07-02,2026-07-29,CHOPPY,intelligence_score,volatility_score,LOW,HIGH,75,DOWN,38.666666666666664,46.33550488599349,-7.668838219326818,-0.3212960000000001,-0.245,38.666666666666664,33.33333333333333,28.000000000000004
8,2026-07-02,2026-07-29,CHOPPY,intelligence_score,volatility_score,HIGH,LOW,84,UP,48.80952380952381,40.06514657980456,8.744377229719246,0.7210404761904763,0.3204,41.66666666666667,9.523809523809524,48.80952380952381
8,2026-07-02,2026-07-29,CHOPPY,intelligence_score,volatility_score,HIGH,HIGH,71,DOWN,49.29577464788733,46.33550488599349,2.960269761893841,-0.658425352112676,-0.4883,49.29577464788733,14.084507042253522,36.61971830985916
8,2026-07-02,2026-07-29,TREND_DOWN,intelligence_score,volatility_score,LOW,LOW,92,UP,68.47826086956522,42.523110386079395,25.955150483485827,1.9134239130434783,1.3246,20.652173913043477,10.869565217391305,68.47826086956522
8,2026-07-02,2026-07-29,TREND_DOWN,intelligence_score,volatility_score,LOW,HIGH,93,UP,59.13978494623656,42.523110386079395,16.61667456015717,0.8568526881720431,1.066,19.35483870967742,21.50537634408602,59.13978494623656
8,2026-07-02,2026-07-29,TREND_DOWN,intelligence_score,volatility_score,HIGH,LOW,90,UP,75.55555555555556,42.523110386079395,33.03244516947616,2.9376144444444448,2.2109,16.666666666666664,7.777777777777778,75.55555555555556
8,2026-07-02,2026-07-29,TREND_DOWN,intelligence_score,volatility_score,HIGH,HIGH,68,UP,54.41176470588235,42.523110386079395,11.888654319802955,0.6922411764705884,0.9419,30.88235294117647,14.705882352941178,54.41176470588235
8,2026-07-02,2026-07-29,TREND_UP,intelligence_score,volatility_score,LOW,LOW,57,UP,49.122807017543856,43.642027754177285,5.4807792633665695,0.8075473684210527,0.4951,36.84210526315789,14.035087719298245,49.122807017543856
8,2026-07-02,2026-07-29,TREND_UP,intelligence_score,volatility_score,LOW,HIGH,62,UP,46.774193548387096,43.642027754177285,3.132165794209807,0.4198161290322581,0.26575,29.03225806451613,24.193548387096776,46.774193548387096
8,2026-07-02,2026-07-29,TREND_UP,intelligence_score,volatility_score,HIGH,LOW,86,DOWN,48.837209302325576,41.971112999150385,6.866096303175196,-0.30062558139534884,-0.39005,48.837209302325576,10.465116279069768,40.69767441860465
8,2026-07-02,2026-07-29,TREND_UP,intelligence_score,volatility_score,HIGH,HIGH,89,DOWN,56.17977528089888,41.971112999150385,14.208662281748497,-0.9542303370786516,-1.177,56.17977528089888,13.48314606741573,30.337078651685395
8,2026-07-02,2026-07-29,CHOPPY,intelligence_score,liquidity_score,LOW,LOW,76,UP,43.42105263157895,40.06514657980456,3.3559060517743875,0.44261052631578945,0.0828,30.263157894736842,26.31578947368421,43.42105263157895
8,2026-07-02,2026-07-29,CHOPPY,intelligence_score,liquidity_score,LOW,HIGH,63,DOWN,46.03174603174603,46.33550488599349,-0.3037588542474545,-0.4240920634920637,-0.3843,46.03174603174603,25.396825396825395,28.57142857142857
8,2026-07-02,2026-07-29,CHOPPY,intelligence_score,liquidity_score,HIGH,LOW,39,UP,46.15384615384615,40.06514657980456,6.088699574041595,-0.1976076923076923,0.433,38.46153846153847,15.384615384615385,46.15384615384615
8,2026-07-02,2026-07-29,CHOPPY,intelligence_score,liquidity_score,HIGH,HIGH,116,DOWN,47.41379310344828,46.33550488599349,1.0782882174547925,0.18556810344827585,-0.23165000000000002,47.41379310344828,10.344827586206897,42.241379310344826
8,2026-07-02,2026-07-29,TREND_DOWN,intelligence_score,liquidity_score,LOW,LOW,89,UP,64.04494382022472,42.523110386079395,21.521833434145325,1.2495483146067414,1.2338,17.97752808988764,17.97752808988764,64.04494382022472
8,2026-07-02,2026-07-29,TREND_DOWN,intelligence_score,liquidity_score,LOW,HIGH,96,UP,63.541666666666664,42.523110386079395,21.01855628058727,1.5053385416666665,1.15615,21.875,14.583333333333334,63.541666666666664
8,2026-07-02,2026-07-29,TREND_DOWN,intelligence_score,liquidity_score,HIGH,LOW,39,UP,74.35897435897436,42.523110386079395,31.835863972894966,1.7250333333333332,1.5789,23.076923076923077,2.564102564102564,74.35897435897436
8,2026-07-02,2026-07-29,TREND_DOWN,intelligence_score,liquidity_score,HIGH,HIGH,119,UP,63.86554621848739,42.523110386079395,21.342435832407997,2.051944537815126,1.3361,22.689075630252102,13.445378151260504,63.86554621848739
8,2026-07-02,2026-07-29,TREND_UP,intelligence_score,liquidity_score,LOW,LOW,64,UP,46.875,43.642027754177285,3.2329722458227126,0.3586359375,0.15955,29.6875,23.4375,46.875
8,2026-07-02,2026-07-29,TREND_UP,intelligence_score,liquidity_score,LOW,HIGH,55,UP,49.09090909090909,43.642027754177285,5.448881336731803,0.8928381818181818,0.4951,36.36363636363637,14.545454545454545,49.09090909090909
8,2026-07-02,2026-07-29,TREND_UP,intelligence_score,liquidity_score,HIGH,LOW,54,DOWN,61.111111111111114,41.971112999150385,19.139998111960733,-1.6378851851851852,-1.1494499999999999,61.111111111111114,9.25925925925926,29.629629629629626
8,2026-07-02,2026-07-29,TREND_UP,intelligence_score,liquidity_score,HIGH,HIGH,121,DOWN,48.760330578512395,41.971112999150385,6.7892175793620115,-0.18458264462809906,-0.4948,48.760330578512395,13.223140495867769,38.01652892561984
8,2026-07-02,2026-07-29,CHOPPY,relative_strength,trend_score,LOW,LOW,63,UP,39.682539682539684,40.06514657980456,-0.38260689726488106,-0.00033174603174600226,-0.0585,38.095238095238095,22.22222222222222,39.682539682539684
8,2026-07-02,2026-07-29,CHOPPY,relative_strength,trend_score,LOW,HIGH,59,UP,52.54237288135594,40.06514657980456,12.477226301551376,0.738328813559322,0.6356,33.89830508474576,13.559322033898304,52.54237288135594
8,2026-07-02,2026-07-29,CHOPPY,relative_strength,trend_score,HIGH,LOW,62,DOWN,48.38709677419355,46.33550488599349,2.051591888200066,-0.6584580645161292,-0.41105,48.38709677419355,25.806451612903224,25.806451612903224
8,2026-07-02,2026-07-29,CHOPPY,relative_strength,trend_score,HIGH,HIGH,110,DOWN,43.63636363636363,46.33550488599349,-2.6991412496298492,0.16385181818181813,-0.0237,43.63636363636363,14.545454545454545,41.81818181818181
8,2026-07-02,2026-07-29,TREND_DOWN,relative_strength,trend_score,LOW,LOW,111,UP,66.66666666666666,42.523110386079395,24.14355628058727,1.5943531531531532,1.4164,18.91891891891892,14.414414414414415,66.66666666666666
8,2026-07-02,2026-07-29,TREND_DOWN,relative_strength,trend_score,LOW,HIGH,64,UP,75.0,42.523110386079395,32.476889613920605,1.8890046875,1.7002,15.625,9.375,75.0
8,2026-07-02,2026-07-29,TREND_DOWN,relative_strength,trend_score,HIGH,LOW,64,UP,51.5625,42.523110386079395,9.039389613920607,0.942121875,0.76355,34.375,14.0625,51.5625
8,2026-07-02,2026-07-29,TREND_DOWN,relative_strength,trend_score,HIGH,HIGH,104,UP,65.38461538461539,42.523110386079395,22.86150499853599,2.009756730769231,1.31475,19.230769230769234,15.384615384615385,65.38461538461539
8,2026-07-02,2026-07-29,TREND_UP,relative_strength,trend_score,LOW,LOW,63,UP,55.55555555555556,43.642027754177285,11.91352780137827,0.6947555555555555,0.6835,31.746031746031743,12.698412698412698,55.55555555555556
8,2026-07-02,2026-07-29,TREND_UP,relative_strength,trend_score,LOW,HIGH,95,DOWN,49.473684210526315,41.971112999150385,7.50257121137593,-0.4001978947368421,-0.4948,49.473684210526315,14.736842105263156,35.78947368421053
8,2026-07-02,2026-07-29,TREND_UP,relative_strength,trend_score,HIGH,LOW,46,UP,39.130434782608695,43.642027754177285,-4.511592971568589,0.3473152173913044,0.06125,36.95652173913043,23.91304347826087,39.130434782608695
8,2026-07-02,2026-07-29,TREND_UP,relative_strength,trend_score,HIGH,HIGH,90,DOWN,52.22222222222223,41.971112999150385,10.251109223071841,-0.6716533333333332,-0.6565000000000001,52.22222222222223,12.222222222222221,35.55555555555556
8,2026-07-02,2026-07-29,CHOPPY,relative_strength,momentum_score,LOW,LOW,94,UP,44.680851063829785,40.06514657980456,4.6157044840252235,0.44291595744680845,0.02775,34.04255319148936,21.27659574468085,44.680851063829785
8,2026-07-02,2026-07-29,CHOPPY,relative_strength,momentum_score,LOW,HIGH,28,UP,50.0,40.06514657980456,9.934853420195438,0.06808571428571417,0.37670000000000003,42.857142857142854,7.142857142857142,50.0
8,2026-07-02,2026-07-29,CHOPPY,relative_strength,momentum_score,HIGH,LOW,38,UP,44.73684210526316,40.06514657980456,4.671695525458597,0.9211184210526315,0.3771,28.947368421052634,26.31578947368421,44.73684210526316
8,2026-07-02,2026-07-29,CHOPPY,relative_strength,momentum_score,HIGH,HIGH,134,DOWN,50.0,46.33550488599349,3.6644951140065163,-0.43136716417910453,-0.5012,50.0,16.417910447761194,33.582089552238806
8,2026-07-02,2026-07-29,FLAT,relative_strength,momentum_score,LOW,LOW,23,UP,47.82608695652174,40.725806451612904,7.1002805049088344,-0.21601739130434786,0.445,26.08695652173913,26.08695652173913,47.82608695652174
8,2026-07-02,2026-07-29,TREND_DOWN,relative_strength,momentum_score,LOW,LOW,150,UP,70.66666666666667,42.523110386079395,28.143556280587273,1.6578706666666665,1.5319,16.666666666666664,12.666666666666668,70.66666666666667
8,2026-07-02,2026-07-29,TREND_DOWN,relative_strength,momentum_score,LOW,HIGH,25,UP,64.0,42.523110386079395,21.47688961392061,1.967556,1.7381,24.0,12.0,64.0
8,2026-07-02,2026-07-29,TREND_DOWN,relative_strength,momentum_score,HIGH,LOW,45,UP,53.333333333333336,42.523110386079395,10.810222947253939,1.0498288888888887,0.6996,31.11111111111111,15.555555555555555,53.333333333333336
8,2026-07-02,2026-07-29,TREND_DOWN,relative_strength,momentum_score,HIGH,HIGH,123,UP,62.601626016260155,42.523110386079395,20.078515630180764,1.8054325203252033,1.2634,22.76422764227642,14.634146341463413,62.601626016260155
8,2026-07-02,2026-07-29,TREND_UP,relative_strength,momentum_score,LOW,LOW,81,DOWN,43.20987654320987,41.971112999150385,1.2387635440594902,-0.2201962962962962,-0.092,43.20987654320987,14.814814814814813,41.9753086419753
8,2026-07-02,2026-07-29,TREND_UP,relative_strength,momentum_score,LOW,HIGH,77,UP,45.45454545454545,43.642027754177285,1.8125177003681658,0.3063207792207792,0.2914,41.55844155844156,12.987012987012985,45.45454545454545
8,2026-07-02,2026-07-29,TREND_UP,relative_strength,momentum_score,HIGH,HIGH,129,DOWN,45.73643410852713,41.971112999150385,3.765321109376746,-0.3037457364341085,-0.3151,45.73643410852713,16.27906976744186,37.98449612403101
8,2026-07-02,2026-07-29,CHOPPY,relative_strength,volatility_score,LOW,LOW,69,UP,50.72463768115942,40.06514657980456,10.659491101354861,0.4271275362318841,0.6356,39.130434782608695,10.144927536231885,50.72463768115942
8,2026-07-02,2026-07-29,CHOPPY,relative_strength,volatility_score,LOW,HIGH,53,UP,39.62264150943396,40.06514657980456,-0.44250507037059683,0.26544716981132077,0.0,32.075471698113205,28.30188679245283,39.62264150943396
8,2026-07-02,2026-07-29,CHOPPY,relative_strength,volatility_score,HIGH,LOW,79,UP,45.56962025316456,40.06514657980456,5.504473673359994,0.786245569620253,0.2192,39.24050632911392,15.18987341772152,45.56962025316456
8,2026-07-02,2026-07-29,CHOPPY,relative_strength,volatility_score,HIGH,HIGH,93,DOWN,50.53763440860215,46.33550488599349,4.202129522608667,-0.9130548387096775,-0.6097,50.53763440860215,21.50537634408602,27.956989247311824
8,2026-07-02,2026-07-29,TREND_DOWN,relative_strength,volatility_score,LOW,LOW,87,UP,74.71264367816092,42.523110386079395,32.18953329208152,2.235659770114942,1.6799,16.091954022988507,9.195402298850574,74.71264367816092
8,2026-07-02,2026-07-29,TREND_DOWN,relative_strength,volatility_score,LOW,HIGH,88,UP,64.77272727272727,42.523110386079395,22.24961688664788,1.1746261363636363,1.44095,19.318181818181817,15.909090909090908,64.77272727272727
8,2026-07-02,2026-07-29,TREND_DOWN,relative_strength,volatility_score,HIGH,LOW,95,UP,69.47368421052632,42.523110386079395,26.950573824446927,2.5886094736842105,1.8903,21.052631578947366,9.473684210526317,69.47368421052632
8,2026-07-02,2026-07-29,TREND_DOWN,relative_strength,volatility_score,HIGH,HIGH,73,UP,47.94520547945205,42.523110386079395,5.422095093372659,0.3204465753424658,0.4548,30.136986301369863,21.91780821917808,47.94520547945205
8,2026-07-02,2026-07-29,TREND_UP,relative_strength,volatility_score,LOW,LOW,64,UP,53.125,43.642027754177285,9.482972245822713,0.7202718750000001,0.63365,37.5,9.375,53.125
8,2026-07-02,2026-07-29,TREND_UP,relative_strength,volatility_score,LOW,HIGH,94,DOWN,45.744680851063826,41.971112999150385,3.7735678519134455,-0.42921914893617014,-0.40990000000000004,45.744680851063826,17.02127659574468,37.234042553191486
8,2026-07-02,2026-07-29,TREND_UP,relative_strength,volatility_score,HIGH,LOW,79,DOWN,49.36708860759494,41.971112999150385,7.395975608444555,-0.32811392405063283,-0.465,49.36708860759494,13.924050632911392,36.708860759493675
8,2026-07-02,2026-07-29,TREND_UP,relative_strength,volatility_score,HIGH,HIGH,57,DOWN,43.859649122807014,41.971112999150385,1.8885361236566311,-0.32546140350877184,-0.2326,43.859649122807014,19.298245614035086,36.84210526315789
8,2026-07-02,2026-07-29,CHOPPY,relative_strength,liquidity_score,LOW,LOW,48,UP,45.83333333333333,40.06514657980456,5.76818675352877,0.34884583333333335,0.28605,29.166666666666668,25.0,45.83333333333333
8,2026-07-02,2026-07-29,CHOPPY,relative_strength,liquidity_score,LOW,HIGH,74,UP,45.94594594594595,40.06514657980456,5.880799366141387,0.36210675675675663,-0.10074999999999999,40.54054054054054,13.513513513513514,45.94594594594595
8,2026-07-02,2026-07-29,CHOPPY,relative_strength,liquidity_score,HIGH,LOW,67,UP,43.28358208955223,40.06514657980456,3.2184355097476747,0.13712089552238807,0.1096,35.82089552238806,20.8955223880597,43.28358208955223
8,2026-07-02,2026-07-29,CHOPPY,relative_strength,liquidity_score,HIGH,HIGH,105,DOWN,51.42857142857142,46.33550488599349,5.09306654257794,-0.3046457142857143,-0.6479,51.42857142857142,17.142857142857142,31.428571428571427
8,2026-07-02,2026-07-29,TREND_DOWN,relative_strength,liquidity_score,LOW,LOW,65,UP,67.6923076923077,42.523110386079395,25.169197306228302,1.412043076923077,1.4218,15.384615384615385,16.923076923076923,67.6923076923077
8,2026-07-02,2026-07-29,TREND_DOWN,relative_strength,liquidity_score,LOW,HIGH,110,UP,70.9090909090909,42.523110386079395,28.38598052301152,1.8735154545454547,1.6368,19.090909090909093,10.0,70.9090909090909
8,2026-07-02,2026-07-29,TREND_DOWN,relative_strength,liquidity_score,HIGH,LOW,63,UP,66.66666666666666,42.523110386079395,24.14355628058727,1.376242857142857,1.259,23.809523809523807,9.523809523809524,66.66666666666666
8,2026-07-02,2026-07-29,TREND_DOWN,relative_strength,liquidity_score,HIGH,HIGH,105,UP,56.19047619047619,42.523110386079395,13.667365804396796,1.7391161904761905,0.977,25.71428571428571,18.095238095238095,56.19047619047619
8,2026-07-02,2026-07-29,TREND_UP,relative_strength,liquidity_score,LOW,LOW,63,UP,47.61904761904761,43.642027754177285,3.9770198648703294,-0.20447142857142864,0.1634,44.44444444444444,7.936507936507936,47.61904761904761
8,2026-07-02,2026-07-29,TREND_UP,relative_strength,liquidity_score,LOW,HIGH,95,DOWN,41.05263157894737,41.971112999150385,-0.9184814202030156,0.19613157894736846,0.0,41.05263157894737,17.894736842105264,41.05263157894737
8,2026-07-02,2026-07-29,TREND_UP,relative_strength,liquidity_score,HIGH,LOW,55,DOWN,43.63636363636363,41.971112999150385,1.6652506372132503,-0.956570909090909,-0.3151,43.63636363636363,27.27272727272727,29.09090909090909
8,2026-07-02,2026-07-29,TREND_UP,relative_strength,liquidity_score,HIGH,HIGH,81,DOWN,49.382716049382715,41.971112999150385,7.41160305023233,0.1004827160493827,-0.4951,49.382716049382715,8.641975308641975,41.9753086419753
8,2026-07-02,2026-07-29,CHOPPY,trend_score,momentum_score,LOW,LOW,77,DOWN,36.36363636363637,46.33550488599349,-9.97186852235712,-0.08135714285714284,-0.1887,36.36363636363637,27.27272727272727,36.36363636363637
8,2026-07-02,2026-07-29,CHOPPY,trend_score,momentum_score,LOW,HIGH,48,DOWN,54.166666666666664,46.33550488599349,7.831161780673179,-0.7204333333333333,-0.6831,54.166666666666664,18.75,27.083333333333332
8,2026-07-02,2026-07-29,CHOPPY,trend_score,momentum_score,HIGH,LOW,55,UP,56.36363636363636,40.06514657980456,16.298489783831798,1.5072927272727272,1.0828,27.27272727272727,16.363636363636363,56.36363636363636
8,2026-07-02,2026-07-29,CHOPPY,trend_score,momentum_score,HIGH,HIGH,114,DOWN,46.49122807017544,46.33550488599349,0.15572318418195508,-0.18698245614035086,-0.11929999999999999,46.49122807017544,13.157894736842104,40.35087719298245
8,2026-07-02,2026-07-29,FLAT,trend_score,momentum_score,LOW,LOW,20,UP,45.0,40.725806451612904,4.274193548387095,-0.15343999999999997,0.29085,35.0,20.0,45.0
8,2026-07-02,2026-07-29,TREND_DOWN,trend_score,momentum_score,LOW,LOW,134,UP,61.19402985074627,42.523110386079395,18.670919464666873,1.230755223880597,1.04455,23.88059701492537,14.925373134328357,61.19402985074627
8,2026-07-02,2026-07-29,TREND_DOWN,trend_score,momentum_score,LOW,HIGH,41,UP,60.97560975609756,42.523110386079395,18.452499370018167,1.7645804878048783,1.2338,26.82926829268293,12.195121951219512,60.97560975609756
8,2026-07-02,2026-07-29,TREND_DOWN,trend_score,momentum_score,HIGH,LOW,61,UP,78.68852459016394,42.523110386079395,36.16541420408454,2.1475688524590164,1.7205,11.475409836065573,9.836065573770492,78.68852459016394
8,2026-07-02,2026-07-29,TREND_DOWN,trend_score,momentum_score,HIGH,HIGH,107,UP,63.55140186915887,42.523110386079395,21.02829148307948,1.8589654205607478,1.3134,21.49532710280374,14.953271028037381,63.55140186915887
8,2026-07-02,2026-07-29,TREND_UP,trend_score,momentum_score,LOW,LOW,55,UP,47.27272727272727,43.642027754177285,3.6306995185499846,0.10932909090909093,0.3847,40.0,12.727272727272727,47.27272727272727
8,2026-07-02,2026-07-29,TREND_UP,trend_score,momentum_score,LOW,HIGH,54,UP,50.0,43.642027754177285,6.357972245822713,0.9950555555555558,0.49965000000000004,27.77777777777778,22.22222222222222,50.0
8,2026-07-02,2026-07-29,TREND_UP,trend_score,momentum_score,HIGH,LOW,33,DOWN,54.54545454545454,41.971112999150385,12.574341546304158,-0.8829727272727274,-0.9437,54.54545454545454,18.181818181818183,27.27272727272727
8,2026-07-02,2026-07-29,TREND_UP,trend_score,momentum_score,HIGH,HIGH,152,DOWN,50.0,41.971112999150385,8.028887000849616,-0.45611513157894734,-0.50685,50.0,12.5,37.5
8,2026-07-02,2026-07-29,CHOPPY,trend_score,volatility_score,LOW,LOW,58,DOWN,39.6551724137931,46.33550488599349,-6.680332472200378,0.03712586206896549,-0.1557,39.6551724137931,22.413793103448278,37.93103448275862
8,2026-07-02,2026-07-29,CHOPPY,trend_score,volatility_score,LOW,HIGH,67,DOWN,46.26865671641791,46.33550488599349,-0.06684816957557294,-0.6417701492537314,-0.3796,46.26865671641791,25.37313432835821,28.35820895522388
8,2026-07-02,2026-07-29,CHOPPY,trend_score,volatility_score,HIGH,LOW,90,UP,54.44444444444444,40.06514657980456,14.379297864639879,0.9936877777777777,0.98085,38.88888888888889,6.666666666666667,54.44444444444444
8,2026-07-02,2026-07-29,CHOPPY,trend_score,volatility_score,HIGH,HIGH,79,DOWN,41.77215189873418,46.33550488599349,-4.5633529872593055,-0.35249113924050623,-0.1498,41.77215189873418,22.78481012658228,35.44303797468354
8,2026-07-02,2026-07-29,TREND_DOWN,trend_score,volatility_score,LOW,LOW,88,UP,65.9090909090909,42.523110386079395,23.38598052301151,1.9882863636363637,1.3246,23.863636363636363,10.227272727272728,65.9090909090909
8,2026-07-02,2026-07-29,TREND_DOWN,trend_score,volatility_score,LOW,HIGH,87,UP,56.32183908045977,42.523110386079395,13.798728694380374,0.7160896551724136,1.0444,25.287356321839084,18.39080459770115,56.32183908045977
8,2026-07-02,2026-07-29,TREND_DOWN,trend_score,volatility_score,HIGH,LOW,94,UP,77.6595744680851,42.523110386079395,35.13646408200571,2.8239478723404257,2.17105,13.829787234042554,8.51063829787234,77.6595744680851
8,2026-07-02,2026-07-29,TREND_DOWN,trend_score,volatility_score,HIGH,HIGH,74,UP,58.108108108108105,42.523110386079395,15.58499772202871,0.8710797297297298,1.0951,22.972972972972975,18.91891891891892,58.108108108108105
8,2026-07-02,2026-07-29,TREND_UP,trend_score,volatility_score,LOW,LOW,55,UP,49.09090909090909,43.642027754177285,5.448881336731803,0.6481454545454546,0.4951,36.36363636363637,14.545454545454545,49.09090909090909
8,2026-07-02,2026-07-29,TREND_UP,trend_score,volatility_score,LOW,HIGH,54,UP,48.148148148148145,43.642027754177285,4.506120393970859,0.4462611111111112,0.353,31.48148148148148,20.37037037037037,48.148148148148145
8,2026-07-02,2026-07-29,TREND_UP,trend_score,volatility_score,HIGH,LOW,88,DOWN,48.86363636363637,41.971112999150385,6.892523364485981,-0.17581363636363634,-0.39005,48.86363636363637,10.227272727272728,40.909090909090914
8,2026-07-02,2026-07-29,TREND_UP,trend_score,volatility_score,HIGH,HIGH,97,DOWN,52.57731958762887,41.971112999150385,10.606206588478484,-0.8556288659793816,-0.7227,52.57731958762887,16.49484536082474,30.927835051546392
8,2026-07-02,2026-07-29,CHOPPY,trend_score,liquidity_score,LOW,LOW,39,UP,41.02564102564102,40.06514657980456,0.9604944458364628,0.13234102564102565,0.1096,30.76923076923077,28.205128205128204,41.02564102564102
8,2026-07-02,2026-07-29,CHOPPY,trend_score,liquidity_score,LOW,HIGH,86,DOWN,48.837209302325576,46.33550488599349,2.5017044163320956,-0.5349604651162789,-0.4218,48.837209302325576,22.093023255813954,29.069767441860467
8,2026-07-02,2026-07-29,CHOPPY,trend_score,liquidity_score,HIGH,LOW,76,UP,46.05263157894737,40.06514657980456,5.987484999142806,0.2732947368421053,0.20975,34.21052631578947,19.736842105263158,46.05263157894737
8,2026-07-02,2026-07-29,CHOPPY,trend_score,liquidity_score,HIGH,HIGH,93,DOWN,45.16129032258064,46.33550488599349,-1.1742145634128398,0.43886774193548395,0.052,45.16129032258064,9.67741935483871,45.16129032258064
8,2026-07-02,2026-07-29,TREND_DOWN,trend_score,liquidity_score,LOW,LOW,55,UP,61.81818181818181,42.523110386079395,19.29507143210242,1.1464454545454545,1.0518,23.636363636363637,14.545454545454545,61.81818181818181
8,2026-07-02,2026-07-29,TREND_DOWN,trend_score,liquidity_score,LOW,HIGH,120,UP,60.83333333333333,42.523110386079395,18.310222947253934,1.4517874999999998,1.15615,25.0,14.166666666666666,60.83333333333333
8,2026-07-02,2026-07-29,TREND_DOWN,trend_score,liquidity_score,HIGH,LOW,73,UP,71.23287671232876,42.523110386079395,28.70976632624937,1.581254794520548,1.3948,16.43835616438356,12.32876712328767,71.23287671232876
8,2026-07-02,2026-07-29,TREND_DOWN,trend_score,liquidity_score,HIGH,HIGH,95,UP,67.36842105263158,42.523110386079395,24.845310666552184,2.2576778947368417,1.6634,18.947368421052634,13.684210526315791,67.36842105263158
8,2026-07-02,2026-07-29,TREND_UP,trend_score,liquidity_score,LOW,LOW,34,UP,47.05882352941176,43.642027754177285,3.416795775234477,0.335764705882353,0.25880000000000003,26.47058823529412,26.47058823529412,47.05882352941176
8,2026-07-02,2026-07-29,TREND_UP,trend_score,liquidity_score,LOW,HIGH,75,UP,49.333333333333336,43.642027754177285,5.691305579156047,0.6444013333333334,0.4951,37.333333333333336,13.333333333333334,49.333333333333336
8,2026-07-02,2026-07-29,TREND_UP,trend_score,liquidity_score,HIGH,LOW,84,DOWN,51.19047619047619,41.971112999150385,9.219363191325803,-0.9155845238095239,-0.5603,51.19047619047619,13.095238095238097,35.714285714285715
8,2026-07-02,2026-07-29,TREND_UP,trend_score,liquidity_score,HIGH,HIGH,101,DOWN,50.495049504950494,41.971112999150385,8.523936505800112,-0.2134504950495049,-0.6316,50.495049504950494,13.861386138613863,35.64356435643564
8,2026-07-02,2026-07-29,CHOPPY,momentum_score,volatility_score,LOW,LOW,72,UP,54.166666666666664,40.06514657980456,14.101520086862102,1.0790680555555554,0.7512,30.555555555555557,15.277777777777779,54.166666666666664
8,2026-07-02,2026-07-29,CHOPPY,momentum_score,volatility_score,LOW,HIGH,60,DOWN,35.0,46.33550488599349,-11.335504885993487,-0.017604999999999975,-0.182,35.0,31.666666666666664,33.33333333333333
8,2026-07-02,2026-07-29,CHOPPY,momentum_score,volatility_score,HIGH,LOW,76,DOWN,47.368421052631575,46.33550488599349,1.0329161666380926,0.1827934210526316,-0.1286,47.368421052631575,10.526315789473683,42.10526315789473
8,2026-07-02,2026-07-29,CHOPPY,momentum_score,volatility_score,HIGH,HIGH,86,DOWN,50.0,46.33550488599349,3.6644951140065163,-0.8115011627906977,-0.5261,50.0,18.6046511627907,31.3953488372093
8,2026-07-02,2026-07-29,TREND_DOWN,momentum_score,volatility_score,LOW,LOW,95,UP,70.52631578947368,42.523110386079395,28.003205403394286,2.121205263157895,1.461,17.894736842105264,11.578947368421053,70.52631578947368
8,2026-07-02,2026-07-29,TREND_DOWN,momentum_score,volatility_score,LOW,HIGH,100,UP,63.0,42.523110386079395,20.47688961392061,0.9440840000000003,1.30305,22.0,15.0,63.0
8,2026-07-02,2026-07-29,TREND_DOWN,momentum_score,volatility_score,HIGH,LOW,87,UP,73.5632183908046,42.523110386079395,31.0401080047252,2.7460436781609197,2.1434,19.54022988505747,6.896551724137931,73.5632183908046
8,2026-07-02,2026-07-29,TREND_DOWN,momentum_score,volatility_score,HIGH,HIGH,61,UP,47.540983606557376,42.523110386079395,5.017873220477981,0.5303491803278689,0.4548,27.86885245901639,24.59016393442623,47.540983606557376
8,2026-07-02,2026-07-29,TREND_UP,momentum_score,volatility_score,LOW,LOW,33,DOWN,42.42424242424242,41.971112999150385,0.45312942509204146,0.0383515151515151,-0.092,42.42424242424242,15.151515151515152,42.42424242424242
8,2026-07-02,2026-07-29,TREND_UP,momentum_score,volatility_score,LOW,HIGH,55,DOWN,47.27272727272727,41.971112999150385,5.301614273576888,-0.44346545454545455,-0.4948,47.27272727272727,14.545454545454545,38.18181818181819
8,2026-07-02,2026-07-29,TREND_UP,momentum_score,volatility_score,HIGH,LOW,110,DOWN,44.54545454545455,41.971112999150385,2.5743415463041597,0.17191636363636362,-0.013499999999999998,44.54545454545455,10.909090909090908,44.54545454545455
8,2026-07-02,2026-07-29,TREND_UP,momentum_score,volatility_score,HIGH,HIGH,96,DOWN,43.75,41.971112999150385,1.778887000849616,-0.3594510416666666,-0.1683,43.75,19.791666666666664,36.45833333333333
8,2026-07-02,2026-07-29,CHOPPY,momentum_score,liquidity_score,LOW,LOW,48,UP,45.83333333333333,40.06514657980456,5.76818675352877,0.5430895833333335,0.42565,22.916666666666664,31.25,45.83333333333333
8,2026-07-02,2026-07-29,CHOPPY,momentum_score,liquidity_score,LOW,HIGH,84,UP,44.047619047619044,40.06514657980456,3.9824724678144854,0.6020035714285715,-0.10074999999999999,38.095238095238095,17.857142857142858,44.047619047619044
8,2026-07-02,2026-07-29,CHOPPY,momentum_score,liquidity_score,HIGH,LOW,67,UP,43.28358208955223,40.06514657980456,3.2184355097476747,-0.0020388059701492212,0.056,40.298507462686565,16.417910447761194,43.28358208955223
8,2026-07-02,2026-07-29,CHOPPY,momentum_score,liquidity_score,HIGH,HIGH,95,DOWN,54.736842105263165,46.33550488599349,8.401337219269678,-0.5869494736842105,-0.7576,54.736842105263165,13.684210526315791,31.57894736842105
8,2026-07-02,2026-07-29,TREND_DOWN,momentum_score,liquidity_score,LOW,LOW,70,UP,67.14285714285714,42.523110386079395,24.619746756777744,1.4225542857142859,1.4083,18.571428571428573,14.285714285714285,67.14285714285714
8,2026-07-02,2026-07-29,TREND_DOWN,momentum_score,liquidity_score,LOW,HIGH,125,UP,66.4,42.523110386079395,23.87688961392061,1.5707527999999995,1.3127,20.8,12.8,66.4
8,2026-07-02,2026-07-29,TREND_DOWN,momentum_score,liquidity_score,HIGH,LOW,58,UP,67.24137931034483,42.523110386079395,24.718268924265434,1.3604706896551724,1.26295,20.689655172413794,12.068965517241379,67.24137931034483
8,2026-07-02,2026-07-29,TREND_DOWN,momentum_score,liquidity_score,HIGH,HIGH,90,UP,60.0,42.523110386079395,17.476889613920605,2.1372199999999997,1.3878,24.444444444444443,15.555555555555555,60.0
8,2026-07-02,2026-07-29,TREND_UP,momentum_score,liquidity_score,LOW,LOW,24,UP,50.0,43.642027754177285,6.357972245822713,-0.27954166666666663,0.20185,45.83333333333333,4.166666666666666,50.0
8,2026-07-02,2026-07-29,TREND_UP,momentum_score,liquidity_score,LOW,HIGH,64,DOWN,45.3125,41.971112999150385,3.341387000849616,-0.2565,-0.38675000000000004,45.3125,18.75,35.9375
8,2026-07-02,2026-07-29,TREND_UP,momentum_score,liquidity_score,HIGH,LOW,94,DOWN,43.61702127659575,41.971112999150385,1.6459082774453626,-0.6253627659574471,-0.27385,43.61702127659575,20.212765957446805,36.17021276595745
8,2026-07-02,2026-07-29,TREND_UP,momentum_score,liquidity_score,HIGH,HIGH,112,DOWN,44.642857142857146,41.971112999150385,2.6717441437067615,0.38560357142857143,0.26795,44.642857142857146,10.714285714285714,44.642857142857146
8,2026-07-02,2026-07-29,CHOPPY,volatility_score,liquidity_score,LOW,LOW,45,UP,51.11111111111111,40.06514657980456,11.045964531306545,0.3836244444444444,0.8528,31.11111111111111,17.77777777777778,51.11111111111111
8,2026-07-02,2026-07-29,CHOPPY,volatility_score,liquidity_score,LOW,HIGH,103,UP,46.601941747572816,40.06514657980456,6.536795167768256,0.7215737864077668,0.1077,42.71844660194174,10.679611650485436,46.601941747572816
8,2026-07-02,2026-07-29,CHOPPY,volatility_score,liquidity_score,HIGH,LOW,70,UP,40.0,40.06514657980456,-0.06514657980455918,0.12383714285714291,0.028,34.285714285714285,25.71428571428571,40.0
8,2026-07-02,2026-07-29,CHOPPY,volatility_score,liquidity_score,HIGH,HIGH,76,DOWN,52.63157894736842,46.33550488599349,6.296074061374934,-1.0462368421052632,-0.5802,52.63157894736842,22.36842105263158,25.0
8,2026-07-02,2026-07-29,TREND_DOWN,volatility_score,liquidity_score,LOW,LOW,55,UP,74.54545454545455,42.523110386079395,32.02234415937515,2.1517872727272724,1.5888,20.0,5.454545454545454,74.54545454545455
8,2026-07-02,2026-07-29,TREND_DOWN,volatility_score,liquidity_score,LOW,HIGH,127,UP,70.86614173228347,42.523110386079395,28.343031346204068,2.536,1.8616,18.11023622047244,11.023622047244094,70.86614173228347
8,2026-07-02,2026-07-29,TREND_DOWN,volatility_score,liquidity_score,HIGH,LOW,73,UP,61.64383561643836,42.523110386079395,19.120725230358964,0.8238054794520548,1.1422,19.17808219178082,19.17808219178082,61.64383561643836
8,2026-07-02,2026-07-29,TREND_DOWN,volatility_score,liquidity_score,HIGH,HIGH,88,UP,53.40909090909091,42.523110386079395,10.885980523011513,0.7570670454545454,0.8589,28.40909090909091,18.181818181818183,53.40909090909091
8,2026-07-02,2026-07-29,TREND_UP,volatility_score,liquidity_score,LOW,LOW,45,DOWN,48.888888888888886,41.971112999150385,6.917775889738503,-0.9468422222222224,-0.4298,48.888888888888886,13.333333333333334,37.77777777777778
8,2026-07-02,2026-07-29,TREND_UP,volatility_score,liquidity_score,LOW,HIGH,98,UP,46.93877551020408,43.642027754177285,3.2967477560267966,0.6406561224489796,0.3523,41.83673469387755,11.224489795918368,46.93877551020408
8,2026-07-02,2026-07-29,TREND_UP,volatility_score,liquidity_score,HIGH,LOW,73,DOWN,41.0958904109589,41.971112999150385,-0.8752225881914821,-0.31349589041095893,-0.1024,41.0958904109589,19.17808219178082,39.726027397260275
8,2026-07-02,2026-07-29,TREND_UP,volatility_score,liquidity_score,HIGH,HIGH,78,DOWN,48.717948717948715,41.971112999150385,6.746835718798333,-0.4617012820512822,-0.4962,48.717948717948715,16.666666666666664,34.61538461538461
9,2026-07-30,2026-08-04,TREND_UP,change_pct,intelligence_score,LOW,LOW,32,UP,43.75,43.39869281045752,0.3513071895424824,1.2388000000000001,0.392,25.0,31.25,43.75
9,2026-07-30,2026-08-04,TREND_UP,change_pct,intelligence_score,LOW,HIGH,54,UP,50.0,43.39869281045752,6.601307189542482,0.878124074074074,0.488,37.03703703703704,12.962962962962962,50.0
9,2026-07-30,2026-08-04,TREND_UP,change_pct,intelligence_score,HIGH,LOW,36,DOWN,41.66666666666667,42.169934640522875,-0.5032679738562085,0.4127722222222223,-0.3709,41.66666666666667,22.22222222222222,36.11111111111111
9,2026-07-30,2026-08-04,TREND_UP,change_pct,intelligence_score,HIGH,HIGH,68,DOWN,41.17647058823529,42.169934640522875,-0.9934640522875848,0.444485294117647,0.065,41.17647058823529,19.11764705882353,39.705882352941174
9,2026-07-30,2026-08-04,TREND_UP,change_pct,relative_strength,LOW,LOW,71,UP,53.52112676056338,43.39869281045752,10.122433950105858,1.247467605633803,0.7433,28.169014084507044,18.30985915492958,53.52112676056338
9,2026-07-30,2026-08-04,TREND_UP,change_pct,relative_strength,HIGH,LOW,36,DOWN,38.88888888888889,42.169934640522875,-3.2810457516339877,0.35837222222222204,-0.2793,38.88888888888889,22.22222222222222,38.88888888888889
9,2026-07-30,2026-08-04,TREND_UP,change_pct,relative_strength,HIGH,HIGH,68,DOWN,42.64705882352941,42.169934640522875,0.47712418300653314,0.473285294117647,-0.18265,42.64705882352941,19.11764705882353,38.23529411764706
9,2026-07-30,2026-08-04,TREND_UP,change_pct,trend_score,LOW,LOW,31,DOWN,38.70967741935484,42.169934640522875,-3.4602572211680394,0.7866935483870968,0.2656,38.70967741935484,22.58064516129032,38.70967741935484
9,2026-07-30,2026-08-04,TREND_UP,change_pct,trend_score,LOW,HIGH,55,UP,52.72727272727272,43.39869281045752,9.328579916815205,1.1395054545454544,0.7433,29.09090909090909,18.181818181818183,52.72727272727272
9,2026-07-30,2026-08-04,TREND_UP,change_pct,trend_score,HIGH,LOW,31,DOWN,48.38709677419355,42.169934640522875,6.217162133670673,0.30332580645161283,-0.4877,48.38709677419355,16.129032258064516,35.483870967741936
9,2026-07-30,2026-08-04,TREND_UP,change_pct,trend_score,HIGH,HIGH,73,UP,39.726027397260275,43.39869281045752,-3.6726654131972456,0.4887904109589041,0.0147,38.35616438356164,21.91780821917808,39.726027397260275
9,2026-07-30,2026-08-04,TREND_UP,change_pct,momentum_score,LOW,LOW,46,UP,43.47826086956522,43.39869281045752,0.0795680591076986,1.079317391304348,0.3109,32.608695652173914,23.91304347826087,43.47826086956522
9,2026-07-30,2026-08-04,TREND_UP,change_pct,momentum_score,LOW,HIGH,40,UP,52.5,43.39869281045752,9.101307189542485,0.9352925000000001,0.7317499999999999,32.5,15.0,52.5
9,2026-07-30,2026-08-04,TREND_UP,change_pct,momentum_score,HIGH,HIGH,96,DOWN,40.625,42.169934640522875,-1.544934640522877,0.5323802083333332,-0.157,40.625,19.791666666666664,39.58333333333333
9,2026-07-30,2026-08-04,TREND_UP,change_pct,volatility_score,LOW,LOW,43,UP,51.162790697674424,43.39869281045752,7.764097887216903,1.1353232558139534,0.5691,37.2093023255814,11.627906976744185,51.162790697674424
9,2026-07-30,2026-08-04,TREND_UP,change_pct,volatility_score,LOW,HIGH,43,UP,44.18604651162791,43.39869281045752,0.7873537011703902,0.8893348837209301,0.3199,27.906976744186046,27.906976744186046,44.18604651162791
9,2026-07-30,2026-08-04,TREND_UP,change_pct,volatility_score,HIGH,LOW,61,DOWN,44.26229508196721,42.169934640522875,2.0923604414443355,0.08431967213114756,-0.2961,44.26229508196721,19.672131147540984,36.0655737704918
9,2026-07-30,2026-08-04,TREND_UP,change_pct,volatility_score,HIGH,HIGH,43,UP,41.86046511627907,43.39869281045752,-1.5382276941784456,0.9288674418604652,-0.1372,37.2093023255814,20.930232558139537,41.86046511627907
9,2026-07-30,2026-08-04,TREND_UP,change_pct,liquidity_score,LOW,LOW,27,UP,51.85185185185185,43.39869281045752,8.453159041394331,1.5149481481481482,0.7433,18.51851851851852,29.629629629629626,51.85185185185185
9,2026-07-30,2026-08-04,TREND_UP,change_pct,liquidity_score,LOW,HIGH,59,UP,45.76271186440678,43.39869281045752,2.3640190539492623,0.7823169491525425,0.2558,38.983050847457626,15.254237288135593,45.76271186440678
9,2026-07-30,2026-08-04,TREND_UP,change_pct,liquidity_score,HIGH,LOW,34,DOWN,41.17647058823529,42.169934640522875,-0.9934640522875848,0.4585058823529411,-0.3719,41.17647058823529,23.52941176470588,35.294117647058826
9,2026-07-30,2026-08-04,TREND_UP,change_pct,liquidity_score,HIGH,HIGH,70,DOWN,41.42857142857143,42.169934640522875,-0.7413632119514457,0.42136571428571423,0.065,41.42857142857143,18.571428571428573,40.0
9,2026-07-30,2026-08-04,TREND_UP,intelligence_score,relative_strength,LOW,LOW,40,UP,50.0,43.39869281045752,6.601307189542482,1.209135,0.5021,25.0,25.0,50.0
9,2026-07-30,2026-08-04,TREND_UP,intelligence_score,relative_strength,LOW,HIGH,28,DOWN,46.42857142857143,42.169934640522875,4.258636788048554,0.21914285714285722,-0.48224999999999996,46.42857142857143,28.57142857142857,25.0
9,2026-07-30,2026-08-04,TREND_UP,intelligence_score,relative_strength,HIGH,LOW,67,UP,47.76119402985074,43.39869281045752,4.362501219393228,0.7926298507462688,0.2558,35.82089552238806,16.417910447761194,47.76119402985074
9,2026-07-30,2026-08-04,TREND_UP,intelligence_score,relative_strength,HIGH,HIGH,55,DOWN,43.63636363636363,42.169934640522875,1.4664289958407573,0.44613636363636366,0.0052,43.63636363636363,16.363636363636363,40.0
9,2026-07-30,2026-08-04,TREND_UP,intelligence_score,trend_score,LOW,LOW,51,DOWN,39.21568627450981,42.169934640522875,-2.954248366013074,0.855421568627451,-0.1768,39.21568627450981,23.52941176470588,37.254901960784316
9,2026-07-30,2026-08-04,TREND_UP,intelligence_score,trend_score,HIGH,HIGH,111,UP,45.04504504504504,43.39869281045752,1.646352234587528,0.7881045045045045,0.2077,36.93693693693694,18.01801801801802,45.04504504504504
9,2026-07-30,2026-08-04,TREND_UP,intelligence_score,momentum_score,LOW,LOW,29,UP,41.37931034482759,43.39869281045752,-2.019382465629932,1.1344103448275862,0.3199,27.586206896551722,31.03448275862069,41.37931034482759
9,2026-07-30,2026-08-04,TREND_UP,intelligence_score,momentum_score,LOW,HIGH,39,DOWN,38.46153846153847,42.169934640522875,-3.7083961789844135,0.5539358974358976,-0.2625,38.46153846153847,23.076923076923077,38.46153846153847
9,2026-07-30,2026-08-04,TREND_UP,intelligence_score,momentum_score,HIGH,LOW,25,DOWN,44.0,42.169934640522875,1.8300653594771232,0.42907999999999996,-0.1754,44.0,16.0,40.0
9,2026-07-30,2026-08-04,TREND_UP,intelligence_score,momentum_score,HIGH,HIGH,97,UP,45.36082474226804,43.39869281045752,1.9621319318105235,0.6898628865979384,0.2077,38.144329896907216,16.49484536082474,45.36082474226804
9,2026-07-30,2026-08-04,TREND_UP,intelligence_score,volatility_score,LOW,LOW,42,DOWN,42.857142857142854,42.169934640522875,0.6872082166199778,0.3388261904761905,-0.3709,42.857142857142854,19.047619047619047,38.095238095238095
9,2026-07-30,2026-08-04,TREND_UP,intelligence_score,volatility_score,LOW,HIGH,26,UP,42.30769230769231,43.39869281045752,-1.0910005027652103,1.5488730769230767,0.3775,19.230769230769234,38.46153846153847,42.30769230769231
9,2026-07-30,2026-08-04,TREND_UP,intelligence_score,volatility_score,HIGH,LOW,62,UP,45.16129032258064,43.39869281045752,1.7625975121231263,0.6408338709677418,0.12395,40.32258064516129,14.516129032258066,45.16129032258064
9,2026-07-30,2026-08-04,TREND_UP,intelligence_score,volatility_score,HIGH,HIGH,60,UP,43.333333333333336,43.39869281045752,-0.06535947712418277,0.6318666666666667,0.20655,38.333333333333336,18.333333333333332,43.333333333333336
9,2026-07-30,2026-08-04,TREND_UP,intelligence_score,liquidity_score,LOW,LOW,30,UP,43.333333333333336,43.39869281045752,-0.06535947712418277,1.0323333333333333,0.392,23.333333333333332,33.33333333333333,43.333333333333336
9,2026-07-30,2026-08-04,TREND_UP,intelligence_score,liquidity_score,LOW,HIGH,38,DOWN,42.10526315789473,42.169934640522875,-0.06467148262814248,0.6192473684210524,-0.22035,42.10526315789473,21.052631578947366,36.84210526315789
9,2026-07-30,2026-08-04,TREND_UP,intelligence_score,liquidity_score,HIGH,LOW,31,UP,41.935483870967744,43.39869281045752,-1.463208939489774,0.8233161290322581,-0.0255,38.70967741935484,19.35483870967742,41.935483870967744
9,2026-07-30,2026-08-04,TREND_UP,intelligence_score,liquidity_score,HIGH,HIGH,91,UP,45.05494505494506,43.39869281045752,1.6562522444875383,0.572757142857143,0.2249,39.56043956043956,15.384615384615385,45.05494505494506
9,2026-07-30,2026-08-04,TREND_UP,relative_strength,trend_score,LOW,LOW,38,UP,42.10526315789473,43.39869281045752,-1.293429652562783,0.68085,0.28375,39.473684210526315,18.421052631578945,42.10526315789473
9,2026-07-30,2026-08-04,TREND_UP,relative_strength,trend_score,LOW,HIGH,69,UP,52.17391304347826,43.39869281045752,8.775220233020741,1.0956420289855073,0.7202,27.536231884057973,20.28985507246377,52.17391304347826
9,2026-07-30,2026-08-04,TREND_UP,relative_strength,trend_score,HIGH,LOW,24,DOWN,50.0,42.169934640522875,7.830065359477123,0.32992916666666666,-0.65055,50.0,20.833333333333336,29.166666666666668
9,2026-07-30,2026-08-04,TREND_UP,relative_strength,trend_score,HIGH,HIGH,59,DOWN,42.3728813559322,42.169934640522875,0.20294671540932452,0.3856813559322035,-0.1372,42.3728813559322,20.33898305084746,37.28813559322034
9,2026-07-30,2026-08-04,TREND_UP,relative_strength,momentum_score,LOW,LOW,50,UP,44.0,43.39869281045752,0.6013071895424826,0.9412200000000002,0.3109,32.0,24.0,44.0
9,2026-07-30,2026-08-04,TREND_UP,relative_strength,momentum_score,LOW,HIGH,57,UP,52.63157894736842,43.39869281045752,9.232886136910901,0.9545719298245613,0.7202,31.57894736842105,15.789473684210526,52.63157894736842
9,2026-07-30,2026-08-04,TREND_UP,relative_strength,momentum_score,HIGH,HIGH,79,DOWN,43.037974683544306,42.169934640522875,0.8680400430214286,0.43176708860759494,-0.1919,43.037974683544306,20.253164556962027,36.708860759493675
9,2026-07-30,2026-08-04,TREND_UP,relative_strength,volatility_score,LOW,LOW,55,UP,47.27272727272727,43.39869281045752,3.874034462269754,0.7962527272727273,0.3489,36.36363636363637,16.363636363636363,47.27272727272727
9,2026-07-30,2026-08-04,TREND_UP,relative_strength,volatility_score,LOW,HIGH,52,UP,50.0,43.39869281045752,6.601307189542482,1.1091865384615383,0.5251,26.923076923076923,23.076923076923077,50.0
9,2026-07-30,2026-08-04,TREND_UP,relative_strength,volatility_score,HIGH,LOW,49,DOWN,46.93877551020408,42.169934640522875,4.768840869681207,0.20752040816326522,-0.4729,46.93877551020408,16.3265306122449,36.734693877551024
9,2026-07-30,2026-08-04,TREND_UP,relative_strength,volatility_score,HIGH,HIGH,34,DOWN,41.17647058823529,42.169934640522875,-0.9934640522875848,0.6030882352941177,-0.16285,41.17647058823529,26.47058823529412,32.35294117647059
9,2026-07-30,2026-08-04,TREND_UP,relative_strength,liquidity_score,LOW,LOW,37,UP,48.64864864864865,43.39869281045752,5.249955838191134,1.1913513513513514,0.4351,24.324324324324326,27.027027027027028,48.64864864864865
9,2026-07-30,2026-08-04,TREND_UP,relative_strength,liquidity_score,LOW,HIGH,70,UP,48.57142857142857,43.39869281045752,5.172735760971054,0.81988,0.377,35.714285714285715,15.714285714285714,48.57142857142857
9,2026-07-30,2026-08-04,TREND_UP,relative_strength,liquidity_score,HIGH,LOW,24,DOWN,41.66666666666667,42.169934640522875,-0.5032679738562085,0.5172,-0.3709,41.66666666666667,25.0,33.33333333333333
9,2026-07-30,2026-08-04,TREND_UP,relative_strength,liquidity_score,HIGH,HIGH,59,DOWN,45.76271186440678,42.169934640522875,3.592777223883903,0.3095033898305084,-0.1919,45.76271186440678,18.64406779661017,35.59322033898305
9,2026-07-30,2026-08-04,TREND_UP,trend_score,momentum_score,LOW,LOW,31,DOWN,41.935483870967744,42.169934640522875,-0.23445076955513344,0.511816129032258,-0.0739,41.935483870967744,22.58064516129032,35.483870967741936
9,2026-07-30,2026-08-04,TREND_UP,trend_score,momentum_score,LOW,HIGH,31,DOWN,45.16129032258064,42.169934640522875,2.991355682057767,0.5782032258064516,-0.2689,45.16129032258064,16.129032258064516,38.70967741935484
9,2026-07-30,2026-08-04,TREND_UP,trend_score,momentum_score,HIGH,LOW,23,UP,47.82608695652174,43.39869281045752,4.427394146064223,1.2068956521739131,0.4351,26.08695652173913,26.08695652173913,47.82608695652174
9,2026-07-30,2026-08-04,TREND_UP,trend_score,momentum_score,HIGH,HIGH,105,UP,44.761904761904766,43.39869281045752,1.3632119514472463,0.6723419047619048,0.2077,36.19047619047619,19.047619047619047,44.761904761904766
9,2026-07-30,2026-08-04,TREND_UP,trend_score,volatility_score,LOW,LOW,38,DOWN,47.368421052631575,42.169934640522875,5.198486412108699,0.21246315789473685,-0.4869,47.368421052631575,18.421052631578945,34.21052631578947
9,2026-07-30,2026-08-04,TREND_UP,trend_score,volatility_score,LOW,HIGH,24,UP,41.66666666666667,43.39869281045752,-1.732026143790849,1.0715416666666666,0.28375,37.5,20.833333333333336,41.66666666666667
9,2026-07-30,2026-08-04,TREND_UP,trend_score,volatility_score,HIGH,LOW,66,UP,46.96969696969697,43.39869281045752,3.571004159239455,0.6952848484848484,0.18635000000000002,37.878787878787875,15.151515151515152,46.96969696969697
9,2026-07-30,2026-08-04,TREND_UP,trend_score,volatility_score,HIGH,HIGH,62,UP,43.54838709677419,43.39869281045752,0.14969428631667614,0.8462209677419356,0.24035,30.64516129032258,25.806451612903224,43.54838709677419
9,2026-07-30,2026-08-04,TREND_UP,trend_score,liquidity_score,LOW,HIGH,49,DOWN,46.93877551020408,42.169934640522875,4.768840869681207,0.27950000000000014,-0.4861,46.93877551020408,16.3265306122449,36.734693877551024
9,2026-07-30,2026-08-04,TREND_UP,trend_score,liquidity_score,HIGH,LOW,48,UP,43.75,43.39869281045752,0.3513071895424824,0.7582854166666667,0.20655,31.25,25.0,43.75
9,2026-07-30,2026-08-04,TREND_UP,trend_score,liquidity_score,HIGH,HIGH,80,UP,46.25,43.39869281045752,2.8513071895424846,0.7744600000000001,0.24795,36.25,17.5,46.25
9,2026-07-30,2026-08-04,TREND_UP,momentum_score,volatility_score,LOW,LOW,24,DOWN,45.83333333333333,42.169934640522875,3.6633986928104543,0.8102625000000002,-0.3415,45.83333333333333,12.5,41.66666666666667
9,2026-07-30,2026-08-04,TREND_UP,momentum_score,volatility_score,LOW,HIGH,30,UP,40.0,43.39869281045752,-3.3986928104575154,0.8059533333333334,0.28375,26.666666666666668,33.33333333333333,40.0
9,2026-07-30,2026-08-04,TREND_UP,momentum_score,volatility_score,HIGH,LOW,80,UP,42.5,43.39869281045752,-0.8986928104575187,0.43145124999999995,-0.08105000000000001,40.0,17.5,42.5
9,2026-07-30,2026-08-04,TREND_UP,momentum_score,volatility_score,HIGH,HIGH,56,UP,44.642857142857146,43.39869281045752,1.2441643323996276,0.9643589285714286,0.2163,35.714285714285715,19.642857142857142,44.642857142857146
9,2026-07-30,2026-08-04,TREND_UP,momentum_score,liquidity_score,LOW,HIGH,36,DOWN,44.44444444444444,42.169934640522875,2.274509803921565,0.33479444444444445,-0.19190000000000002,44.44444444444444,19.444444444444446,36.11111111111111
9,2026-07-30,2026-08-04,TREND_UP,momentum_score,liquidity_score,HIGH,LOW,43,UP,39.53488372093023,43.39869281045752,-3.8638090895272867,0.5795465116279069,-0.2625,37.2093023255814,23.25581395348837,39.53488372093023
9,2026-07-30,2026-08-04,TREND_UP,momentum_score,liquidity_score,HIGH,HIGH,93,UP,45.16129032258064,43.39869281045752,1.7625975121231263,0.6838677419354838,0.2249,38.70967741935484,16.129032258064516,45.16129032258064
9,2026-07-30,2026-08-04,TREND_UP,volatility_score,liquidity_score,LOW,LOW,28,DOWN,53.57142857142857,42.169934640522875,11.401493930905692,0.20286071428571426,-0.6077999999999999,53.57142857142857,14.285714285714285,32.142857142857146
9,2026-07-30,2026-08-04,TREND_UP,volatility_score,liquidity_score,LOW,HIGH,76,UP,46.05263157894737,43.39869281045752,2.6539387684898497,0.6352934210526316,0.18635000000000002,36.84210526315789,17.105263157894736,46.05263157894737
9,2026-07-30,2026-08-04,TREND_UP,volatility_score,liquidity_score,HIGH,LOW,33,UP,51.515151515151516,43.39869281045752,8.116458704693997,1.5397787878787876,0.6151,12.121212121212121,36.36363636363637,51.515151515151516
9,2026-07-30,2026-08-04,TREND_UP,volatility_score,liquidity_score,HIGH,HIGH,53,DOWN,45.28301886792453,42.169934640522875,3.1130842274016524,0.5164150943396226,-0.1754,45.28301886792453,16.9811320754717,37.735849056603776
